Website,Component
www.cdse.edu,
www.ndu.edu,
cic.ndu.edu,
www.usmcu.edu,
jfsc.ndu.edu,
pavilion.dinfos.edu,
dodmwrandresalepolicy.defense.gov,
dbb.defense.gov,
actuary.defense.gov,
dodsioo.defense.gov,
www.nro.gov,
dpcld.defense.gov,
nmio.ise.gov,
armedforcessports.defense.gov,
business.defense.gov,
dcips.defense.gov,
2021dodtransition.defense.gov,
www.cmts.gov,
basicresearch.defense.gov,
www.whs.mil ,Washington HQ Services
www.asbca.mil,
www.cac.mil,
www.dia.mil,
www.dodmantech.mil,
www.inherentresolve.mil,
www.sigar.mil,
www.unc.mil,
www.lrd.usace.army.mil,Army
www.skysoldiers.army.mil,Army
www.nau.usace.army.mil,Army
www.nao.usace.army.mil,Army
www.amc.army.mil,Army
ok.ng.mil,Army
www.arnorth.army.mil,Army
ky.ng.mil,Army
www.tad.usace.army.mil,Army
www.mvd.usace.army.mil,Army
www.41fab.army.mil,Army
www.mvn.usace.army.mil,Army
minationalguard.dodlive.mil,Army
www.ftig.ng.mil,Army
www.lre.usace.army.mil,Army
wi.ng.mil,Army
www.arcyber.army.mil,Army
al.ng.mil,Army
www.afsbeurope.army.mil,Army
www.europeafrica.army.mil,Army
www.2sigbde.army.mil,Army
www.smdc.army.mil,Army
www.wv.ng.mil,Army
aec.army.mil,Army
www.poj.usace.army.mil,Army
h2f.army.mil,Army
www.il.ngb.army.mil,Army
www.mvk.usace.army.mil,Army
wrair.health.mil,Army
www.asc-406-lrc-belvoir.army.mil,Army
www.56ac.army.mil,Army
11thairbornedivision.army.mil,Army
www.nationalguard.mil,Army
www.nwk.usace.army.mil,Army
www.20cbrne.army.mil,Army
fl.ng.mil,Army
www.21tsc.army.mil,Army
www.forscom.army.mil,Army
www.nwo.usace.army.mil,Army
www.spl.usace.army.mil,Army
peoc3n.army.mil,Army
www.68tmc.army.mil,Army
www.1stio.army.mil,Army
www.nwd.usace.army.mil,Army
www.edis.army.mil,Army
nv.ng.mil,Army
www.saw.usace.army.mil,Army
www.sac.usace.army.mil,Army
www.t2.army.mil,Army
www.nwp.usace.army.mil,Army
www.cid.army.mil,Army
www.ncoworldwide.army.mil,Army
www.de.ng.mil,Army
www.usanca.army.mil,Army
www.swl.usace.army.mil,Army
www.usar.army.mil,Army
www.2id.korea.army.mil,Army
www.agc.army.mil,Army
www.usace.army.mil,Army
co.ng.mil,Army
efmp.amedd.army.mil,Army
arkansas.nationalguard.mil,Army
www.dcsa.mil,DCSA
www.dfas.mil,Defense Finance and Accounting Service
quantico.tricare.mil,Defense Health Agency
rodriguez.tricare.mil,Defense Health Agency
corpuschristi.tricare.mil,Defense Health Agency
barquist.tricare.mil,Defense Health Agency
tripler.tricare.mil,Defense Health Agency
afrims.health.mil,Defense Health Agency
diegogarcia.tricare.mil,Defense Health Agency
mcdonald.tricare.mil,Defense Health Agency
newsroom.tricare.mil,Defense Health Agency
sigonella.tricare.mil,Defense Health Agency
raymond-bliss.tricare.mil,Defense Health Agency
bassett-wainwright.tricare.mil,Defense Health Agency
bamc.tricare.mil,Defense Health Agency
dunham.tricare.mil,Defense Health Agency
walterreed.tricare.mil,Defense Health Agency
william-beaumont.tricare.mil,Defense Health Agency
camp-pendleton.tricare.mil,Defense Health Agency
newengland.tricare.mil,Defense Health Agency
bremerton.tricare.mil,Defense Health Agency
leonard-wood.tricare.mil,Defense Health Agency
ireland.tricare.mil,Defense Health Agency
womack.tricare.mil,Defense Health Agency
lemoore.tricare.mil,Defense Health Agency
phcp.health.mil,Defense Health Agency
aviano.tricare.mil,Defense Health Agency
darnall.tricare.mil,Defense Health Agency
airforceacademy.tricare.mil,Defense Health Agency
portsmouth.tricare.mil,Defense Health Agency
rafalconbury.tricare.mil,Defense Health Agency
www.hacc.mil,Defense Information Systems Agency
www.dla.mil,Defense Logistics Agency
tasa.dma.mil,Defense Media Activity
pacific.afn.mil,Defense Media Activity
europe.afn.mil,Defense Media Activity
www.forcecom.uscg.mil,U.S. Coast Guard
reserve.uscg.mil,U.S. Coast Guard
www.pacificarea.uscg.mil,U.S. Coast Guard
www.uscg.mil,U.S. Coast Guard
www.dco.uscg.mil,U.S. Coast Guard
www.atlanticarea.uscg.mil,U.S. Coast Guard
www.news.uscg.mil,U.S. Coast Guard
www.4thmcd.marines.mil,U.S. Marine Corps
www.mcbblaz.marines.mil,U.S. Marine Corps
www.cdi.marines.mil,U.S. Marine Corps
www.ocs.marines.mil,U.S. Marine Corps
www.3rdmaw.marines.mil,U.S. Marine Corps
www.mcrc.marines.mil,U.S. Marine Corps
www.cbirf.marines.mil,U.S. Marine Corps
www.tf515.marines.mil,U.S. Marine Corps
www.matsg22.marines.mil,U.S. Marine Corps
www.1stmardiv.marines.mil,U.S. Marine Corps
www.marfork.marines.mil,U.S. Marine Corps
www.fitness.marines.mil,U.S. Marine Corps
www.soieast.marines.mil,U.S. Marine Corps
www.beaufort.marines.mil,U.S. Marine Corps
www.22ndmeu.marines.mil,U.S. Marine Corps
www.vlco.marines.mil,U.S. Marine Corps
www.imef.marines.mil,U.S. Marine Corps
www.iimef.marines.mil,U.S. Marine Corps
www.mcic.marines.mil,U.S. Marine Corps
www.tecom.marines.mil,U.S. Marine Corps
www.hqmc.marines.mil,U.S. Marine Corps
www.31stmeu.marines.mil,U.S. Marine Corps
www.music.marines.mil,U.S. Marine Corps
www.dso.marines.mil,U.S. Marine Corps
www.12thmcd.marines.mil,U.S. Marine Corps
www.mcrdpi.marines.mil,U.S. Marine Corps
www.clr2.marines.mil,U.S. Marine Corps
www.dpc-east.marines.mil,U.S. Marine Corps
www.mcbhawaii.marines.mil,U.S. Marine Corps
www.pendleton.marines.mil,U.S. Marine Corps
www.29palms.marines.mil,U.S. Marine Corps
www.mcasyuma.marines.mil,U.S. Marine Corps
www.15thmeu.marines.mil,U.S. Marine Corps
www.bic.marines.mil,U.S. Marine Corps
www.trngcmd.marines.mil,U.S. Marine Corps
www.mcieast.marines.mil,U.S. Marine Corps
www.1stmaw.marines.mil,U.S. Marine Corps
www.ppo.marines.mil,U.S. Marine Corps
www.igmc.marines.mil,U.S. Marine Corps
www.12thmlr.marines.mil,U.S. Marine Corps
www.matsg21.marines.mil,U.S. Marine Corps
www.mctssa.marines.mil,U.S. Marine Corps
www.1stmcd.marines.mil,U.S. Marine Corps
www.3rdmeb.marines.mil,U.S. Marine Corps
www.tbs.marines.mil,U.S. Marine Corps
www.newriver.marines.mil,U.S. Marine Corps
www.2ndmeb.marines.mil,U.S. Marine Corps
www.esd.whs.mil,Washington HQ Services
pac.whs.mil,Washington HQ Services
www.jber.jb.mil,
at.dod.mil,
www.jbcharleston.jb.mil,
www.jble.af.mil,
www.cultureready.mil,
warriorcare.dodlive.mil,
www.jbab.jb.mil,
www.2ndmarines.marines.mil,
www.amc.af.mil,
cnrk.cnic.navy.mil,
www.sigar.mil,
www.dyess.af.mil,
www.pod.usace.army.mil,
www.airforcespecialtactics.af.mil,
desmond-doss.tricare.mil,
www.913ag.afrc.af.mil,
www.barracks.marines.mil,
www.moguard.ngb.mil,
www.mcipac.marines.mil,
www.nwdc.usff.navy.mil,
www.woundedwarrior.marines.mil,
www.jtnc.mil,
www.marineband.marines.mil,
www.lineofdeparture.army.mil,
guam.tricare.mil,
www.afcent.af.mil,
www.mcwl.marines.mil,
www.miramar.marines.mil,
www.109aw.ang.af.mil,
www.2ndmaw.marines.mil,
www.125fw.ang.af.mil,
www.433aw.afrc.af.mil,
sandiego.tricare.mil,
www.3rdmlr.marines.mil,
www.navifor.usff.navy.mil,
www.20af.af.mil,
www.dsp.dla.mil,
www.624rsg.afrc.af.mil,
www.3rdmarines.marines.mil,
www.167aw.ang.af.mil,
www.mvr.usace.army.mil,
www.dafhistory.af.mil,
www.doctrine.af.mil,
www.peostri.army.mil,
www.lejeune.marines.mil,
www.919sow.afrc.af.mil,
www.navyclosuretaskforce.navy.mil,
lyster.tricare.mil,
frcsw.navair.navy.mil,
www.safia.hq.af.mil,
www.189aw.ang.af.mil,
www.afdw.af.mil,
www.107attackwing.ang.af.mil,
www.ssc.spaceforce.mil,
www.spk.usace.army.mil,
usapc.army.mil,
www.mcmwtc.marines.mil,
www.mortuary.af.mil,
www.144fw.ang.af.mil,
www.vcorps.army.mil,
www.mcaspendleton.marines.mil,
briandallgood.tricare.mil,
www.housing.af.mil,
www.asbca.mil,
www.195wg.ang.af.mil,
www.acc.af.mil,
www.fmtbnwest.marines.mil,
weed-irwin.tricare.mil,
www.marcorsyscom.marines.mil,
www.spn.usace.army.mil,
rota.tricare.mil,
www.drumcorps.marines.mil,
www.512aw.afrc.af.mil,
www.3rdmlg.marines.mil,
www.scientificadvisoryboard.af.mil,
www.mvm.usace.army.mil,
www.aaro.mil,
www.188wg.ang.af.mil,
www.ccad.army.mil,
www.mcasiwakuni.marines.mil,
www.mcrdsd.marines.mil,
www.jba.af.mil,
www.10thmarines.marines.mil,
altus.tricare.mil,
www.spoc.spaceforce.mil,
www.pacom.mil,
innovation.army.mil,
beaufort.tricare.mil,
www.navyreserve.navy.mil,
www.cnrc.navy.mil,
www.131bw.ang.af.mil,
www.music.af.mil,
www.154wg.ang.af.mil,
cjsl.ndu.edu,
www.test-evaluation.osd.mil,
www.3rdmardiv.marines.mil,
www.jcu.mil,
www.jtfn.northcom.mil,
www.malmstrom.af.mil,
www.aschq.army.mil,
www.492sow.af.mil,
www.arcp.army.mil,
www.buckley.spaceforce.mil,
irwin.tricare.mil,
www.jpeocbrnd.osd.mil,
www.aflink-test.mil,
annapolis.tricare.mil,
www.information.marines.mil,
www.179cw.ang.af.mil,
calmed.tricare.mil,
www.mcis.marines.mil,
www.me.ng.mil,
www.926wing.afrc.af.mil,
cnreurafcent.cnic.navy.mil,
www.ukraineoversight.gov,
www.airforcemedicine.af.mil,
shoc.af.mil,
www.aiaccelerator.af.mil,
www.nab.usace.army.mil,
vi.ng.mil,
www.102iw.ang.af.mil,
www.163atkw.ang.af.mil,
www.104fw.ang.af.mil,
www.136aw.ang.af.mil,
jacksonville.tricare.mil,
vt.public.ng.mil,
www.pa.ng.mil,
www.186arw.ang.af.mil,
comptroller.defense.gov,
jsc.defense.gov,
www.302aw.afrc.af.mil,
www.aviation.marines.mil,
www.trademark.marines.mil,
campedwards.ng.mil,
www.194wg.ang.af.mil,
www.aepubs.eur.army.mil,
publications.armywarcollege.edu,
www.477fg.afrc.af.mil,
www.saj.usace.army.mil,
www.necc.usff.navy.mil,
www.altus.af.mil,
sd.ng.mil,
www.37trw.af.mil,
www.nap.usace.army.mil,
www.amlc.army.mil,
www.navwar.navy.mil,
redstone.tricare.mil,
www.starcom.spaceforce.mil,
www.honorguard.af.mil,
www.cloud.mil,
www.petersonschriever.spaceforce.mil,
southcomclinic.tricare.mil,
www.161arw.ang.af.mil,
www.15af.acc.af.mil,
www.jwac.mil,
www.192wg.ang.af.mil,
www.cmc.marines.mil,
www.travis.af.mil,
www.erdc.usace.army.mil,
www.nationalmuseum.af.mil,
cyber.army.mil,
www.126arw.ang.af.mil,
www.albany.marines.mil,
www.shaw.af.mil,
www.afams.af.mil,
www.dhra.mil,
www.defensesbirsttr.mil,
www.dspo.mil,
www.mccsss.marines.mil,
winn.tricare.mil,
www.intelligence.marines.mil,
vwac.defense.gov,
daaf-wx.army.mil,
www.ar.marines.mil,
innovation.defense.gov,
www.1stmlg.marines.mil,
www.172aw.ang.af.mil,
columbus.tricare.mil,
www.ncis.navy.mil,
www.wads.ang.af.mil,
www.dcaa.mil,
www.publications.usace.army.mil,
www.adr.af.mil,
www.cnmoc.usff.navy.mil,
dodcio.defense.gov,
www.pope.af.mil,
wrightpatterson.tricare.mil,
www.2ndmlg.marines.mil,
www.osan.af.mil,
www.nasic.af.mil,
www.dia.mil,
cnrsw.cnic.navy.mil,
www.ttgp.navy.mil,
www.mclbbarstow.marines.mil,
www.nsw.navy.mil,
www.6thmarines.marines.mil,
www.sja.marines.mil,
www.creech.af.mil,
www.c6f.navy.mil,
www.edwards.af.mil,
ga.ng.mil,
www.niwcatlantic.navy.mil,
wmdcenter.ndu.edu,
www.scguard.ng.mil,
blanchfield.tricare.mil,
www.alssa.mil,
www.ready.marines.mil,
www.ramstein.af.mil,
www.507arw.afrc.af.mil,
www.ngbpmc.ng.mil,
www.182aw.ang.af.mil,
www.safie.hq.af.mil,
www.usarcent.army.mil,
www.first.army.mil,
cybercoe.army.mil,
www.53rdwing.af.mil,
www.afmaa.af.mil,
www.940arw.afrc.af.mil,
www.nae.usace.army.mil,
www.mildenhall.af.mil,
cnrh.cnic.navy.mil,
phceast.health.mil,
www.quantico.marines.mil,
www.bracpmo.navy.mil,
www.retirees.af.mil,
www.csp.navy.mil,
www.afsoc.af.mil,
www.mcjrotc.marines.mil,
www.kunsan.af.mil,
www.166aw.ang.af.mil,
www.iandl.marines.mil,
www.airforcebes.af.mil,
www.andersen.af.mil,
www.jblmdesignstandards.army.mil,
www.340ftg.afrc.af.mil,
ct.ng.mil,
ctip.defense.gov,
www.avmc.army.mil,
www.dover.af.mil,
pensacola.tricare.mil,
paxriver.tricare.mil,
munson.tricare.mil,
www.ai.mil,
pacific.navfac.navy.mil,
www.aflcmc.af.mil,
dodcertpmo.defense.gov,
www.swt.usace.army.mil,
www.mynavyhr.navy.mil,
www.vance.af.mil,
ri.ng.mil,
www.13thmeu.marines.mil,
myafn.dodlive.mil,
www.usafmcom.army.mil,
ncc.navfac.navy.mil,
moncrief.tricare.mil,
www.hanscom.af.mil,
www.310sw.afrc.af.mil,
www.403wg.afrc.af.mil,
www.whs.mil,
www.mepcom.army.mil,
www.marforeur.marines.mil,
www.145aw.ang.af.mil,
ne.ng.mil,
www.134arw.ang.af.mil,
www.safety.marines.mil,
jtfncr.mdw.army.mil,
www.184iw.ang.af.mil,
www.16af.af.mil,
www.18af.amc.af.mil,
www.9thmcd.marines.mil,
www.spangdahlem.af.mil,
www.169fw.ang.af.mil,
www.mcchord.af.mil,
www.148fw.ang.af.mil,
www.secretsdeclassified.af.mil,
navalaviationnews.navylive.dodlive.mil,
www.dcma.mil,
www.marines.mil,
www.301fw.afrc.af.mil,
www.jecc.ustranscom.mil,
www.prs.mil,
afaccessionscenter.af.mil,
www.8thmcd.marines.mil,
www.124thfighterwing.ang.af.mil,
www.safcn.af.mil,
www.141arw.ang.af.mil,
www.139aw.ang.af.mil,
www.1af.acc.af.mil,
www.315aw.afrc.af.mil,
www.afcec.af.mil,
www.178wing.ang.af.mil,
www.132dwing.ang.af.mil,
www.119wg.ang.af.mil,
www.187fw.ang.af.mil,
www.pscc.army.mil,
www.sam.usace.army.mil,
ncopdd.edu,
oakharbor.tricare.mil,
www.armyupress.army.mil,
www.fmtbneast.marines.mil,
va.ng.mil,
cnrnw.cnic.navy.mil,
www.cac.mil,
www.afmc.af.mil,
rader.tricare.mil,
www.peomlb.navy.mil,
www.cprw1.navy.mil,
mrc-europe.army.mil,
www.mcaf.marines.mil,
www.usarj.army.mil,
www.clwp.navy.mil,
www.macdill.af.mil,
www.aetc.af.mil,
bg-crawford.tricare.mil,
www.cusnc.navy.mil,
www.26thmeu.marines.mil,
www.afinspectorgeneral.af.mil,
www.nan.usace.army.mil,
www.swf.usace.army.mil,
www.180fw.ang.af.mil,
www.nia.navy.mil,
www.151wg.af.mil,
www.wtbn.marines.mil,
rfpb.defense.gov,
cnrj.cnic.navy.mil,
www.dma.mil,
webtraining.dma.mil,
www.navsup.navy.mil,
www.grandforks.af.mil,
www.miramar-ems.marines.mil,
www.115fw.ang.af.mil,
www.dodcui.mil,
www.152aw.ang.af.mil,
www.alpenacrtc.ang.af.mil,
www.dinfos.dma.mil,
mhs-europe.tricare.mil,
open.defense.gov,
www.afsouth.af.mil,
www.121arw.ang.af.mil,
nh.ng.mil,
www.dsca.mil,
www.12cab.army.mil,
www.105aw.ang.af.mil,
www.angtec.ang.af.mil,
sfb.dodlive.mil,
enterprisemanagement.army.mil,
www.cybercom.mil,
www.peogcs.army.mil,
www.mcesg.marines.mil,
www.113wg.ang.af.mil,
camp-lejeune.tricare.mil,
www.usainscom.army.mil,
www.pfpa.mil,
landstuhl.tricare.mil,
www.marforres.marines.mil,
www.metc.mil,
keller.tricare.mil,
www.niwcpacific.navy.mil,
www.arsouth.army.mil,
www.airpac.navy.mil,
2025dodtransition.defense.gov,
www.financialfrontline.mil,
nellis.tricare.mil,
travis.tricare.mil,
martin.tricare.mil,
j9.nv.ng.mil,
www.marcent.marines.mil,
www.usarpac.army.mil,
www.navfac.navy.mil,
www.goarmysof.army.mil,
www.manpower.marines.mil,
doha.ogc.osd.mil,
www.cherrypoint.marines.mil,
www.mccog.marines.mil,
www.2cr.army.mil,
www.1id.army.mil,
twentynine-palms.tricare.mil,
www.dodig.mil,
www.navsea.navy.mil,
www.7atc.army.mil,
eisenhower.tricare.mil,
www.c3f.navy.mil,
www.asafm.army.mil,
www.kadena.af.mil,
ak.ng.mil,
kenner.tricare.mil,
www.rmc.usace.army.mil,
smtc.dodlive.mil,
www.marforpac.marines.mil,
www.171arw.ang.af.mil,
jrm.cnic.navy.mil,
nhc-charleston.tricare.mil,
www.dodclearinghouse.osd.mil,
www.med.navy.mil,
www.fuji.marines.mil,
www.59mdw.af.mil,
www.11thmeu.marines.mil,
www.nsa.gov,
www.marsoc.marines.mil,
www.sapr.mil,
www.swcs.mil,
fewarren.tricare.mil,
www.10thaamdc.army.mil,
www.tobyhanna.army.mil,
ipps-a.army.mil,
www.6thmcd.marines.mil,
www.mcbbutler.marines.mil,
www.nepa.navy.mil,
www.band.eur.army.mil,
www.cotf.navy.mil,
www.mces.marines.mil,
bayne-jones.tricare.mil,
cherrypoint.tricare.mil,
www.amcom.army.mil,
jpeoaa.army.mil,
cyberdefensereview.army.mil,
ig.army.mil,
asb.army.mil,
dc.ng.mil,
belvoirhospital.tricare.mil,
wilfordhall.tricare.mil,
www.iiimef.marines.mil,
okinawa.tricare.mil,
www.usanato.army.mil,
www.inherentresolve.mil,
www.1tsc.army.mil,
www.peols.marines.mil,
guthrie.tricare.mil,
www.netcom.army.mil,
www.ewtgpac.navy.mil,
www.lawenforcement.marines.mil,
www.prevention.mil,
ssi.armywarcollege.edu,Army
casl.ndu.edu,DoD
cisa.ndu.edu,DoD
es.ndu.edu,DoD
inss.ndu.edu,DoD
ismo.ndu.edu,DoD
keystone.ndu.edu,Joint Chiefs of Staff
ndupress.ndu.edu,Joint Chiefs of Staff
nwc.ndu.edu,Joint Chiefs of Staff
pinnacle.ndu.edu,DoD
capstone.ndu.edu,Joint Chiefs of Staff
rcnsc.ndu.edu,Joint Chiefs of Staff
www.defense.gov,Defense Media Activity
afd.defense.gov,DoD
dacowits.defense.gov,DoD
dam.defense.gov,DoD
data.defense.gov,DoD
diversity.defense.gov,DoD
dod.defense.gov,DoD
dpac.defense.gov,DoD
execsec.defense.gov,DoD
history.defense.gov,DoD
irt.defense.gov,DoD
jamrs.defense.gov,DoD
jifco.defense.gov,DoD
la.defense.gov,Defense Health Agency
militarypay.defense.gov,DOD
minerva.defense.gov,DoD
oig.nsa.gov,National Security Agency
ousdi.defense.gov,DoD
pclt.defense.gov,DoD
policy.defense.gov,DoD
prhome.defense.gov,DoD
valor.defense.gov,DoD
www.dodnafaccounting.defense.gov,DoD
www.ngfamily.vt.gov ,National Guard
daflearning.af.mil,U.S. Air Force
www.incirlik.af.mil,U.S. Air Force
ww3.safaq.hq.af.mil,U.S. Air Force
www.101arw.ang.af.mil,U.S. Air Force
www.103aw.ang.af.mil,U.S. Air Force
www.106rqw.ang.af.mil,U.S. Air Force
www.108thwing.ang.af.mil ,U.S. Air Force
www.10af.afrc.af.mil,U.S. Air Force
www.110wg.ang.af.mil,U.S. Air Force
www.111attackwing.ang.af.mil,U.S. Air Force
www.114fw.ang.af.mil,U.S. Air Force
www.116acw.ang.af.mil,U.S. Air Force
www.117arw.ang.af.mil,U.S. Air Force
www.118wg.ang.af.mil,U.S. Air Force
www.120thairliftwing.ang.af.mil,U.S. Air Force
www.122fw.ang.af.mil,U.S. Air Force
www.123aw.ang.af.mil,U.S. Air Force
www.126arw.ang.af.mil,U.S. Air Force
www.127wg.ang.af.mil,U.S. Air Force
www.128arw.ang.af.mil,U.S. Air Force
www.129rqw.ang.af.mil,U.S. Air Force
www.12ftw.af.mil,U.S. Air Force
www.130aw.ang.af.mil,U.S. Air Force
www.133aw.ang.af.mil,U.S. Air Force
www.137sow.ang.af.mil,U.S. Air Force
www.138fw.ang.af.mil ,U.S. Air Force
www.140wg.ang.af.mil,U.S. Air Force
www.142wg.ang.af.mil,U.S. Air Force
www.143aw.ang.af.mil,U.S. Air Force
www.146aw.ang.af.mil,U.S. Air Force
www.147atkw.ang.af.mil,U.S. Air Force
www.149fw.ang.af.mil,U.S. Air Force
www.150sow.ang.af.mil,U.S. Air Force
www.151arw.ang.af.mil,U.S. Air Force
www.153aw.ang.af.mil,U.S. Air Force
www.155arw.ang.af.mil,U.S. Air Force
www.156wg.ang.af.mil,U.S. Air Force
www.157arw.ang.af.mil,U.S. Air Force
www.158fw.ang.af.mil,U.S. Air Force
www.159fw.ang.af.mil,U.S. Air Force
www.15wing.af.mil,U.S. Air Force
www.162wing.ang.af.mil,U.S. Air Force
www.164aw.ang.af.mil,U.S. Air Force
www.165aw.ang.af.mil,U.S. Air Force
www.168wg.ang.af.mil ,U.S. Air Force
www.16af.af.mil ,U.S. Air Force
www.173fw.ang.af.mil,U.S. Air Force
www.174attackwing.ang.af.mil,U.S. Air Force
www.175wg.ang.af.mil ,U.S. Air Force
www.176wg.ang.af.mil,U.S. Air Force
www.177fw.ang.af.mil,U.S. Air Force
www.181iw.ang.af.mil,U.S. Air Force
www.183wg.ang.af.mil,U.S. Air Force
www.185arw.ang.af.mil,U.S. Air Force
www.187fw.ang.af.mil ,U.S. Air Force
www.190arw.ang.af.mil,U.S. Air Force
www.193sow.ang.af.mil,U.S. Air Force
www.194wg.ang.af.mil ,U.S. Air Force
www.22af.afrc.af.mil,U.S. Air Force
www.2af.aetc.af.mil,U.S. Air Force
www.307bw.afrc.af.mil,U.S. Air Force
www.33fw.af.mil ,U.S. Air Force
www.340ftg.afrc.af.mil ,U.S. Air Force
www.349amw.afrc.af.mil,U.S. Air Force
www.350sww.af.mil,U.S. Air Force
www.352sow.af.mil,U.S. Air Force
www.353sow.af.mil,U.S. Air Force
www.388fw.acc.af.mil,U.S. Air Force
www.413ftg.afrc.af.mil ,U.S. Air Force
www.419fw.afrc.af.mil,U.S. Air Force
www.442fw.afrc.af.mil,U.S. Air Force
www.445aw.afrc.af.mil,U.S. Air Force
www.446aw.afrc.af.mil,U.S. Air Force
www.459arw.afrc.af.mil,U.S. Air Force
www.492sow.af.mil ,U.S. Air Force
www.4af.afrc.af.mil ,U.S. Air Force
www.501csw.usafe.af.mil,U.S. Air Force
www.505ccw.acc.af.mil,U.S. Air Force
www.514amw.afrc.af.mil,U.S. Air Force
www.521amow.af.mil,U.S. Air Force
www.53rdwing.af.mil ,U.S. Air Force
www.552acw.acc.af.mil,U.S. Air Force
www.557weatherwing.af.mil ,U.S. Air Force
www.5af.pacaf.af.mil,U.S. Air Force
www.7af.pacaf.af.mil,U.S. Air Force
www.8af.af.mil ,U.S. Air Force
www.908ftw.afrc.af.mil,U.S. Air Force
www.916arw.afrc.af.mil,U.S. Air Force
www.920rqw.afrc.af.mil,U.S. Air Force
www.927arw.afrc.af.mil,U.S. Air Force
www.931arw.afrc.af.mil,U.S. Air Force
www.932aw.afrc.af.mil,U.S. Air Force
www.944fw.afrc.af.mil,U.S. Air Force
www.960cyber.afrc.af.mil,U.S. Air Force
www.aatc.ang.af.mil,U.S. Air Force
www.af.mil,U.S. Air Force
www.afaa.af.mil,U.S. Air Force
www.afaccessionscenter.af.mil,U.S. Air Force
www.afgsc.af.mil,U.S. Air Force
www.afhistory.af.mil,U.S. Air Force
www.afhistoryandmuseums.af.mil,U.S. Air Force
www.afhra.af.mil,U.S. Air Force
www.afimsc.af.mil,U.S. Air Force
www.afinspectorgeneral.af.mil ,U.S. Air Force
www.afjag.af.mil,U.S. Air Force
www.aflcmc.af.mil ,U.S. Air Force
www.afmaa.af.mil ,U.S. Air Force
www.afnwc.af.mil,U.S. Air Force
www.afotec.af.mil,U.S. Air Force
www.afpc.af.mil,U.S. Air Force
www.afrc.af.mil,U.S. Air Force
www.afrl.af.mil,U.S. Air Force
www.afsc.af.mil,U.S. Air Force
www.afsfc.af.mil,U.S. Air Force
www.afsouth.af.mil,U.S. Air Force
www.aft3.af.mil ,U.S. Air Force
www.aftc.af.mil ,U.S. Air Force
www.airforcesmallbiz.af.mil ,U.S. Air Force
www.airforcespecialtactics.af.mil,U.S. Air Force
www.airman.af.mil,U.S. Air Force
www.airmanmagazine.af.mil,U.S. Air Force
www.airuniversity.af.edu ,U.S. Air Force
www.ang.af.mil,U.S. Air Force
www.arnold.af.mil ,U.S. Air Force
www.arpc.afrc.af.mil,U.S. Air Force
www.aviano.af.mil,U.S. Air Force
www.barksdale.af.mil,U.S. Air Force
www.basictraining.af.mil,U.S. Air Force
www.beale.af.mil,U.S. Air Force
www.beready.af.mil,U.S. Air Force
www.bmtflightphotos.af.mil,U.S. Air Force
www.cannon.af.mil,U.S. Air Force
www.columbus.af.mil,U.S. Air Force
www.data.af.mil,U.S. Air Force
www.dm.af.mil,U.S. Air Force
www.dobbins.afrc.af.mil,U.S. Air Force
www.doctrine.af.mil ,U.S. Air Force
www.eads.ang.af.mil,U.S. Air Force
www.edwards.af.mil,U.S. Air Force
www.eglin.af.mil,U.S. Air Force
www.eielson.af.mil,U.S. Air Force
www.ellsworth.af.mil,U.S. Air Force
www.e-publishing.af.mil,U.S. Air Force
www.expeditionarycenter.af.mil,U.S. Air Force
www.fairchild.af.mil,U.S. Air Force
www.foia.af.mil,U.S. Air Force
www.goodfellow.af.mil,U.S. Air Force
www.gosere.af.mil,U.S. Air Force
www.grissom.afrc.af.mil,U.S. Air Force
www.gulfportcrtc.ang.af.mil ,U.S. Air Force
www.hill.af.mil,U.S. Air Force
www.holloman.af.mil,U.S. Air Force
www.homestead.afrc.af.mil,U.S. Air Force
www.hqrio.afrc.af.mil,U.S. Air Force
www.hurlburt.af.mil,U.S. Air Force
www.jagreporter.af.mil,U.S. Air Force
www.jbmdl.jb.mil,U.S. Air Force
www.keesler.af.mil,U.S. Air Force
www.kirtland.af.mil,U.S. Air Force
www.lakenheath.af.mil,U.S. Air Force
www.laughlin.af.mil,U.S. Air Force
www.learningprofessionals.af.mil ,U.S. Air Force
www.littlerock.af.mil,U.S. Air Force
www.luke.af.mil,U.S. Air Force
www.march.afrc.af.mil,U.S. Air Force
www.maxwell.af.mil,U.S. Air Force
www.mcconnell.af.mil,U.S. Air Force
www.minneapolis.afrc.af.mil,U.S. Air Force
www.minot.af.mil,U.S. Air Force
www.misawa.af.mil,U.S. Air Force
www.modsim.af.mil,U.S. Air Force
www.moody.af.mil,U.S. Air Force
www.mountainhome.af.mil,U.S. Air Force
www.nellis.af.mil,U.S. Air Force
www.netcents.af.mil ,U.S. Air Force
www.niagara.afrc.af.mil,U.S. Air Force
www.njang.ang.af.mil,U.S. Air Force
www.offutt.af.mil,U.S. Air Force
www.osi.af.mil,U.S. Air Force
www.pacaf.af.mil,U.S. Air Force
www.pittsburgh.afrc.af.mil,U.S. Air Force
www.privacy.af.mil,U.S. Air Force
www.publicaffairs.af.mil,U.S. Air Force
www.resilience.af.mil ,U.S. Air Force
www.robins.af.mil,U.S. Air Force
www.safcn.af.mil,U.S. Air Force
www.safety.af.mil ,U.S. Air Force
www.saffm.hq.af.mil,U.S. Air Force
www.safgc.hq.af.mil,U.S. Air Force
www.safsq.hq.af.mil,U.S. Air Force
www.scientificadvisoryboard.af.mil,U.S. Air Force
www.scott.af.mil,U.S. Air Force
www.seymourjohnson.af.mil,U.S. Air Force
www.shadowsedge.mil ,U.S. Air Force
www.sheppard.af.mil,U.S. Air Force
www.shoc.af.mil,U.S. Air Force
www.specialwarfaretw.af.mil ,U.S. Air Force
www.studyguides.af.mil,U.S. Air Force
www.tesseract.af.mil,U.S. Air Force
www.tinker.af.mil,U.S. Air Force
www.torch.aetc.af.mil,U.S. Air Force
www.trademark.af.mil,U.S. Air Force
www.tyndall.af.mil,U.S. Air Force
www.usafa.af.mil,U.S. Air Force
www.usafe.af.mil,U.S. Air Force
www.veterans-in-blue.af.mil ,U.S. Air Force
www.volkfield.ang.af.mil,U.S. Air Force
www.warren.af.mil,U.S. Air Force
www.wavelength.af.mil,U.S. Air Force
www.westover.afrc.af.mil,U.S. Air Force
www.whiteman.af.mil,U.S. Air Force
www.woundedwarrior.af.mil,U.S. Air Force
www.wpafb.af.mil,U.S. Air Force
www.yokota.af.mil,U.S. Air Force
www.youngstown.afrc.af.mil,U.S. Air Force
ahrpo.army.mil,Army
eeo.amedd.army.mil,Army
history.army.mil,Army
innovation.army.mil,Army
mrdg.health.mil,Army
recruiting.army.mil,Army
usainscom.army.mil,Army
wrairafrica.health.mil,Army
wrairwest.health.mil,Army
www.19bcd.army.mil,Army
www.409csb.army.mil,Army
www.afod.eur.army.mil,Army
www.armyhealthfacilities.amedd.army.mil,Army
www.letterkenny.army.mil,Army
www.ncolcoe.army.mil,Army
www.peosoldier.army.mil,Army
www.psmagazine.army.mil,Army
www.agc.army.mil,USACE
www.erdc.usace.army.mil,USACE
www.hnc.usace.army.mil,USACE
www.iwr.usace.army.mil,USACE
www.lrb.usace.army.mil,USACE
www.lrc.usace.army.mil,USACE
www.lrd.usace.army.mil,USACE
www.lre.usace.army.mil,USACE
www.lrh.usace.army.mil,USACE
www.lrl.usace.army.mil,USACE
www.lrn.usace.army.mil,USACE
www.lrp.usace.army.mil,USACE
www.mvd.usace.army.mil,USACE
www.mvk.usace.army.mil,USACE
www.mvm.usace.army.mil,USACE
www.mvn.usace.army.mil,USACE
www.mvp.usace.army.mil,USACE
www.mvr.usace.army.mil,USACE
www.mvs.usace.army.mil,USACE
www.nab.usace.army.mil,USACE
www.nad.usace.army.mil,USACE
www.nae.usace.army.mil,USACE
www.nan.usace.army.mil,USACE
www.nao.usace.army.mil,USACE
www.nap.usace.army.mil,USACE
www.nwd.usace.army.mil,USACE
www.nwk.usace.army.mil,USACE
www.nwo.usace.army.mil,USACE
www.nwp.usace.army.mil,USACE
www.nws.usace.army.mil,USACE
www.nww.usace.army.mil,USACE
www.poa.usace.army.mil,USACE
www.pod.usace.army.mil,USACE
www.pof.usace.army.mil,USACE
www.poh.usace.army.mil,USACE
www.poj.usace.army.mil,USACE
www.publications.usace.army.mil,USACE
www.rmc.usace.army.mil ,USACE
www.saa.usace.army.mil,USACE
www.sac.usace.army.mil,USACE
www.sad.usace.army.mil,USACE
www.saj.usace.army.mil,USACE
www.sam.usace.army.mil,USACE
www.sas.usace.army.mil,USACE
www.saw.usace.army.mil,USACE
www.spa.usace.army.mil,USACE
www.spd.usace.army.mil,USACE
www.spk.usace.army.mil,USACE
www.spl.usace.army.mil,USACE
www.spn.usace.army.mil,USACE
www.swd.usace.army.mil,USACE
www.swf.usace.army.mil,USACE
www.swg.usace.army.mil,USACE
www.swl.usace.army.mil,USACE
www.swt.usace.army.mil,USACE
www.tam.usace.army.mil,USACE
www.usace.army.mil,USACE
www.dcms.uscg.mil,Coast Guard
www.history.uscg.mil,Coast Guard
www.mycg.uscg.mil,Coast Guard
www.reserve.uscg.mil,Coast Guard
AnacostiaBolling.tricare.mil,Defense Health Agency
andersen.tricare.mil,Defense Health Agency
andrews.tricare.mil,Defense Health Agency
barksdale.tricare.mil,Defense Health Agency
beale.tricare.mil,Defense Health Agency
buckley.tricare.mil,Defense Health Agency
cannon.tricare.mil,Defense Health Agency
charleston.tricare.mil,Defense Health Agency
davismonthan.tricare.mil,Defense Health Agency
dover.tricare.mil,Defense Health Agency
dyess.tricare.mil,Defense Health Agency
edwards.tricare.mil,Defense Health Agency
eglin.tricare.mil,Defense Health Agency
eielson.tricare.mil,Defense Health Agency
ellsworth.tricare.mil,Defense Health Agency
ElmendorfRichardson.tricare.mil,Defense Health Agency
evans.tricare.mil,Defense Health Agency
fairchild.tricare.mil,Defense Health Agency
fewarren.tricare.mil,Defense Health Agency
goodfellow.tricare.mil,Defense Health Agency
grandforks.tricare.mil,Defense Health Agency
guantanamo.tricare.mil,Defense Health Agency
hanscom.tricare.mil,Defense Health Agency
hill.tricare.mil,Defense Health Agency
holloman.tricare.mil,Defense Health Agency
hurlburt.tricare.mil,Defense Health Agency
incirlik.tricare.mil,Defense Health Agency
kadena.tricare.mil,Defense Health Agency
keesler.tricare.mil,Defense Health Agency
kimbrough.tricare.mil,Defense Health Agency
kirk.tricare.mil,Defense Health Agency
kirtland.tricare.mil,Defense Health Agency
kunsan.tricare.mil,Defense Health Agency
LangleyEustis.tricare.mil,Defense Health Agency
laughlin.tricare.mil,Defense Health Agency
LewisMcChord.tricare.mil,Defense Health Agency
littlerock.tricare.mil,Defense Health Agency
losangeles.tricare.mil,Defense Health Agency
luke.tricare.mil,Defense Health Agency
McGuireDixlakehurst.tricare.mil,Defense Health Agency
minot.tricare.mil,Defense Health Agency
misawa.tricare.mil,Defense Health Agency
moody.tricare.mil,Defense Health Agency
mountainhome.tricare.mil,Defense Health Agency
naples.tricare.mil,Defense Health Agency
nhchawaii.tricare.mil,Defense Health Agency
offutt.tricare.mil,Defense Health Agency
osan.tricare.mil,Defense Health Agency
patrick.tricare.mil,Defense Health Agency
PearlHarborHickam.tricare.mil,Defense Health Agency
Peterson.tricare.mil,Defense Health Agency
pope.tricare.mil,Defense Health Agency
rafcroughton.tricare.mil,Defense Health Agency
raflakenheath.tricare.mil,Defense Health Agency
ramstein.tricare.mil,Defense Health Agency
yokosuka.tricare.mil,Defense Health Agency
yokota.tricare.mil,Defense Health Agency
dodsoco.ogc.osd.mil,DoD
macdill.tricare.mil,Defense Health Agency
madigan.tricare.mil,Defense Health Agency
malmstrom.tricare.mil,Defense Health Agency
maxwell.tricare.mil,Defense Health Agency
mcconnell.tricare.mil,Defense Health Agency
mjrp.osd.mil,DoD
ogc.osd.mil,OSD
purview.dodlive.mil,DoD
reynolds.tricare.mil,DoD
robins.tricare.mil,Defense Health Agency
scott.tricare.mil,Defense Health Agency
seymourjohnson.tricare.mil,Defense Health Agency
shaw.tricare.mil,DoD
sheppard.tricare.mil,Defense Health Agency
spangdahlem.tricare.mil,Defense Health Agency
tinker.tricare.mil,Defense Health Agency
tyndall.tricare.mil,Defense Health Agency
vance.tricare.mil,Defense Health Agency
vandenberg.tricare.mil,Defense Health Agency
whiteman.tricare.mil,Defense Health Agency
www.dantes.mil,DoD
www.dc3.mil,DoD
www.deomi.mil,DoD
www.dimoc.mil,DoD
www.dlnseo.mil,DoD
www.dodmantech.mil,DoD
www.dote.osd.mil,DoD
www.dpaa.mil,DoD
www.dtra.mil,DoD
www.milreviewbds.mil,DoD
www.norad.mil,NORAD
www.repi.mil,DoD
www.travel.dod.mil,DoD
www.usfj.mil,DoD
www.usfk.mil,DoD
www.web.dma.mil,Defense Media Activity
plainsguardian.dodlive.mil,Joint
www.centcom.mil,Joint
www.jbsa.mil,Joint
www.jcs.mil,Joint
www.jfhq-dodin.mil,Joint
www.jiatfs.southcom.mil,Joint
www.jpra.mil,Joint
www.jtfb.southcom.mil,Joint
www.jtfcs.northcom.mil,Joint
www.jtfgtmo.southcom.mil,Joint
www.northcom.mil,Joint
www.pacom.mil,Joint
www.southcom.mil,Joint
www.spacecom.mil,Joint
www.spaceforces-space.mil,Joint
www.stratcom.mil,Joint
www.unc.mil,Joint
fmtbnwest.usmc.afpims.mil,Marines
www.24thmeu.marines.mil,Marines
www.2ndmardiv.marines.mil,Marines
www.acmc.marines.mil,Marines
www.cd.marines.mil,Marines
www.dmcs.marines.mil,Marines
www.foia.marines.mil,Marines
www.hmx-1.marines.mil,Marines
www.hrom.marines.mil,Marines
www.japan.marines.mil,Marines
www.logcom.marines.mil,Marines
www.marforcom.marines.mil,Marines
www.marforcyber.marines.mil,Marines
www.marforsouth.marines.mil,Marines
www.marforspace.marines.mil,Marines
www.marforstrat.marines.mil,Marines
www.matsg23.marines.mil,Marines
www.mcasfutenma.marines.mil,Marines
www.mcasiwakunijp.marines.mil,Marines
www.mcces.marines.mil,Marines
www.mccywg.marines.mil,Marines
www.mcia.marines.mil,Marines
www.mcicom.marines.mil,Marines
www.mciwest.marines.mil,Marines
www.mcsf-nola.marines.mil,Marines
www.mcsfr.marines.mil,Marines
www.ostc.marines.mil,Marines
www.pandr.marines.mil,Marines
www.smmc.marines.mil,Marines
www.soiwest.marines.mil,Marines
www.tf612.marines.mil,Marines
www.tf763.marines.mil,Marines
arkansas.nationalguard.mil ,National Guard
co.ng.mil ,National Guard
dc.ng.mil ,National Guard
minationalguard.dodlive.mil,National Guard
ri.ng.mil ,National Guard
www.de.ng.mil ,National Guard
www.ftig.ng.mil ,National Guard
www.il.ngb.army.mil ,National Guard
www.me.ng.mil  ,National Guard
www.nationalguard.mil,National Guard
www.ngbpmc.ng.mil,National Guard
www.pa.ng.mil ,National Guard
www.scguard.ng.mil ,National Guard
www.wv.ng.mil,National Guard
allhands.navy.mil,Navy
atlantic.navfac.navy.mil,Navy
cnrma.cnic.navy.mil,Navy
cnrse.cnic.navy.mil,Navy
exwc.navfac.navy.mil,Navy
ffr.cnic.navy.mil,Navy
frcse.navair.navy.mil,Navy
grgb.navy.mil,Navy
jag.navylive.dodlive.mil,Navy
navalsafetycommand.navy.mil,Navy
ndw.cnic.navy.mil,Navy
outreach.navy.mil,Navy
p2p.navy.mil,Navy
seabeemagazine.navylive.dodlive.mil,Navy
usnhistory.navylive.dodlive.mil,Navy
www.airlant.usff.navy.mil,Navy
www.amphib7flt.navy.mil,Navy
www.bootcamp.navy.mil,Navy
www.c2f.usff.navy.mil,Navy
www.c6f.navy.mil,Navy
www.c7f.navy.mil,Navy
www.ccsg15.navy.mil,Navy
www.cnic.navy.mil,Navy
www.cpf.navy.mil,Navy
www.cprw1.navy.mil,Navy
www.csg4.usff.navy.mil,Navy
www.fcc.navy.mil,Navy
www.ffsp.navy.mil,Navy
www.fourthfleet.navy.mil,Navy
www.insurv.usff.navy.mil,Navy
www.msc.usff.navy.mil,Navy
www.navy.mil,Navy
www.ncis.navy.mil,Navy
www.necc.usff.navy.mil,Navy
www.nepa.navy.mil,Navy
www.netc.navy.mil,Navy
www.nrl.navy.mil,Navy
www.oni.navy.mil,Navy
www.owa.navy.mil,Navy
www.peoc4i.navy.mil,Navy
www.peodigital.navy.mil,Navy
www.ready.navy.mil,Navy
www.ssp.navy.mil,Navy
www.sublant.usff.navy.mil,Navy
www.surflant.usff.navy.mil,Navy
www.surfpac.navy.mil,Navy
www.usff.navy.mil,Navy
www.buckley.spaceforce.mil,Space Force
www.losangeles.spaceforce.mil,Space Force
www.patrick.spaceforce.mil,Space Force
www.petersonschriever.spaceforce.mil,Space Force
www.spaceforce.mil,Space Force
www.vandenberg.spaceforce.mil,Space Force
ansrp.el.erdc.dren.mil,Army
budm.el.erdc.dren.mil,Army
corpslakes.erdc.dren.mil,Army
cw-environment.erdc.dren.mil,Army
dots.el.erdc.dren.mil,Army
erdc-library.erdc.dren.mil,Army
mtc.erdc.dren.mil,Army
ndc.ops.usace.army.mil,Army
odd.el.erdc.dren.mil,Army
operations.erdc.dren.mil,Army
planning.erdc.dren.mil,Army
riskdecision.el.erdc.dren.mil,Army
support.sms.erdc.dren.mil,Army
wetlands.el.erdc.dren.mil,Army
wis.erdc.dren.mil,Army
www.hci.mil,OUSD
www.blueroof.us,Army
navalwarcollege.blackboard.com,Navy
navalwarcollege.sharepoint.com,Navy
www.apgmwr.com,Army
www.dsccmwr.com,Army
www.halekoa.com,Army
bliss.armymwr.com,Army
jackson.armymwr.com,Army
anniston.armymwr.com,Army
ansbach.armymwr.com,Army
baumholder.armymwr.com,Army
bavaria.armymwr.com,Army
belvoir.armymwr.com,Army
benelux.armymwr.com,Army
brussels.armymwr.com,Army
buchanan.armymwr.com,Army
campbell.armymwr.com,Army
carlisle.armymwr.com,Army
carson.armymwr.com,Army
casey.armymwr.com,Army
cavazos.armymwr.com,Army
chievres.armymwr.com,Army
detrick.armymwr.com,Army
detroit.armymwr.com,Army
drum.armymwr.com,Army
dugway.armymwr.com,Army
eisenhower.armymwr.com,Army
fifeanddrum.army.mil,Army
garmisch.armymwr.com,Army
geospatial-usace.opendata.arcgis.com,Army
goarmywestpoint.com,Army
grafenwoehr.armymwr.com,Army
greely.armymwr.com,Army
hamilton.armymwr.com,Army
hawaii.armymwr.com,Army
hohenfels.armymwr.com,Army
huachuca.armymwr.com,Army
humphreys.armymwr.com,Army
hunterliggett.armymwr.com,Army
irwin.armymwr.com,Army
italy.armymwr.com,Army
jblmmwr.com,Army
jbmhh.armymwr.com,Army
jbsatoday.com,Army
johnson.armymwr.com,Army
kaiserslautern.armymwr.com,Army
knox.armymwr.com,Army
leavenworth.armymwr.com,Army
lee.armymwr.com,Army
leonardwood.armymwr.com,Army
liberty.armymwr.com,Army
mcalester.armymwr.com,Army
mccoy.armymwr.com,Army
meade.armymwr.com,Army
miami.armymwr.com,Army
moore.armymwr.com,Army
natick.armymwr.com,Army
parks.armymwr.com,Army
picatinny.armymwr.com,Army
pinebluff.armymwr.com,Army
presidio.armymwr.com,Army
redriver.armymwr.com,Army
redstone.armymwr.com,Army
rheinland-pfalz.armymwr.com,Army
riley.armymwr.com,Army
rockisland.armymwr.com,Army
rucker.armymwr.com,Army
schinnen.armymwr.com,Army
sewardmilitaryresort.com,Army
sierra.armymwr.com,Army
sill.armymwr.com,Army
stewarthunter.armymwr.com,Army
stuttgart.armymwr.com,Army
tobyhanna.armymwr.com,Army
tooele.armymwr.com,Army
wainwright.armymwr.com,Army
walker.armymwr.com,Army
watervliet.armymwr.com,Army
westpoint.armymwr.com,Army
whitesands.armymwr.com,Army
wiesbaden.armymwr.com,Army
www.armymwr.com,Army
www.dragonhilllodge.com,Army
www.edelweisslodgeandresort.com,Army
yuma.armymwr.com,Army
mobile.army.com,Army
experience.arcgis.com,Army
www.arcgis.com,Army
usace.maps.arcgis.com,Army
hub.arcgis.com,Army
geospatial-usace.opendata.arcgis.com,Army
sites.google.com,Army
sites.google.com,Army
westpointband.com,Army
westpointpress.com,Army
www.101starmyband.com,Army
www.300tharmyband.com,Army
www.americasarmy.com,Army
www.armybiznet.com,Army
www.armycareercounselor.com,Army
www.armyfieldband.com,Army
www.goarmy.com,Army
www.iowanationalguard.com,Army
www.navyregionmwrndw.com,Army
www.usarmyband.com,Army
www.usarmyjrotc.com,Army
rai.tradewindai.com,CDAO
www.commissaries.com,Defense Commissary Agency
corp.commissaries.com,Defense Commissary Agency
shop.commissaries.com,Defense Commissary Agency
www.aafes.com,Defense Commissary Agency
www.mynavyexchange.com,Defense Commissary Agency
www.shopmyexchange.com,Defense Commissary Agency
pprd.commissaries.com,Defense Commissary Agency
www.decacards.com,Defense Commissary Agency
aafesprem.imenu360.com,Defense Commissary Agency
github.com,DOD Human Resources Activity
www.defensemwr.com,Defense Logistics Agency
www.flipsnack.com,Defense Logistics Agency
ala.stripes.com,Defense Media Activity
bestofgermany.stripes.com,Defense Media Activity
bestofpacific.stripes.com,Defense Media Activity
epaper.stripes.com,Defense Media Activity
epub.stripes.com,Defense Media Activity
feeds.stripes.com,Defense Media Activity
info.stripes.com,Defense Media Activity
iosauth.stripes.com,Defense Media Activity
legion.stripes.com,Defense Media Activity
letterstosanta.stripes.com,Defense Media Activity
militarychild.stripes.com,Defense Media Activity
newsletters.stripes.com,Defense Media Activity
obituaries.stripes.com,Defense Media Activity
printshop.stripes.com,Defense Media Activity
promotions.stripes.com,Defense Media Activity
stripesinfo.com,Defense Media Activity
stripesstore.com,Defense Media Activity
vfw.stripes.com,Defense Media Activity
votenow.stripes.com,Defense Media Activity
Stripes.com,Defense Media Activity
veteranjobs.stripes.com,Defense Media Activity
japan.stripes.com,Defense Media Activity
ww2.stripes.com,Defense Media Activity
europe.stripes.com,Defense Media Activity
obituaries.stripes.com,Defense Media Activity
guam.stripes.com,Defense Media Activity
korea.stripes.com,Defense Media Activity
okinawa.stripes.com,Defense Media Activity
navalacademytourism.com,Navy
aafb.militarymwrguam.com,Navy
chinalake.navylifesw.com,Navy
coronado.navylifesw.com,Navy
elcentro.navylifesw.com,Navy
everett.navylifepnw.com,Navy
fallon.navylifesw.com,Navy
jbphh.greatlifehawaii.com,Navy
kitsap.navylifepnw.com,Navy
lemoore.navylifesw.com,Navy
medcenter.navylifesw.com,Navy
monterey.navylifesw.com,Navy
pmrf.greatlifehawaii.com,Navy
pointloma.navylifesw.com,Navy
sandiego.navylifesw.com,Navy
sealbeach.navylifesw.com,Navy
ventura.navylifesw.com,Navy
whidbey.navylifepnw.com,Navy
www.militarymwrguam.com,Navy
www.navylifejeb.com,Navy
www.navylifesw.com,Navy
www.navymwrannapolis.com,Navy
www.navymwratsugi.com,Navy
www.navymwrbahrain.com,Navy
www.navymwrbethesda.com,Navy
www.navymwrbusan.com,Navy
www.navymwrcapecanaveral.com,Navy
www.navymwrchinhae.com,Navy
www.navymwrcorpuschristi.com,Navy
www.navymwrcrane.com,Navy
www.navymwrdahlgren.com,Navy
www.navymwrdiegogarcia.com,Navy
www.navymwrearle.com,Navy
www.navymwrfortworth.com,Navy
www.navymwrgreatlakes.com,Navy
www.navymwrguantanamobay.com,Navy
www.navymwrgulfport.com,Navy
www.navymwrhamptonroads.com,Navy
www.navymwrindianhead.com,Navy
www.navymwrjacksonville.com,Navy
www.navymwrkeywest.com,Navy
www.navymwrkingsbay.com,Navy
www.navymwrkingsville.com,Navy
www.navymwrmayport.com,Navy
www.navymwrmechanicsburg.com,Navy
www.navymwrmeridian.com,Navy
www.navymwrmidsouth.com,Navy
www.navymwrnaples.com,Navy
www.navymwrnavalstationnorfolk.com,Navy
www.navymwrnewlondon.com,Navy
www.navymwrneworleans.com,Navy
www.navymwrnewport.com,Navy
www.navymwrnorfolkshipyard.com,Navy
www.navymwroceanadamneck.com,Navy
www.navymwrokinawa.com,Navy
www.navymwrpanamacity.com,Navy
www.navymwrpaxriver.com,Navy
www.navymwrpensacola.com,Navy
www.navymwrphiladelphia.com,Navy
www.navymwrportsmouthshipyard.com,Navy
www.navymwrrota.com,Navy
www.navymwrsaratoga.com,Navy
www.navymwrsasebo.com,Navy
www.navymwrsigonella.com,Navy
www.navymwrsingapore.com,Navy
www.navymwrsoudabay.com,Navy
www.navymwrwashington.com,Navy
www.navymwrwhitingfield.com,Navy
www.navymwryokosuka.com,Navy
www.navymwryorktown.com,Navy
www.thenewsanno.com,Navy
go.navyonline.com,Navy
navysports.com,Navy
www.navalacademyclub.com,Navy
www.navy.com,Navy
www.navycs.com,Navy
www.navyleapfrogs.com,Navy
www.usnabsd.com,Navy
cl.gtclapps.com to be globaltrader.dc2n.navy.mil,Navy
ejhv.fa.us8.oraclecloud.com,Navy
ctcc.ddxwan.com,Navy
discovery5.deloittefed.com,Navy
marine-corps.3yourmind.com,Navy
nrde.onmicrosoft.com,Navy
oniciotest.service-now.com,Navy
peoeisinnovationcell.my.salesforce.com,Navy
rq.cnrc.navy.mil,Navy
sso.ssve.cloudassured.com,Navy
usmc-mccs.csod.com,Navy
usmcportal.phe.com,Navy
www.ideservicecenter.com,Navy
www.mynavyexchange.com,Navy
www.navycash.com,Navy
www.piersystem.com,Navy
www.usmcenviron.com,Navy
salesforce.com,Navy
ids.score.com,Navy
login.pmw240.com,Navy
navalx.my.salesforce.com,Navy
www.militarychildcare.com,Navy
www.todaysmilitary.com,OSD
www.dodwarriorgames.com,OSD
request.todaysmilitary.com,Recruiting
www.stratcomds.com,STRATCOM
myairforcelife.com,U.S. Air Force
andrewsfss.com,U.S. Air Force
jbabfss.com,U.S. Air Force
doverfss.com,U.S. Air Force
afbpap.experience.crmforce.mil,U.S. Air Force
wrightpattfss.com,U.S. Air Force
kirtlandforcesupport.com,U.S. Air Force
www.lifeatthemax.us,U.S. Air Force
travisfss.com,U.S. Air Force
375fss.com,U.S. Air Force
jbleforcesupport.com,U.S. Air Force
refuelmcconnell.com,U.S. Air Force
dyessfss.com,U.S. Air Force
www.yourforcesupport.com,U.S. Air Force
yokota374fss.com,U.S. Air Force
www.thebestfss.com,U.S. Air Force
ellsworthfss.com,U.S. Air Force
www.dmfss.com,U.S. Air Force
vancefss.com,U.S. Air Force
macdillfss.com,U.S. Air Force
funatwarren.com,U.S. Air Force
www.jbcharleston.com,U.S. Air Force
www.gopatrickfl.com,U.S. Air Force
rockinattherock.com,U.S. Air Force
sjfss.com,U.S. Air Force
www.lafss.com,U.S. Air Force
21fss.com,U.S. Air Force
af.okta.mil,U.S. Air Force
hillfss.com,U.S. Air Force
www.eglinlife.com,U.S. Air Force
tinkerliving.com,U.S. Air Force
afciviliancareers.com,U.S. Air Force
www.gomdl.com,U.S. Air Force
www.laughlinfss.com,U.S. Air Force
niagarafss.com,U.S. Air Force
eielsonforcesupport.com,U.S. Air Force
460fss.com,U.S. Air Force
www.86fss.com,U.S. Air Force
nellis99fss.com,U.S. Air Force
usafasupport.com,U.S. Air Force
51fss.com,U.S. Air Force
fairchildfun.com,U.S. Air Force
50fss.com,U.S. Air Force
811pentagonfss.com,U.S. Air Force
grandforks319fss.com,U.S. Air Force
www.vandenbergfss.com,U.S. Air Force
barksdalelife.com,U.S. Air Force
kunsanfss.com,U.S. Air Force
gogoodfellow.com,U.S. Air Force
www.100fss.com,U.S. Air Force
keesler81fss.com,U.S. Air Force
marchfss.com,U.S. Air Force
offutt55fss.com,U.S. Air Force
airforcelibraries.libguides.com,U.S. Air Force
usaf.dps.mil,U.S. Air Force
parent.afcyp.com,U.S. Air Force
www.dodlodging.net,U.S. Air Force
www.dodmwrlibraries.org,U.S. Air Force
www.usafmarathon.com,U.S. Air Force
82cons.com,U.S. Air Force
afthunderbirds.com,U.S. Air Force
afwerx.com,U.S. Air Force
www.academyadmissions.com,U.S. Air Force
www.afaccelerators.com,U.S. Air Force
www.afciviliancareers.com,U.S. Air Force
www.afresearchlab.com,U.S. Air Force
www.afrotc.com,U.S. Air Force
www.afscciviliancareers.com,U.S. Air Force
www.af-ventures.com,U.S. Air Force
www.airforce.com,U.S. Air Force
www.airforceweapons.com,U.S. Air Force
www.dafdto.com,U.S. Air Force
www.hollomanafbairspaceeis.com,U.S. Air Force
www.innovativeairforce.com,U.S. Air Force
www.spaceforce.com,U.S. Air Force
www.gocoastguard.com,U.S. Coast Guard
amver.com,U.S. Coast Guard
shopcgx.com,U.S. Coast Guard
coastguardathletics.com,U.S. Coast Guard
mcxstore.wgiftcard.com,U.S. Marine Corps
www.mymcx.com,U.S. Marine Corps
www.marinemarathon.com,U.S. Marine Corps
www.marines.com,U.S. Marine Corps
engageSOF.com,
sdl.nucleus.asgardgate.com,
keycloak.asgardgate.com,
keycloak.nucleus.asgardgate.com,
asgardgate.com,
auth.vitni.nucleus.asgardgate.com,
notary.vitni.nucleus.asgardgate.com,
github.com,
github.com,
government.github.com,
sewardresort.com,
www.americanforcestravel.com,
www.theredstonerocket.com,Army
issuu.com,
cavazossentinel.com,
ahec.armywarcollege.edu,Army
armyuniversity.edu,Army
asep.armywarcollege.edu,Army
press.armywarcollege.edu,Army
warroom.armywarcollege.edu,Army
www.armywarcollege.edu,Army
www.dliflc.edu,Army
www.westpoint.edu,Army
afnorthmhs.dodea.edu,DOD Education Activity
ameliaearhartis.dodea.edu,DOD Education Activity
andersenes.dodea.edu,DOD Education Activity
andersenms.dodea.edu,DOD Education Activity
andrelucases.dodea.edu,DOD Education Activity
ansbaches.dodea.edu,DOD Education Activity
ansbachmhs.dodea.edu,DOD Education Activity
antilleshs.dodea.edu,DOD Education Activity
aukammes.dodea.edu,DOD Education Activity
avianomhs.dodea.edu,DOD Education Activity
bahrainmhs.dodea.edu,DOD Education Activity
barkleyes.dodea.edu,DOD Education Activity
barsanties.dodea.edu,DOD Education Activity
bechteles.dodea.edu,DOD Education Activity
bitzis.dodea.edu,DOD Education Activity
boldenems.dodea.edu,DOD Education Activity
brewsterms.dodea.edu,DOD Education Activity
crossroadses.dodea.edu,DOD Education Activity
darbyes.dodea.edu,DOD Education Activity
delalioes.dodea.edu,DOD Education Activity
deverses.dodea.edu,DOD Education Activity
diamondes.dodea.edu,DOD Education Activity
dvhs.dodea.edu,DOD Education Activity
ejkingmhs.dodea.edu,DOD Education Activity
feltwelles.dodea.edu,DOD Education Activity
fortknoxmhs.dodea.edu,DOD Education Activity
garmischems.dodea.edu,DOD Education Activity
gordones.dodea.edu,DOD Education Activity
guamhs.dodea.edu,DOD Education Activity
hamptonps.dodea.edu,DOD Education Activity
heroeses.dodea.edu,DOD Education Activity
hohenfelses.dodea.edu,DOD Education Activity
irwinis.dodea.edu,DOD Education Activity
kadenaes.dodea.edu,DOD Education Activity
kadenams.dodea.edu,DOD Education Activity
kaiserslauternes.dodea.edu,DOD Education Activity
kaiserslauternhs.dodea.edu,DOD Education Activity
kaiserslauternms.dodea.edu,DOD Education Activity
kingsolveres.dodea.edu,DOD Education Activity
kinseres.dodea.edu,DOD Education Activity
kleinebrogeles.dodea.edu,DOD Education Activity
lanhames.dodea.edu,DOD Education Activity
lejeunehs.dodea.edu,DOD Education Activity
libertyis.dodea.edu,DOD Education Activity
mahaffeyms.dodea.edu,DOD Education Activity
maxwellafbems.dodea.edu,DOD Education Activity
mcperryhs.dodea.edu,DOD Education Activity
mcperryps.dodea.edu,DOD Education Activity
netzaberges.dodea.edu,DOD Education Activity
patchms.dodea.edu,DOD Education Activity
pinckneyes.dodea.edu,DOD Education Activity
poolees.dodea.edu,DOD Education Activity
quanticomhs.dodea.edu,DOD Education Activity
ramsteinhs.dodea.edu,DOD Education Activity
ramsteinis.dodea.edu,DOD Education Activity
ramsteinms.dodea.edu,DOD Education Activity
registration.dodea.edu,DOD Education Activity
ryukyums.dodea.edu,DOD Education Activity
shapems.dodea.edu,DOD Education Activity
shughartes.dodea.edu,DOD Education Activity
sigonellaes.dodea.edu,DOD Education Activity
spangdahlemhs.dodea.edu,DOD Education Activity
stowerses.dodea.edu,DOD Education Activity
sullivanses.dodea.edu,DOD Education Activity
tarawaterracees.dodea.edu,DOD Education Activity
vicenzaes.dodea.edu,DOD Education Activity
vicenzams.dodea.edu,DOD Education Activity
vilseckes.dodea.edu,DOD Education Activity
whitees.dodea.edu,DOD Education Activity
wiesbadenhs.dodea.edu,DOD Education Activity
www.dodea.edu,DOD Education Activity
yokosukaps.dodea.edu,DOD Education Activity
yokotahs.dodea.edu,DOD Education Activity
yokotams.dodea.edu,DOD Education Activity
yokotawestes.dodea.edu,DOD Education Activity
zamamhs.dodea.edu,DOD Education Activity
zukeranes.dodea.edu,DOD Education Activity
libguides.nps.edu,Navy
usnwc.edu,Navy
www.usna.edu,Navy
www.usncc.edu,Navy
uscga.edu,U.S. Coast Guard
www.jsou.edu,
albrittonms.dodea.edu,DOD Education Activity
antilleses.dodea.edu,DOD Education Activity
antillesms.dodea.edu,DOD Education Activity
bowleyes.dodea.edu,DOD Education Activity
dahlgren.dodea.edu,DOD Education Activity
dexteres.dodea.edu,DOD Education Activity
elliottes.dodea.edu,DOD Education Activity
faithms.dodea.edu,DOD Education Activity
fortcampbellhs.dodea.edu,DOD Education Activity
johnsonps.dodea.edu,DOD Education Activity
kessleres.dodea.edu,DOD Education Activity
marshalles.dodea.edu,DOD Education Activity
mcbridees.dodea.edu,DOD Education Activity
murrayes.dodea.edu,DOD Education Activity
parkeres.dodea.edu,DOD Education Activity
pierceterracees.dodea.edu,DOD Education Activity
ramey.dodea.edu,DOD Education Activity
scottis.dodea.edu,DOD Education Activity
shughartms.dodea.edu,DOD Education Activity
vanvoorhises.dodea.edu,DOD Education Activity
westpointes.dodea.edu,DOD Education Activity
westpointms.dodea.edu,DOD Education Activity
afnorthes.dodea.edu,DOD Education Activity
alconburyes.dodea.edu,DOD Education Activity
alconburymhs.dodea.edu,DOD Education Activity
ankaraehs.dodea.edu,DOD Education Activity
avianoes.dodea.edu,DOD Education Activity
bahraines.dodea.edu,DOD Education Activity
baumholdermhs.dodea.edu,DOD Education Activity
brusselsehs.dodea.edu,DOD Education Activity
grafenwoehres.dodea.edu,DOD Education Activity
hohenfelsmhs.dodea.edu,DOD Education Activity
lakenheathes.dodea.edu,DOD Education Activity
lakenheathhs.dodea.edu,DOD Education Activity
lakenheathms.dodea.edu,DOD Education Activity
landstuhles.dodea.edu,DOD Education Activity
livornoems.dodea.edu,DOD Education Activity
napleses.dodea.edu,DOD Education Activity
naplesmhs.dodea.edu,DOD Education Activity
netzabergms.dodea.edu,DOD Education Activity
patches.dodea.edu,DOD Education Activity
ramsteines.dodea.edu,DOD Education Activity
robinsonbarrackses.dodea.edu,DOD Education Activity
rotaes.dodea.edu,DOD Education Activity
rotamhs.dodea.edu,DOD Education Activity
sembaches.dodea.edu,DOD Education Activity
sevillaems.dodea.edu,DOD Education Activity
shapees.dodea.edu,DOD Education Activity
shapehs.dodea.edu,DOD Education Activity
sigonellamhs.dodea.edu,DOD Education Activity
smithes.dodea.edu,DOD Education Activity
spangdahlemes.dodea.edu,DOD Education Activity
spangdahlemms.dodea.edu,DOD Education Activity
stuttgartes.dodea.edu,DOD Education Activity
stuttgarths.dodea.edu,DOD Education Activity
vilseckhs.dodea.edu,DOD Education Activity
vogelwehes.dodea.edu,DOD Education Activity
wiesbadenes.dodea.edu,DOD Education Activity
wiesbadenms.dodea.edu,DOD Education Activity
arnnes.dodea.edu,DOD Education Activity
bobhopees.dodea.edu,DOD Education Activity
daegues.dodea.edu,DOD Education Activity
daegumhs.dodea.edu,DOD Education Activity
edgrenmhs.dodea.edu,DOD Education Activity
humphreyscentrales.dodea.edu,DOD Education Activity
humphreyshs.dodea.edu,DOD Education Activity
humphreysms.dodea.edu,DOD Education Activity
humphreyswestes.dodea.edu,DOD Education Activity
ikegoes.dodea.edu,DOD Education Activity
iwakuniis.dodea.edu,DOD Education Activity
iwakunims.dodea.edu,DOD Education Activity
kadenahs.dodea.edu,DOD Education Activity
killines.dodea.edu,DOD Education Activity
kinnickhs.dodea.edu,DOD Education Activity
kubasakihs.dodea.edu,DOD Education Activity
lesterms.dodea.edu,DOD Education Activity
mccoolems.dodea.edu,DOD Education Activity
mendeles.dodea.edu,DOD Education Activity
osanes.dodea.edu,DOD Education Activity
osanmhs.dodea.edu,DOD Education Activity
saseboes.dodea.edu,DOD Education Activity
sollarses.dodea.edu,DOD Education Activity
stearleyps.dodea.edu,DOD Education Activity
yokosukams.dodea.edu,DOD Education Activity
www.blueroof.gov,Army
adlnet.gov,DOD Human Resources Activity
dod.usajobs.gov,DOD Human Resources Activity
oldcc.gov,Office of Economic Adjustment
jamrs.defense.gov,OSD
actuary.defense.gov,OSD
www.businessdefense.gov,OUSD
www.navcen.uscg.gov,U.S. Coast Guard
www.nvmc.uscg.gov,U.S. Coast Guard
www.wrp.gov,
osc.gov,
leapcb.ncis.navy.mil,Navy
www.fcg.pentagon.mil, 
www.africom.mil,U.S. Africa Command
www.army.mil,Army
tacom.army.mil,Army
w3.saj.usace.army.mil,Army
www.spk-wc.usace.army.mil,Army
navigation.usace.army.mil,Army
water.usace.army.mil,Army
jalbtcx.usace.army.mil,Army
aal.mil,Army
agewebportal.erdc.dren.mil,Army
anad.army.mil,Army
apcrp.el.erdc.dren.mil,Army
armyrotc.army.mil,Army
awm.army.mil,Army
bsaf.el.erdc.dren.mil,Army
cadbimcenter.erdc.dren.mil,Army
cascom.army.mil,Army
cecom.army.mil,Army
chrps.erdc.dren.mil,Army
chs.erdc.dren.mil,Army
doer.el.erdc.dren.mil,Army
e2d2.el.erdc.dren.mil,Army
ecomod.erdc.dren.mil,Army
education.erdc.dren.mil,Army
emrrp.el.erdc.dren.mil,Army
ewn.erdc.dren.mil,Army
fqacalc.erdc.dren.mil,Army
frfdataportal.erdc.dren.mil,Army
gvsc.devcom.army.mil,Army
home.army.mil,Army
iwrlibrary.sec.usace.army.mil,Army
medcoe.army.mil,Army
mrsi.erdc.dren.mil,Army
nano.el.erdc.dren.mil,Army
peoiews.army.mil,Army
people.army.mil,Army
publibrary.sec.usace.army.mil,Army
quartermaster.army.mil,Army
redriver.army.mil,Army
sierra.army.mil,Army
soldierforlife.army.mil,Army
speedtest.erdc.dren.mil,Army
talent.army.mil,Army
test.el.erdc.dren.mil,Army
tioh.army.mil,Army
tlp.el.erdc.dren.mil,Army
transportation.erdc.dren.mil,Army
wizards.mrsi.erdc.dren.mil,Army
wots.el.erdc.dren.mil,Army
www.pba.army.mil,Army
www.pica.army.mil,Army
www.sms.erdc.dren.mil,Army
www.tooele.army.mil,Army
www.wsmr.army.mil,Army
www.wva.army.mil,Army
wwwhpc.w.dren.mil,Army
dunham.nrmc.amedd.army.mil,Army
rader.nrmc.amedd.army.mil,Army
kacc.nrmc.amedd.army.mil,Army
bahc.nrmc.amedd.army.mil,Army
www.drum.amedd.army.mil,Army
usaphcapps.amedd.army.mil,Army
kenner.nrmc.amedd.army.mil,Army
mcdonald.nrmc.amedd.army.mil,Army
kusahc.nrmc.amedd.army.mil,Army
ephc.amedd.army.mil,Army
cdn.health.mil,Army
phc.amedd.army.mil,Army
srtsweb.amedd.army.mil,Army
www.inscom.army.mil,Army
ameddciviliancorps.amedd.army.mil,Army
usahca.medcom.amedd.army.mil,Army
www.redstone.amedd.army.mil,Army
www.korea.amedd.army.mil,Army
www.finance.army.mil,Army
survey.tradoc.army.mil,Army
www.armygameday.com,Army
ready.army.mil,Army
myarmybenefits.us.army.mil,Army
rdl.train.army.mil,Army
atiam.train.army.mil,Army
www.housing.army.mil,Army
jst.doded.mil,Army
actsonline.army.mil,Army
tjaglcs.army.mil,Army
api.army.mil,Army
www.darpa.mil,Defense Research Agency
dtsn.darpa.mil,Defense Research Agency
sso.darpa.mil,Defense Research Agency
www.dcaa.mil,Defense Contract Audit Agency
www.dcma.mil,Defense Contract Management Agency
addr.dencom.army.mil,Defense Health Agency
api.dencom.army.mil,Defense Health Agency
help-dental.health.mil,Defense Health Agency
www.gulflink.osd.mil,Defense Health Agency
www.tricare.mil,Defense Health Agency
ph.health.mil,Defense Health Agency
my.mhsgenesis.health.mil,Defense Health Agency
dodmerb.tricare.osd.mil,Defense Health Agency
www.dhra.mil,DOD Human Resources Activity
www.esgr.mil,DOD Human Resources Activity
www.esgr1.mil,DOD Human Resources Activity
www.esgrevents.mil,DOD Human Resources Activity
www.freedomaward.mil,DOD Human Resources Activity
www.esgrevents.mil,DOD Human Resources Activity
www.yellowribbon.mil,DOD Human Resources Activity
esgrwebsite2.csd.disa.mil,Defense Information Systems Agency
www.disa.mil,Defense Information Systems Agency
help.disa.mil,Defense Information Systems Agency
storefront.disa.mil,Defense Information Systems Agency
www.pdrep.csd.disa.mil,Defense Information Systems Agency
connect.disa.mil,Defense Information Systems Agency
aplits.disa.mil,Defense Information Systems Agency
eirbpt.csd.disa.mil,Defense Information Systems Agency
emss.pac.disa.mil,Defense Information Systems Agency
inah.pac.disa.mil,Defense Information Systems Agency
crl.nit.disa.mil,Defense Information Systems Agency
vssm.csd.disa.mil,Defense Information Systems Agency
www.sprs.csd.disa.mil,Defense Information Systems Agency
alm.csd.disa.mil,Defense Information Systems Agency
www.pdrep.csd.disa.mil,Defense Information Systems Agency
almpt.csd.disa.mil,Defense Information Systems Agency
ideas.govcloud.disa.mil,Defense Information Systems Agency
crl.gds.disa.mil,Defense Information Systems Agency
esgr.csd.disa.mil,Defense Information Systems Agency
militarychildcare.csd.disa.mil,Defense Information Systems Agency
doehrs-ih.csd.disa.mil,Defense Information Systems Agency
dha-bcs.csd.disa.mil,Defense Information Systems Agency
iler-test.csd.disa.mil,Defense Information Systems Agency
miaptest.csd.disa.mil,Defense Information Systems Agency
ice.disa.mil,Defense Information Systems Agency
freedomaward.csd.disa.mil,Defense Information Systems Agency
ccqas.csd.disa.mil,Defense Information Systems Agency
amclg.csd.disa.mil,Defense Information Systems Agency
dcast.csd.disa.mil,Defense Information Systems Agency
wawfraid.nit.disa.mil,Defense Information Systems Agency
test.militarychildcare.csd.disa.mil,Defense Information Systems Agency
portal.apps.isitdown.mil,Defense Information Systems Agency
web.git.mil,Defense Information Systems Agency
public.sites.disa.ecs.mil,Defense Information Systems Agency
go.ecs.mil,Defense Information Systems Agency
wiki.apps.ccpo.ecs.mil,Defense Information Systems Agency
www.usgovdod.mil,Defense Information Systems Agency
www.shelflife.dla.mil,Defense Logistics Agency
flisancillaryu.dla.mil,Defense Logistics Agency
business.dla.mil,Defense Logistics Agency
businessportal.dla.mil,Defense Logistics Agency
amps.dla.mil,Defense Logistics Agency
dso.dla.mil,Defense Logistics Agency
qpldocs.dla.mil,Defense Logistics Agency
mebs.dla.mil,Defense Logistics Agency
flisancillaryu.dla.mil,Defense Logistics Agency
afnconnect.myafn.dodmedia.osd.mil,Defense Media Activity
afn-now.myafn.mil,Defense Media Activity
cdn.myafn.dodmedia.osd.mil,Defense Media Activity
www.afn.mil,Defense Media Activity
www.myafn.mil,Defense Media Activity
imp.myafn.dodmedia.osd.mil,Defense Media Activity
media.myafn.dodmedia.osd.mil,Defense Media Activity
myafn.dodmedia.osd.mil,Defense Media Activity
now.afn.mil,Defense Media Activity
v3.myafn.dodmedia.osd.mil,Defense Media Activity
pacific.afn.mil,Defense Media Activity
apps.dtic.mil,Defense Technology Information Center
defenseinnovationmarketplace.dtic.mil,Defense Technology Information Center
discover.dtic.mil,Defense Technology Information Center
dodiac.dtic.mil,Defense Technology Information Center
submit.dtic.mil,Defense Technology Information Center
defenseinnovationmarketplace.dtic.mil,Defense Technology Information Center
elisa.dtsa.mil,DOD Technology Security Administration
spanweb.dtsa.mil,DOD Technology Security Administration
www.dtsa.mil,DOD Technology Security Administration
www.jdrs.mil,Navy
www.armyignited.army.mil,Navy
www.navycollege.navy.mil,Navy
sas.ncdc.navy.mil,Navy
clclaims.jag.navy.mil,Navy
www.jag.navy.mil,Navy
aeronautical.nga.mil,National Geospacial Agency
applicant.nga.mil,National Geospacial Agency
dnc.nga.mil,National Geospacial Agency
enom.nga.mil,National Geospacial Agency
geonames.nga.mil,National Geospacial Agency
map.nga.mil,National Geospacial Agency
marhelp.nga.mil,National Geospacial Agency
msi.nga.mil,National Geospacial Agency
www.nga.mil,National Geospacial Agency
dod-executiveagent.osd.mil,OSD
www.ai.mil,OSD
mla.dmdc.osd.mil,OSD
www.dmdc.osd.mil,OSD
dave.acq.osd.mil,OSD
dcas.dmdc.osd.mil,OSD
dmdcrs.dmdc.osd.mil,OSD
dtscdcwebgov.defensetravel.osd.mil,OSD
dtsproweb.defensetravel.osd.mil,OSD
dwp.dmdc.osd.mil,OSD
dwr.dmdc.osd.mil,OSD
fapss.dmdc.osd.mil,OSD
idco.dmdc.osd.mil,OSD
jacks.jpeocbd.osd.mil,OSD
learning.dmdc.osd.mil,OSD
mris.dmdc.osd.mil,OSD
myaccess.dmdc.osd.mil,OSD
opmverify.dmdc.osd.mil,OSD
opsconnect.dmdc.osd.mil,OSD
repi.osd.mil,OSD
scra.dmdc.osd.mil,OSD
skillbridge.osd.mil,OSD
soes.dmdc.osd.mil,OSD
usmap.osd.mil,OSD
webct2.dmdc.osd.mil,OSD
www.dcpas.osd.mil,OSD
www.denix.osd.mil,OSD
www1.dmea.osd.mil,OSD
ac.cto.mil,OUSD
dsb.cto.mil,OUSD
www.cto.mil,OUSD
www.ctoinnovation.mil,OUSD
www.esgr.mil,OUSD
www.freedomaward.mil,OUSD
acqdemo.hci.mil,OUSD
acqweb.staging.acqebiz.mil,OUSD
indpol.staging.acqebiz.mil,OUSD
myfss.us.af.mil,U.S. Air Force
www.outreachrequests.hq.af.mil,U.S. Air Force
mpe.pegasus.mil,U.S. Air Force
www.airshows.pa.hq.af.mil,U.S. Air Force
boards.law.af.mil,U.S. Air Force
www.jsf.mil,U.S. Air Force
aflegalassistance.law.af.mil,U.S. Air Force
cgpaas.uscg.mil,U.S. Coast Guard
www.eucom.mil,USEUCOM
www.ustranscom.mil,USTRANSCOM
artifactory.jten.mil,
bitbucket.jten.mil,
bugzilla.jten.mil,
cac.jten.mil,
confluence-ps.jten.mil,
gitlab.jten.mil,
jten.mil,
ns4.jten.mil,
www.ns5.jten.mil,
jdl-otds.jten.mil,
jira-ps.jten.mil,
jkosgst-ga.jten.mil,
jtds.jten.mil,
jtims-reports.jten.mil,
jtp-mvcr.jten.mil,
jtp-sso.jten.mil,
lpds.jten.mil,
medcop.jten.mil,
nemesis.jten.mil,
secure.jten.mil,
stage.jllis.mil,
tgs-sim.jten.mil,
view.jten.mil,
vpn.jten.mil,
vpnpac.jten.mil,
www.alsa.mil,
www.arcus.mil,
www.arlingtoncemetery.mil,
www.cap.mil,
www.cloud.mil,
www.code.mil,
www.dc3.mil,
www.dctc.mil,
www.dds.mil,
www.defenseculture.mil,
www.defensesbirsttr.mil,
www.dfba.mil,
www.diu.mil,
www.dodcui.mil,
www.dodig.mil,
www.dodsbirsttr.mil,
www.dodsurveys.mil,
www.dodtap.mil,
www.dscu.mil,
www.dspo.mil,
www.dtsa.mil,
www.ecs.mil,
www.esi.mil,
www.fedmall.mil,
www.gigeagle.mil,
www.hacc.mil,
www.hci.mil,
www.homes.mil,
www.hpc.mil,
www.isitdown.mil,
www.jbsa.mil,
www.jcu.mil,
www.jdrs.mil,
www.jpra.mil,
www.jsf.mil,
www.jtf-spacedefense.mil,
www.jtnc.mil,
www.jwac.mil,
www.lt2portal.mil,
www.mc.mil,
www.mcm.mil,
www.metc.mil,
www.militaryonesource.mil,
www.nsic.mil,
www.nsin.mil,
www.opa.mil,
www.people.mil,
www.prs.mil,
www.sapr.mil,
www.sda.mil,
www.SERDP-ESTCP.MIL,
www.soc.mil,
www.swcs.mil,
www.tapevents.mil,
www.tearline.mil,
www.usgovdod.mil,
www.vte.mil,
www.vts.mil,
www.whitehousecommsagency.mil,
p1.dso.mil,
coalition.dso.mil,
universe.bigbang.dso.mil,
websites.staging.dso.mil,
repo1.dso.mil,
corsairranch.dso.mil,
jfac.dso.mil,
jfac.apps.dso.mil,
jfac-il2.apps.dso.mil,
dto.il2.afwerx.dso.mil,
software.af.mil,
cloudone.af.mil,
info.cloudone.af.mil,
federation.prod.cce.af.mil,
chat.il2.dso.mil,
ironbank.dso.mil,
registry1.dso.mil,
learn.apps.dso.mil,
afscsoftware.dso.mil,
atm.dev.il2.afwerx.dso.mil,
arcwerx.dso.mil,
profile.ncis.navy.mil,
catch.ncis.navy.mil,
webmail16.ncis.navy.mil,
csm.ncis.navy.mil,
cleoc.ncis.navy.mil,
adfs.ncis.navy.mil,
www.armyresilience.army.mil,
www.rmda.army.mil,
www.jagcnet.army.mil,
www.jagcnet2.army.mil,
c5isrcenter.devcom.army.mil,
medlinet.amedd.army.mil,
winn.amedd.army.mil,
blanchfield.amedd.army.mil,
moncrief.amedd.army.mil,
crg.amedd.army.mil,
usaphcapps.amedd.army.mil,
kach.amedd.army.mil,
lyster.amedd.army.mil,
rodriguez.amedd.army.mil,
eisenhower.amedd.army.mil,
efmpandme.militaryonesource.mil,
tribute.militaryonesource.mil,
millifelearning.militaryonesource.mil,
installations.militaryonesource.mil,
planmydeployment.militaryonesource.mil,
demographics.militaryonesource.mil,
mycaa.militaryonesource.mil,
myseco.militaryonesource.mil,
statepolicy.militaryonesource.mil,
supportrequest.militaryonesource.mil,
www.militaryonesourceconnect.org,
msepjobs.militaryonesource.mil,
planmymove.militaryonesource.mil,
dctc.mil,
centers.hpc.mil,
daac.hpc.mil,
www.hpc.mil,
ugm.hpc.mil,
reservation.hpc.mil,
erdc.hpc.mil,
ieapp.hpc.mil,
afrl.hpc.mil,
arba.army.pentagon.mil,
apacs.milcloud.mil,
public.militarychildcare.csd.disa.mil,
milgears.osd.mil,
www.mc.mil,
www.lt2portal.mil,
www.moore.army.mil,Army
www.milsuite.mil,CDAO
dod365.sharepoint-mil.us,CDAO
digitalu.af.mil,CDAO
acquisitioninnovation.darpa.mil,Defense Research Agency
baa.darpa.mil,Defense Research Agency
baa.sco.mil,Defense Research Agency
baa-registration.darpa.mil,Defense Research Agency
baa-registration.sco.mil,Defense Research Agency
contact.darpa.mil,Defense Research Agency
criticalminerals.darpa.mil,Defense Research Agency
eei.darpa.mil,Defense Research Agency
eri-summit.darpa.mil,Defense Research Agency
extsp16.darpa.mil,Defense Research Agency
fett.darpa.mil,Defense Research Agency
forum.triagechallenge.darpa.mil,Defense Research Agency
forward.darpa.mil,Defense Research Agency
innovationfellowship.darpa.mil,Defense Research Agency
leh-baaXrevc.darpa.mil,Defense Research Agency
leh-boxc.darpa.mil,Defense Research Agency
leh-miprdc.darpa.mil,Defense Research Agency
leh-sbirc.darpa.mil,Defense Research Agency
leh-spntc.darpa.mil,Defense Research Agency
leh-stage.darpa.mil,Defense Research Agency
leh-vaultc.darpa.mil,Defense Research Agency
miprdelivery.darpa.mil,Defense Research Agency
oceanofthings.darpa.mil,Defense Research Agency
sbir.darpa.mil,Defense Research Agency
search.darpa.mil,Defense Research Agency
triagechallenge.darpa.mil,Defense Research Agency
vault.darpa.mil,Defense Research Agency
www.darpa.mil,Defense Research Agency
mypay.dfas.mil,Defense Finance and Accounting Service
smartvoucher.dfas.mil,Defense Finance and Accounting Service
corpweb1.dfas.mil,Defense Finance and Accounting Service
abacusmhs.health.mil,Defense Health Agency
chfs.abausmhs.health.mil,Defense Health Agency
chfs2.abausmhs.health.mil,Defense Health Agency
e2569.abacusmhs.health.mil,Defense Health Agency
mail.dodpvtcloud.health.mil,Defense Health Agency
reporting.abacusmhs.health.mil,Defense Health Agency
ubo.abacusmhs.health.mil,Defense Health Agency
patientportal.mhsgenesis.health.mil,Defense Health Agency
mymilitary.health.mil,Defense Health Agency
crcportal.unet.dtra.mil,Defense Threat Reduction Agency
dtra1mysiteportal.unet.dtra.mil,Defense Threat Reduction Agency
dtra1portal.unet.dtra.mil,Defense Threat Reduction Agency
hrportal.unet.dtra.mil,Defense Threat Reduction Agency
altvdi.dtra.mil,Defense Threat Reduction Agency
vdi.dtra.mil,Defense Threat Reduction Agency
pal.dtra.mil,Defense Threat Reduction Agency
remote.dtra.mil,Defense Threat Reduction Agency
remote1.dtra.mil,Defense Threat Reduction Agency
remote2.dtra.mil,Defense Threat Reduction Agency
egis.dtra.mil,Defense Threat Reduction Agency
ants.jieddo.mil,Defense Threat Reduction Agency
attic.dtra.mil,Defense Threat Reduction Agency
oims.dtra.mil,Defense Threat Reduction Agency
nats.dtra.mil,Defense Threat Reduction Agency
dnws.dtra.mil,Defense Threat Reduction Agency
iwmdt.dtra.mil,Defense Threat Reduction Agency
weather.dtra.mil,Defense Threat Reduction Agency
weather2.dtra.mil,Defense Threat Reduction Agency
weather2-public.dtra.mil,Defense Threat Reduction Agency
weather-public.dtra.mil,Defense Threat Reduction Agency
cbrnedss.dtra.mil,Defense Threat Reduction Agency
jocconops.dtra.mil,Defense Threat Reduction Agency
opscenter.dtra.mil,Defense Threat Reduction Agency
www.mda.mil,Missile Defense Agency
www.mynrh.navy.mil,Navy
www.doncio.navy.mil,Navy
www.npc.navy.mil,Navy
aa.usno.navy.mil,Navy
crf.usno.navy.mil,Navy
maia.usno.navy.mil,Navy
navyfamily.navy.mil,Navy
www.blueangels.navy.mil,Navy
www.history.navy.mil,Navy
www.navair.navy.mil,Navy
www.navyband.navy.mil,Navy
www.onr.navy.mil,Navy
www.secnav.navy.mil,Navy
aim-ctx.ncdc.navy.mil,Navy
a-pes.mmrp.usmc.mil,Navy
webapps.mcieast.usmc.mil,
www1.mcieast.usmc.mil,Navy
BCNR.NAVY.MIL,Navy
cosmos.navy.mil,Navy
cyber.ncis.navy.mil,Navy
dadms.cloud.navy.mil,Navy
DFNTC.NRLSSC.NAVY.SMIL.MIL,Navy
ep.erp.navy.mil,Navy
fa.hqmc.usmc.mil,Navy
flint.nres.navy.smil.mil,Navy
geoint.nrlssc.navy.smil.ml,Navy
hcs.usmc.mil,Navy
admacs.navy.mil,Navy
citrixwi.nasjax.navy.mil,Navy
draix01.usmc-mccs.org,Navy
draix14.usmc-mccs.org,Navy
ncors.navy.mil,Navy
rcx.usmc-mccs.org,Navy
www.ca.usff.navy.mil,Navy
*.partybarge.blackpearl.us,Navy
a2d1portal.navsea.navy.mil,Navy
accesscm.navy.mil,Navy
acts.nmci.navy.smil.mil,Navy
ade.navy.mil,Navy
admin.nag.navy.mil,Navy
adss.dc3n.navy.mil,Navy
afsas.safety.af.mil,Navy
agp.navfac.navy.mil,Navy
ahss.usmc.mil,Navy
aimtc.nuwc.navy.mil,Navy
airworthiness.navair.navy.mil,Navy
alerts1.mcdsus.mcds.usmc.mil,Navy
amhs.jmhs.cpf.navy.mil,Navy
amhs.jmhs.cpf.navy.smil.mil,Navy
ams.navair.navy.mil,Navy
amsrrashore.csd.disa.mil,Navy
app.mcboss.usmc.mil,Navy
applications.navsup.navy.mil,Navy
applications.navsup.navy.mil,Navy
applications.navsup.navy.mil,Navy
applications.navsup.navy.mil,Navy
applications.navsup.navy.mil,Navy
applications.navsup.navy.mil,Navy
applications.navsup.navy.mil,Navy
applications.navsup.navy.mil,Navy
applications.navsup.navy.mil,Navy
apps.dse.futures.army.mil,Navy
apps.mcboss.usmc.mil,Navy
apps.nag.navy.mil,Navy
apps.navsea.navy.mil,Navy
ars.navatfp.dc3n.navy.mil,Navy
asm.navy.mil,Navy
asm3.nmci.navy.mil,Navy
atc.navy.mil,Navy
autonoa.army.mil,Navy
autosaar.usmc.mil,Navy
avplm.services.nres.navy.mil,Navy
awis.navair.navy.mil,Navy
bims.navfac.navy.mil,Navy
bol.navy.mil,Navy
bracbims.bracpmo.navy.mil,Navy
c4isuite.atfp.cnic.navy.mil,Navy
c4isuite.atfp.cnic.navy.smil.mil,Navy
cadpad.navair.navy.mil,Navy
camis.nre.navy.mil,Navy
cams.hqmc.usmc.smil.mil,Navy
cats.abl.navsea.navy.mil,Navy
cdms.navsea.navy.mil,Navy
cdms-nf.nmci.navy.mil,Navy
cedcchrgw.dc3n.navy.mil,Navy
cedcchrgw.dc3n.navy.mil,Navy
cedcchrgw.dc3n.navy.mil,Navy
cffo.fleetforces.navy.smil.mil,Navy
cfwebx.ports.navy.mil,Navy
chaos.usmc.mil,Navy
cims.nmci.navy.mil,Navy
cimts.navair.navy.mil,Navy
circuits.navfac.navy.mil,Navy
cirras.dc3n.navy.mil,Navy
civbenefits.dc3n.navy.mil,Navy
clc2s.usmc.mil,Navy
clear.oni.nmci.navy.smil.mil,Navy
clnr.hqi.usmc.mil,Navy
cloud.navy.mil,Navy
cmas.nswcpd.navy.mil,Navy
cmis.navair.navy.mil,Navy
cmmainweb.dc3n.navy.mil,Navy
CMP.NCDC.NAVY.MIL,Navy
cmpro.navair.navy.mil,Navy
cmpro.navy.mil,Navy
cmpropac.navy.mil,Navy
cnafcs.dc3n.navy.mil,Navy
cobra.csd.disa.mil,Navy
codenest.dc3n.navy.mil,Navy
connect.navyaims.net,Navy
console.wseast.navair.navy.mil,Navy
corp.dc3n.navy.mil,Navy
cpesrs.navair.navy.mil,Navy
cpm-essc.training.navy.smil.mil,Navy
csacms.cnic.navy.mil;,Navy
csams.dc3n.navy.mil,Navy
csg2.navyaims.net,Navy
cuthill.dt.navy.mil,Navy
cv-sharp.cvnxx.mil,Navy
cxmillprod.bol.navy.mil,Navy
cyp.cnic.n9portal.net,Navy
dacmmis.navy.mil,Navy
decisionlens.cnic.navy.mil,Navy
deckplate.navair.navy.mil,Navy
donibsatlas.secnav.navy.mil,Navy
drrsn.nrre.navy.smil.mil,Navy
dscats.navy.mil,Navy
dtt.navy.mil,Navy
dwreports.navair.navy.mil,Navy
ea.ekr.cprobe.army.mil,Navy
ebusiness.submepp.navy.mil,Navy
ecms.navfac.navy.mil,Navy
e-commerce.dc3n.navy.mil,Navy
ecraft.csd.disa.mil,Navy
edw.csd.disa.mil,Navy
efem.psns.navy.mil,Navy
eforms.nslc.navy.mil,Navy
eims.dc3n.navy.mil,Navy
eims.navair.navy.smil.mil,Navy
eis.nslc.navy.mil,Navy
ems.logcom.usmc.mil,Navy
encore.usmc.mil,Navy
eprweb.cnic.navy.mil,Navy
epx.erp.navy.mil,Navy
eris.mceits.usmc.mil,Navy
esams.cnic.navy.mil,Navy
essims.navy.mil,Navy
esso.dc3n.navy.mil,Navy
exmis.navfac.navy.mil,Navy
facilities-integration.usmc.mil,Navy
factsprod.milcloud.mil,Navy
fecd.dc3n.navy.mil,Navy
ffsmis.cnic.navy.mil,Navy
fist.navair.navy.mil,Navy
flighthub.navair.navy.mil,Navy
forms.navfac.navy.mil,Navy
fres.cnic.navy.mil,Navy
fsm.navsup.navy.mil,Navy
fuse.navy.mil,Navy
fusion.navy.mil,Navy
fwb.metoc.navy.mil,Navy
g2.cnic.navy.mil,Navy
gaa351.matcom.usmc.mil,Navy
gccsportal.mcw.ad.usmc.smil.mil,Navy
gcssmc-sakc.usmc.mil,Navy
gis.aw3s.navy.mil,Navy
goes.bol.navy.mil,Navy
govnxg.seaport.navy.mil,Navy
harps.dc3n.navy.mil,Navy
help.nswcphd.smil.mil,Navy
hqmcportal.hqi.usmc.mil,Navy
hrms.usmc-mccs.org,Navy
hrojas.cnfj.navy.mil,Navy
httds.dc3n.navy.mil,Navy
ias2.ports.navy.mil,Navy
ibons.navair.navy.mil,Navy
ibpesprod01.navy.mil,Navy
icrane.nmci.navy.mil,Navy
ide.peocarriers.navy.mil,Navy
iefacman.navfac.navy.mil,Navy
infosec.navy.mil,Navy
ipdm.navy.mil,Navy
irr.mcdsus.mcds.usmc.mil,Navy
iscsc.dc3n.navy.mil,Navy
issf.dc3n.navy.mil,Navy
itservices.phdnswc.nmci.navy.mil,Navy
jaws.jecs.csd.disa.mil,Navy
jdrs.mil,Navy
jedmics.navair.navy.mil,Navy
jeod.disa.smil.mil,Navy
kokee.pmrf.navy.mil,Navy
las.netc.ncdc.navy.mil,Navy
las.training.navy.smil.mil,Navy
lawc.ports.navy.mil,Navy
lcmi.logcom.usmc.mil,Navy
lcmi.logcom.usmc.mil,Navy
lcmi.logcom.usmc.mil,Navy
learning.nel.navy.mil,Navy
legalfiles.cnrc.navy.mil,Navy
LFSApps.mceits.usmc.mil,Navy
lodgingguestportal.usmc-mccs.org,Navy
lpds2.jten.mil,Navy
lssat.crane.navy.mil,Navy
main.prod.cetars.training.navy.mil,Navy
make.nswc.navy.mil,Navy
malseit.navair.navy.mil,Navy
marketplace-ti.sd.spawar.navy.mil,Navy
maximo.navfac.navy.mil,Navy
mcalms.usmc.mil,Navy
mcfmis.hqi.usmc.mil,Navy
mcipacviewer.mcdsus.mcds.usmc.mil,Navy
mcmbprod.logcom.usmc.mil,Navy
mcpas.logcom.usmc.mil,Navy
mcpic.bic.usmc.mil,Navy
mcriss.marines.usmc.mil,Navy
mcsrc.mceits.usmc.mil,Navy
mctims.usmc.mil,Navy
MEASURE.NAVAIR.NAVY.MIL,Navy
metbenchhq01.nmci.navy.mil,Navy
metcal.corona.nmci.navy.mil,Navy
mfom.sscno.nmci.navy.mil,Navy
mfrsharepoint.mcdsus.mcds.usmc.mil,Navy
mfs.mcdsus.mcds.usmc.mil,Navy
miap.csd.disa.mil,Navy
miap.csd.disa.mil,Navy
milapps.mcieast.usmc.mil,Navy
mms-stg.mceits.usmc.mil,Navy
modelstm1web.manpower.usmc.mil,Navy
mrabi.nmci.navy.mil,Navy
mrrs.dc3n.navy.mil,Navy
msada.dc3n.navy.mil,Navy
mscjira.dc3n.navy.mil,Navy
msharp.mceits.usmc.mil,Navy
mssis.volpe.dot.gov,Navy
MSWP.SUBMEPP.NAVY.MIL,Navy
mto.logcom.usmc.mil,Navy
my.navsup.navy.mil,Navy
mynatec.navair.navy.mil,Navy
mynavyassignment.dc3n.navy.mil,Navy
mypd.nswcpd.navy.mil,Navy
myteam.navair.navy.mil,Navy
nasims.audit.navy.mil,Navy
nasis.cnrc.navy.mil,Navy
naval.oceanography.navy.mil,Navy
naval.oceanography.navy.smil,Navy
naval.oceanography.navy.smil.mil,Navy
navitas.navy.mil,Navy
navlogtd.navsses.navy.mil,Navy
navlogtd.navy.mil,Navy
navsea.cmpro.navy.mil,Navy
navsea.navy.deps.mil,Navy
navsea-ide.navy.mil,Navy
navy.emass.apps.mil,Navy
navynpc.my.salesforce.mil,Navy
ncmis.cnet.navy.mil,Navy
ncor.nioc-norfolk.navy.mil,Navy
NDLS.NWDC.NAVY.MIL,Navy
neas.ncdc.navy.mil,Navy
nedcchrgw.dc3n.navy.mil,Navy
neitsm.dc3n.navy.mil,Navy
nepapams.usmc.mil,Navy
nepoc.oceanography.navy.mil,Navy
nepoc.oceanography.navy.smil.mil,Navy
netccentral.cnet.navy.mil,Navy
netfocus.ncdc.navy.mil,Navy
netops.cpf.navy.smil.mil,Navy
newportal.nwpt.nuwc.navy.mil,Navy
newportalv2.nwpt.nuwc.navy.mil,Navy
newportalv2.nwpt.nuwc.navy.mil,Navy
newportalv3.nwpt.nuwc.navy.mil,Navy
newportalv3.nwpt.nuwc.navy.mil,Navy
nfact.navfac.navy.mil,Navy
nif.nmci.navy.mil,Navy
nights.ncdc.navy.mil,Navy
niris.navfac.navy.mil,Navy
nitep.navfac.navy.mil,Navy
nitra.navair.navy.smil.mil,Navy
nitrex.nmci.navy.mil,Navy
niweb05.nadepni.navy.mil,Navy
niwp01.nadepni.navy.mil,Navy
niwp01.nadepni.navy.mil,Navy
njis.navy.mil,Navy
nll.navsup.navy.mil,Navy
nmci-wny.nmci.navy.mil,Navy
nmpbs.dc3n.navy.mil,Navy
nmpbs.n10.npc.navy.mil,Navy
nmrs.dc3n.navy.mil,Navy
nncms.cnic.navy.mil,Navy
norm.navfac.navy.mil,Navy
nossa.dc3n.navy.mil,Navy
notess.cotf.navy.mil,Navy
npccontactcenter.ahf.nmci.navy.mil,Navy
npt.nuwc.navy.mil,Navy
nrows.dc3n.navy.mil,Navy
nrrm.nrre.navy.mil,Navy
nsdsa.dc3n.navy.mil,Navy
nsips.nmci.navy.mil,Navy
nslcweb32.nslc.navy.mil,Navy
nslcweb32.nslc.navy.mil,Navy
nslcweb37.nslc.navy.mil,Navy
nslcweb53.nslc.navy.mil,Navy
nst.navair.navy.smil.mil,Navy
nswapps.navsoc.socom.smil.mil,Navy
nswcpcweb.DC3N.navy.mil,Navy
ntims.nrre.navy.smil.mil,Navy
ntira.dc3n.navy.mil,Navy
ntmpsweb.dc3n.navy.mil,Navy
nwdc.navy.mil,Navy
nwdc.navy.smil.mil,Navy
nwdc-edcss.ncte.navy.local,Navy
nwrt.cnrc.navy.mil,Navy
obligations.navair.navy.mil,Navy
ocie.cran.nmci.navy.mil,Navy
odsf.mcw.usmc.mil,Navy
oeptools.navair.navy.mil,Navy
ogconline.navy.mil,Navy
ombudsmanregistry.cnic.navy.mil,Navy
oni.nmci.navy.smil.mil,Navy
onroutside.onr.navy.mil,Navy
OPA.NAVY.MIL,Navy
opas.navy.mil,Navy
orcacoke.spawar.navy.mil,Navy
otoolsweb.cnrc.navy.mil,Navy
p739w001.cfms.navy.mil,Navy
pa-net.navy.mil,Navy
parr0901.mcdsus.mcds.usmc.mil,Navy
passport.intelink.gov,Navy
paxrimd1.navair.navy.mil,Navy
pbisdb.navair.navy.smil.mil,Navy
pbisdb2.cloud.navy.mil,Navy
PCOLA-APP.CNET.NAVY.MIL,Navy
phb.hrmc.navy.mil,Navy
phdcis.phdnswc.nmci.navy.mil,Navy
phintranet.phnsy.navy.mil,Navy
phx04.phx.cpf.navy.smil.mil,Navy
pinnacles.sd.spawar.navy.mil,Navy
pluto.phdnswc.nmci.navy.mil,Navy
PMD.NAVAIR.NAVY.MIL,Navy
pmo.chs.spawar.navy.mil,Navy
pmohq.dc3n.navy.mil,Navy
PMSES.NAVY.MIL,Navy
pmsmis.navy.mil,Navy
poms.cnic.navy.mil,Navy
portal.cdmd.navy.mil,Navy
portal.cdmd.navy.mil,Navy
portal.fnmoc.navy.mil,Navy
portal.fnmoc.navy.smil.mil,Navy
portal.navfac.navy.mil,Navy
portal.nmci.navy.mil,Navy
portal.nwdc.navy.mil,Navy
portal.nwdc.navy.smil.mil,Navy
portal.peoeis.navy.mil,Navy
portal.phdnswc.nmci.navy.mil,Navy
portal.secnav.navy.mil,Navy
poseidon.navy.mil,Navy
ppr.nslc.navy.mil,Navy
prdwebserv17.navair.navy.mil,Navy
prdwebserv8.navair.navy.mil,Navy
prep.insight.cnic.navy.mil,Navy
pridemod.dc3n.navy.mil\PrideMod\Default.aspx,Navy
prism.nre.navy.mil,Navy
prisms.nmci.navy.mil,Navy
private.navyreserve.navy.mil,Navy
prod.asixs.navy.mil,Navy
prodhr.np2.cloud.navy.mil,Navy
promis.navy.mil,Navy
prt.nmci.navy.mil,Navy
qcts.no.navy.mil,Navy
rabbithole.dc3n.navy.mil,Navy
ram.navair.navy.mil,Navy
ramp.navair.navy.mil,Navy
rapid.cnic.navy.mil,Navy
rcrp.csd.disa.mil,Navy
rdais.navy.mil,Navy
readinesssuite.navsup.navy.mil,Navy
redi.navy.mil,Navy
reports.cse.spawar.navy.mil,Navy
reports.dc3n.navy.mil,Navy
repository.jpeojtrs.mil,Navy
revs.cnic.navy.mil,Navy
rfmt.private.navyreserve.navy.mil,Navy
rhics.csd.disa.mil,Navy
rims.dc3n.navy.mil,Navy
rims.ncis.navy.mil,Navy
rmaisweb.nmci.navy.mil,Navy
rram.navnsup.navy.mil,Navy
rtam.tecom.usmc.mil,Navy
rtamms.mceits.usmc.mil,Navy
rtar.navyreserve.navy.mil,Navy
s2de.nmci.navy.smil.mil,Navy
sabar.sscno.nmci.navy.mil,Navy
sadie.nmci.navy.mil,Navy
safe.navy.smil.mil,Navy
sams.mceits.usmc.mil,Navy
sarmis.secnav.navy.mil,Navy
sdremedyweb.sd.fisc.navy.mil,Navy
seashare.spawar.navy.mil,Navy
seat1.cpf.navy.mil,Navy
seat1.nmci.navy.mil,Navy
seat1.nmci.navy.mil,Navy
seatracq.nslc.navy.mil,Navy
secure.fedramp-firstdue.us,Navy
sedir.cse.spawar.navy.mil,Navy
sems.dc3n.navy.mil,Navy
sems.sscno.nmci.navy.mil,Navy
servicenow.les.mil,Navy
sfim.cnic.navy.mil,Navy
sharepoint.cran.nmci.navy.smil.mil,Navy
sharp.nmci.navy.mil,Navy
sharp.nmci.navy.mil,Navy
shipname.navy.smil.mil,Navy
sims.dc3n.navy.mil,Navy
sked.abl.navy.mil,Navy
slicwave.crane.navy.mil,Navy
smds.navair.navy.smil.mil,Navy
smmis.submepp.navy.mil,Navy
smmp-mc.usmc.mil,Navy
sms.dc3n.navy.mil,Navy
snasts.navy.mil,Navy
sop.ahf.nmci.navy.mil,Navy
sp.nis.navy.mil,Navy
spider.navy.mil,Navy
spiders.navfac.navy.mil,Navy
spmide.plm.dc3n.navy.mil,Navy
ssl2.kpt.nuwc.navy.mil,Navy
sso.tfs.usmc.mil,Navy
ssuesxwi.supship.navy.mil,Navy
stan3.navy.mil,Navy
stats.sscno.nmci.navy.mil,Navy
stratis.usmc.mil,Navy
swms.dc3n.navy.mil,Navy
syapps.psns.navy.mil,Navy
syapps.psns.navy.mil,Navy
syapps.psns.navy.mil,Navy
syapps.psns.navy.mil,Navy
syapps.psns.navy.mil,Navy
syapps.psns.navy.mil,Navy
synchro.spawar-chas.navy.smil.mil,Navy
sysm.onr.navy.mil,Navy
t3.mcdsus.mcds.usmc.mil,Navy
tarp.navsup.navy.mil,Navy
tcpt.usmc.mil,Navy
tdc.dc3n.navy.mil,Navy
tdp.nslc.navy.mil,Navy
teamtrack.netc.navy.mil,Navy
telemetry.usmc.mil,Navy
tempalt.nuwckpt.navy.smil.mil,Navy
tfars.spawaritc.navy.mil,Navy
tfdw-web.mceits.usmc.mil,Navy
tfmms.dc3n.navy.mil,Navy
tfrs.mceits.usmc.mil,Navy
tfrtools.navair.navy.mil,Navy
tfsms.mceits.usmc.mil,Navy
tips.navy.mil,Navy
titan.navair.navy.mil,Navy
tmd.navair.navy.mil,Navy
tmde.logcom.usmc.mil,Navy
tomis.nwptf.nuwc.navy.mil,Navy
toris.dc3n.navy.mil,Navy
tracker.adr.navy.mil,Navy
trends.nrlssc.navy.smil.mil,Navy
triannual.cse.spawar.navy.mil,Navy
trims.dc3n.navy.mil,Navy
trims.dc3n.navy.mil,Navy
trinidad.cse.spawar.navy.mil,Navy
trms.dc3n.navy.mil,Navy
tscmis.spawar-chas.navy.smil.mil,Navy
tsharp.dc3n.navy.mil,Navy
tsm-c.dc3n.navy.mil,Navy
tso-horizon.mcw.usmc.mil,Navy
tsosp.usmc.mil,Navy
tsp.nuwcnpt.navy.mil,Navy
tubaweb.dt.navy.mil,Navy
twms.dc3n.navy.mil,Navy
uat-icat.usmc.mil,Navy
ulmt.ndcsd.nmci.navy.mil,Navy
unmirror.nmic.navy.mil,Navy
usmap.cnet.navy.mil,Navy
usmcmax.usmc.mil,Navy
usmcu.edu,Navy
v22fst.nadepcp.navy.mil,Navy
v22fst.navair.navy.mil,Navy
vce.tecom.usmc.mil,Navy
vlab.chs.spawar.navy.mil,Navy
vram.navy.mil,Navy
waanswcdap01.nmci.navy.mil,Navy
wamo.nmci.navy.mil,Navy
warchest.nmic.ic.gov,Navy
watercraft.dc3n.navy.mil,Navy
waw.kypt.nmci.navy.mil,Navy
wdts.supshipgc.navy.mil,Navy
web.ports.navy.mil,Navy
web.ports.navy.mil,Navy
web.ports.navy.mil,Navy
web.ports.navy.mil,Navy
web.salts.navy.mil,Navy
web2.cpa.navy.mil,Navy
webapps.mcieast.usmc.mil,Navy
webapps.nnsy.navy.mil,Navy
webapps.nnsy.navy.mil,Navy
webapps.trfkb.navy.mil,Navy
webappshr.nrl.navy.mil,Navy
webappspdms.nrl.navy.mil,Navy
webisis.nmci.navy.mil,Navy
webjedmics.navair.navy.mil,Navy
weblog.navy.mil,Navy
webmail-rear.jtf519.smil.mil,Navy
webmass3.manpower.usmc.mil,Navy
webotf.ahf.nmci.navy.mil,Navy
webserd.lakehurst.navy.mil,Navy
websteam.cnrc.navy.mil,Navy
wess.safetycenter.navy.mil,Navy
wfmp.navair.navy.mil,Navy
whaleback.submepp.navy.mil,Navy
wide.kpt.nuwc.navy.mil,Navy
windchill.navair.navy.mil,Navy
wls.sscpac.nmci.navy.mil,Navy
wms.navair.navy.mil,Navy
wssct.usmc.mil,Navy
wtpts.cnic.navy.mil,Navy
www.atav.navy.mil,Navy
www.bavr.cnic.navy.mil,Navy
www.bol.navy.mil,Navy
www.bol.navy.mil,Navy
www.bol.navy.mil,Navy
www.bol.navy.mil,Navy
www.bol.navy.mil,Navy
www.cbrd.navy.mil,Navy
www.cets.dc3n.navy.mil,Navy
www.chinfo.navy.mil,Navy
www.cm.navsea.navy.mil,Navy
www.cno.navy.mil,Navy
www.cpars.gov,Navy
www.crsc.secnav.navy.mil,Navy
www.csp.navy.smil.mil,Navy
www.ctf74.navy.smil.mil,Navy
www.deip.jmie.sgov.gov,Navy
www.drrsmc.hqmc.usmc.smil.mil,Navy
www.emh.housing.navy.mil,Navy
www.emh.housing.navy.mil and www.homes.mil,Navy
www.ep2.mcsc.usmc.mil,Navy
www.etims.navy.mil,Navy
www.eu.navy.mil,Navy
www.fmosystems.navy.mil,Navy
www.fmosystems.navy.mil,Navy
www.fmosystems.navy.mil,Navy
www.fmosystems.navy.mil,Navy
www.fmosystems.navy.mil,Navy
www.fmosystems.navy.mil,Navy
www.fmosystems.navy.mil,Navy
www.fmosystems.navy.mil,Navy
www.geofidelis.usmc.mil,Navy
www.insidenslc.navy.mil,Navy
www.iwtg.navy.smil.mil,Navy
www.jtdi.mil,Navy
www.linxncr.us,Navy
www.maintenance.navy.mil,Navy
www.manpower.usmc.mil,Navy
www.marcims.org,Navy
www.marinenet.usmc.mil,Navy
www.mcboss.usmc.mil,Navy
www.mcdss.mcboss.usmc.mil,Navy
www.mceap.usmc.mil,Navy
www.mcendw.marcorsyscom.usmc.mil,Navy
www.muwinfodesk.navy.mil,Navy
www.muwinfodesk.navy.mil,Navy
www.mynrh.navy.mil,Navy
www.navsup.navy.mil,Navy
www.navy.portal.mil,Navy
www.ncca.navy.mil,Navy
www.ncca.navy.mil,Navy
www.nde.navy.mil,Navy
www.ndp.navy.mil,Navy
www.neco.navy.mil,Navy
www.nescdw.navsea.navy.mil,Navy
www.nipo.navy.mil,Navy
www.niwcatlantic.navy.mil,Navy
www.nko.navy.mil,Navy
www.nmci.nswccd.navy.smil.mil,Navy
www.nrlmry.navy.mil,Navy
www.NSIPS.cloud.navy.mil,Navy
www.nslcptsmh.csd.disa.mil,Navy
www.nssa.nmci.navy.mil,Navy
www.nwdc.navy.mil,Navy
www.oars.navsea.navy.mil,Navy
www.ois.disa.mil,Navy
www.onetouch.navy.mil,Navy
www.paraderes.hqi.usmc.mil,Navy
www.pdrep.csd.disa.mil,Navy
www.pid.cnic.navy.mil,Navy
www.prbuilder.usmc.mil,Navy
www.prod.caris.netc.navy.mil,Navy
www.prod.edsapp.cnet.navy.smil.mil,Navy
www.prod.jalis.mil,Navy
www.sd.vte.training.navy.mil,Navy
www.secnav.navy.mil,Navy
www.shipops.net,Navy
www.siatss.navy.mil,Navy
www.sldcada.dc3n.navy.mil,Navy
www.smartwebmove.navsup.navy.mil,Navy
www.spear.navy.mil,Navy
www.sprs.csd.disa.mil,Navy
www.techrep.navy.mil,Navy
www.tiger.marcorsyscom.usmc.mil,Navy
www.uar.cas.navy.smil.mil,Navy
www.uarnoc.cas.navy.smil.mil,Navy
www.usmc.hmms.mil,Navy
www.usmcobmt.com,Navy
www.vamosc.navy.mil,Navy
www1.mcieast.usmc.mil,Navy
www1.mcieast.usmc.mil,Navy
www1.trfkb.navy.mil,Navy
www2.mccll.usmc.mil,Navy
www2.navfac.navy.mil,Navy
www2.oix.navy.mil,Navy
wwwdd.csd.disa.mil,Navy
xiam.cnic.navy.mil,Navy
yinet001.srf.local,Navy
zathras.spawar.navy.mil,Navy
"chianti.spawar.navy,mil",Navy
chianti.spawar.navy.mil,Navy
chianti.spawar.navy.mil,Navy
chianti.spawar.navy.mil,Navy
drrsn.nrre.navy.mil,Navy
jxsrv03.nadsusea.nads.navy.mil,Navy
militaps.nmci.navy.mil,Navy
nrdw.navyreserve.navy.mil,Navy
nslcweb32.nslc.navy.mil\nslcPortal\main\welcome.do,Navy
www.mnp.navy.mil,Navy
chianti.spawar.navy.mil,Navy
Intra1.nadsusea.nads.navy.mil,Navy
ice.ncis.navy.mil,Navy
idp.mcrissii.marines.usmc.mil,Navy
Internal IP specific.,Navy
Internally configured per site.,Navy
itsmweb.dc3n.navy.mil,Navy
mccast2.mceits.usmc.mil,Navy
mcess-ams.usmc.mil,Navy
MCICOMPortal.MCICOM.USMC.MIL,Navy
milrec.biblivation,Navy
minotaur.nrlssc.navy.mil,Navy
mmt.usmc.mil,Navy
msclogqa.dc3n.navy.mil,Navy
msctfm.dc3n.navy.mil,Navy
Mymsctfm.dc3n.navy.mil,Navy
nfoses.net,Navy
nmic.navy.smil.mil,Navy
nserc.nswc.navy.mil,Navy
portal.onr.spawar-chas.navy.smil.mil,Navy
ppicss.hqi.usmc.mil,Navy
prismsweb.nmci.navy.mil,Navy
c27cfmscnlap61a.ncdc.navy.mil,Navy
raven.navy.smil.mil,Navy
safetycenter.navy.mil,Navy
sailor.navy.mil,Navy
alertsci.nmci.navy.mil,Navy
ssp.nuwc.navy.mil,Navy
supsalv.navy.mil,Navy
swat.dc3n.navy.mil,Navy
tecnet1.jcte.jcs.mil,Navy
seaspace-u.nswccd.navy.mil,Navy
usnbgtmo.navy.smil.mil,Navy
v22ric.navy.mil,Navy
vcloud.gun.csd.disa.mil,Navy
www.anchordesk.navy.smil.mil,Navy
www.builder.usmc.mil,Navy
www.donhq.navy.mil,Navy
www.enclave.cmil.mil,Navy
www.esi.mil,Navy
www.securerelease.us,Navy
www.leddex.us,Navy
www.ncca.navy.mil,Navy
WWW.NPC.NAVY.MIL,Navy
www.nrlssc.navy.mil,Navy
WWW.NWC.NAVY.MIL,Navy
www.prod.etrms.netc.navy.mil,Navy
www.spawar.navy.smil.mil,Navy
www.spawar-maintenance.navy.mil,Navy
www.supship.navy.mil,Navy
www.surveys.secnav.navy.mil,Navy
www.swonet.navy.mil,Navy
www.training.navy.mil,Navy
wawf.eb.mil,Navy
cpm-aim.ncdc.navy.mil,Navy
www.trmc.osd.mil,OSD
www.cool.osd.mil,OSD
www.acq.osd.mil,OUSD
www.socom.mil,SOCOM
cgmix.uscg.mil,U.S. Coast Guard
cgcart.uscg.mil,U.S. Coast Guard
cgrri.uscg.mil,U.S. Coast Guard
homeport.uscg.mil,U.S. Coast Guard
sageearth.northcom.mil,
sagewind.northcom.mil,
www.jfhq-dodin.mil,
army.dodlodging.net,Army
www.manationalguard.net,Army
goarmywestpoint.evenue.net,Army
afrts.net,Defense Media Activity
myafn.net,Defense Media Activity
afneurope.net,Defense Media Activity
afnpacific.net,Defense Media Activity
www.afngo.net,Defense Media Activity
api.dvidshub.net,Defense Media Activity
cms.dvidshub.net,Defense Media Activity
v2cms.dvidshub.net,Defense Media Activity
www.dvidshub.net,Defense Media Activity
usace.on.worldcat.org,Army
usace.contentdm.oclc.org,Army
www.78tharmyband.org,Army
www.thenmusa.org,Army
afrts.org,Defense Media Activity
africacenter.org,Joint Chiefs of Staff
www.masscommunicationtool.org,Navy
www.afcmrs.org,U.S. Air Force
www.airforcetechconnect.org,U.S. Air Force
nationalcoastguardmuseum.org,U.S. Coast Guard
uscgboating.org,U.S. Coast Guard
29palms.usmc-mccs.org,U.S. Marine Corps
8thandi.usmc-mccs.org,U.S. Marine Corps
albany.usmc-mccs.org,U.S. Marine Corps
Barstow.usmc-mccs.org,U.S. Marine Corps
bridgeport.usmc-mccs.org,U.S. Marine Corps
campfuji.usmc-mccs.org,U.S. Marine Corps
cherrypoint.usmc-mccs.org,U.S. Marine Corps
hamptonroads.usmc-mccs.org,U.S. Marine Corps
hawaii.usmc-mccs.org,U.S. Marine Corps
hendersonhall.usmc-mccs.org,U.S. Marine Corps
iwakuni.usmc-mccs.org,U.S. Marine Corps
lejeunenewriver.usmc-mccs.org,U.S. Marine Corps
miramar.usmc-mccs.org,U.S. Marine Corps
pendleton.usmc-mccs.org,U.S. Marine Corps
quantico.usmc-mccs.org,U.S. Marine Corps
sandiego.usmc-mccs.org,U.S. Marine Corps
southcarolina.usmc-mccs.org,U.S. Marine Corps
www.okinawa.usmc-mccs.org,U.S. Marine Corps
www.usmc-mccs.org,U.S. Marine Corps
yuma.usmc-mccs.org,U.S. Marine Corps
dlnseo.org,
www.safehelpline.org,
sems2.serdp-estcp.org,
www.39tharmyband.com,Army
www.40thidband.us,Army
www.nsin.us,Army
www.unum.nsin.us,Army
www.mda-osbp.powerappsportals.us,Missile Defense Agency
dodstem.us,OUSD
dev.stargazer.teambespin.us,U.S. Air Force
main.dev.vip.teambespin.us,U.S. Air Force
feature-6234.dev.digitalu.teambespin.us,U.S. Air Force
spend.int.cloudops.teambespin.us,U.S. Air Force
feature-socom.dev.digitalu.teambespin.us,U.S. Air Force
feature-5826.dev.digitalu.teambespin.us,U.S. Air Force
epic-sql-migration.dev.digitalu.teambespin.us,U.S. Air Force
admin.prod.kinderspot.teambespin.us,U.S. Air Force
teambespin.us,U.S. Air Force
www.nro.gov ,National Reconnaissance Office
www.nsa.gov ,National Security Agency
recruiting.army.mil ,Army
www.pfpa.mil ,Pentagon Force Protection Agency
dinfos.edu,Defense Media Activity
pavilion.dinfos.edu,Defense Media Activity
cisa.ndu.edu,Joint Chiefs of Staff
cco.ndu.edu,Joint Chiefs of Staff
www.usmcu.edu,U.S. Marine Corps
oig.nsa.gov ,National Security Agency
www.insider-risk.gov,OSD
business.defense.gov,OSD
comptroller.defense.gov,OUSD
dacowits.defense.gov,OUSD
rfpb.defense.gov,OUSD
prevention.mil,OUSD
dodsioo.defense.gov,
afd.defense.gov ,
basicresearch.defense.gov ,
dodcertpmo.defense.gov ,
innovation.defense.gov ,
minerva.defense.gov ,
ousdi.defense.gov ,
www.agc.army.mil ,Army
www.hnc.usace.army.mil,Army
www.iwr.usace.army.mil,Army
www.lrb.usace.army.mil,Army
www.lrc.usace.army.mil,Army
www.lrh.usace.army.mil,Army
www.lrl.usace.army.mil,Army
www.lrn.usace.army.mil,Army
www.lrp.usace.army.mil,Army
www.mvs.usace.army.mil,Army
www.nad.usace.army.mil,Army
www.nws.usace.army.mil,Army
www.nww.usace.army.mil,Army
www.poa.usace.army.mil,Army
www.pof.usace.army.mil,Army
www.poh.usace.army.mil,Army
www.sad.usace.army.mil,Army
www.sas.usace.army.mil,Army
www.spa.usace.army.mil,Army
www.spd.usace.army.mil,Army
www.swd.usace.army.mil,Army
www.swg.usace.army.mil,Army
cyberdefensereview.army.mil ,Army
vt.public.ng.mil,Army
enterprisemanagement.army.mil ,Army
peoc3t.army.mil,Army
phcp.health.mil ,Army
www.10thaamdc.army.mil ,Army
www.12cab.army.mil ,Army
www.19bcd.army.mil ,Army
www.1tsc.army.mil ,Army
www.21tsc.army.mil ,Army
www.2cr.army.mil ,Army
www.2sigbde.army.mil ,Army
www.409csb.army.mil ,Army
www.41fab.army.mil ,Army
www.7atc.army.mil ,Army
www.aepubs.eur.army.mil ,Army
www.afod.eur.army.mil ,Army
www.afsbeurope.army.mil ,Army
www.amc.army.mil ,Army
www.amcom.army.mil ,Army
www.amlc.army.mil ,Army
www.arcyber.army.mil ,Army
www.armyupress.army.mil ,Army
www.asafm.army.mil ,Army
www.aschq.army.mil ,Army
www.band.eur.army.mil ,Army
www.jpeocbrnd.osd.mil       ,Army
www.mepcom.army.mil ,Army
www.peosoldier.army.mil ,Army
www.smdc.army.mil ,Army
www.tobyhanna.army.mil ,Army
www.usafmcom.army.mil ,Army
www.usanato.army.mil ,Army
www.usarcent.army.mil ,Army
www.dfas.mil ,Defense Finance and Accounting Service
airforceacademy.tricare.mil ,Defense Health Agency
corpuschristi.tricare.mil ,Defense Health Agency
eglin.tricare.mil ,Defense Health Agency
health.mil,Defense Health Agency
hill.tricare.mil ,Defense Health Agency
lemoore.tricare.mil ,Defense Health Agency
www.spaceforce.mil,Defense Media Activity
www.northcom.mil,NORTHCOM
www.vandenberg.spaceforce.mil,Space Force
www.spacebasedelta1.spaceforce.mil,Space Force
www.12af.acc.af.mil,U.S. Air Force
www.8af.af.mil,U.S. Air Force
www.specialwarfaretw.af.mil,U.S. Air Force
www.908aw.afrc.af.mil,U.S. Air Force
www.12ftw.af.mil,U.S. Air Force
www.gulfportcrtc.ang.af.mil,U.S. Air Force
www.aft3.af.mil,U.S. Air Force
www.kesselrun.af.mil,U.S. Air Force
ww3.safaq.hq.af.mil,U.S. Air Force
www.413ftg.afrc.af.mil,U.S. Air Force
www.netcents.af.mil,U.S. Air Force
www.afhistoryandmuseums.af.mil,U.S. Air Force
www.airuniversity.af.mil,U.S. Air Force
www.shadowsedge.mil,U.S. Air Force
www.safety.af.mil,U.S. Air Force
www.learningprofessionals.af.mil,U.S. Air Force
www.arnold.af.mil,U.S. Air Force
www.4af.afrc.af.mil,U.S. Air Force
www.data.af.mil,U.S. Air Force
www.safsq.hq.af.mil,U.S. Air Force
www.175wg.ang.af.mil,U.S. Air Force
www.138fw.ang.af.mil,U.S. Air Force
www.jbmdl.jb.mil,U.S. Air Force
www.compliance.af.mil,U.S. Air Force
www.168wg.ang.af.mil,U.S. Air Force
www.10thmarines.marines.mil,U.S. Marine Corps
www.1stmardiv.marines.mil,U.S. Marine Corps
www.1stmaw.marines.mil,U.S. Marine Corps
www.1stmcd.marines.mil,U.S. Marine Corps
www.1stmlg.marines.mil,U.S. Marine Corps
www.2ndmardiv.marines.mil,U.S. Marine Corps
www.2ndmarines.marines.mil,U.S. Marine Corps
www.2ndmaw.marines.mil,U.S. Marine Corps
www.2ndmeb.marines.mil,U.S. Marine Corps
www.2ndmlg.marines.mil,U.S. Marine Corps
www.3rdmardiv.marines.mil,U.S. Marine Corps
www.3rdmaw.marines.mil,U.S. Marine Corps
www.3rdmeb.marines.mil,U.S. Marine Corps
www.3rdmlg.marines.mil,U.S. Marine Corps
www.3rdmlr.marines.mil,U.S. Marine Corps
www.4thmcd.marines.mil,U.S. Marine Corps
www.6thmarines.marines.mil,U.S. Marine Corps
www.6thmcd.marines.mil,U.S. Marine Corps
www.8thmcd.marines.mil,U.S. Marine Corps
www.9thmcd.marines.mil,U.S. Marine Corps
www.acmc.marines.mil,U.S. Marine Corps
www.albany.marines.mil,U.S. Marine Corps
www.ar.marines.mil,U.S. Marine Corps
www.aviation.marines.mil,U.S. Marine Corps
www.barracks.marines.mil,U.S. Marine Corps
www.beaufort.marines.mil,U.S. Marine Corps
www.bic.marines.mil,U.S. Marine Corps
www.cbirf.marines.mil,U.S. Marine Corps
www.cd.marines.mil,U.S. Marine Corps
www.cdi.marines.mil,U.S. Marine Corps
www.cherrypoint.marines.mil,U.S. Marine Corps
www.cmc.marines.mil,U.S. Marine Corps
www.dmcs.marines.mil,U.S. Marine Corps
www.drumcorps.marines.mil,U.S. Marine Corps
www.dso.marines.mil,U.S. Marine Corps
www.fitness.marines.mil,U.S. Marine Corps
www.fmtbneast.marines.mil,U.S. Marine Corps
www.fmtbnwest.marines.mil,U.S. Marine Corps
www.foia.marines.mil,U.S. Marine Corps
www.fuji.marines.mil,U.S. Marine Corps
www.hmx-1.marines.mil,U.S. Marine Corps
www.hqmc.marines.mil,U.S. Marine Corps
www.hrom.marines.mil,U.S. Marine Corps
www.iandl.marines.mil,U.S. Marine Corps
www.igmc.marines.mil,U.S. Marine Corps
www.iiimef.marines.mil,U.S. Marine Corps
www.iimef.marines.mil,U.S. Marine Corps
www.imef.marines.mil,U.S. Marine Corps
www.information.marines.mil,U.S. Marine Corps
www.intelligence.marines.mil,U.S. Marine Corps
www.japan.marines.mil,U.S. Marine Corps
www.lawenforcement.marines.mil,U.S. Marine Corps
www.logcom.marines.mil,U.S. Marine Corps
www.manpower.marines.mil,U.S. Marine Corps
www.marcorsyscom.marines.mil,U.S. Marine Corps
www.marforcom.marines.mil,U.S. Marine Corps
www.marforcyber.marines.mil,U.S. Marine Corps
www.marforeur.marines.mil,U.S. Marine Corps
www.marforpac.marines.mil,U.S. Marine Corps
www.marforres.marines.mil,U.S. Marine Corps
www.marforsouth.marines.mil,U.S. Marine Corps
www.marforspace.marines.mil,U.S. Marine Corps
www.marineband.marines.mil,U.S. Marine Corps
www.marsoc.marines.mil,U.S. Marine Corps
www.mcasfutenma.marines.mil,U.S. Marine Corps
www.mcasiwakuni.marines.mil,U.S. Marine Corps
www.mcasiwakunijp.marines.mil,U.S. Marine Corps
www.mcaspendleton.marines.mil,U.S. Marine Corps
www.mcasyuma.marines.mil,U.S. Marine Corps
www.mcbbutler.marines.mil,U.S. Marine Corps
www.mcbhawaii.marines.mil,U.S. Marine Corps
www.mcces.marines.mil,U.S. Marine Corps
www.mccog.marines.mil,U.S. Marine Corps
www.mccsss.marines.mil,U.S. Marine Corps
www.mccywg.marines.mil,U.S. Marine Corps
www.mces.marines.mil,U.S. Marine Corps
www.mcesg.marines.mil,U.S. Marine Corps
www.mcia.marines.mil,U.S. Marine Corps
www.mcic.marines.mil,U.S. Marine Corps
www.mcicom.marines.mil,U.S. Marine Corps
www.mcipac.marines.mil,U.S. Marine Corps
www.mcis.marines.mil,U.S. Marine Corps
www.mcjrotc.marines.mil,U.S. Marine Corps
www.mclbbarstow.marines.mil,U.S. Marine Corps
www.mcmwtc.marines.mil,U.S. Marine Corps
www.mcrc.marines.mil,U.S. Marine Corps
www.mcrdpi.marines.mil,U.S. Marine Corps
www.mcrdsd.marines.mil,U.S. Marine Corps
www.mcsf-nola.marines.mil,U.S. Marine Corps
www.mcsfr.marines.mil,U.S. Marine Corps
www.mctssa.marines.mil,U.S. Marine Corps
www.mcwl.marines.mil,U.S. Marine Corps
www.miramar-ems.marines.mil,U.S. Marine Corps
www.music.marines.mil,U.S. Marine Corps
www.newriver.marines.mil,U.S. Marine Corps
www.ocs.marines.mil,U.S. Marine Corps
www.ostc.marines.mil,U.S. Marine Corps
www.pandr.marines.mil,U.S. Marine Corps
www.pendleton.marines.mil,U.S. Marine Corps
www.peols.marines.mil,U.S. Marine Corps
www.ppo.marines.mil,U.S. Marine Corps
www.quantico.marines.mil,U.S. Marine Corps
www.ready.marines.mil,U.S. Marine Corps
www.safety.marines.mil,U.S. Marine Corps
www.sja.marines.mil,U.S. Marine Corps
www.smmc.marines.mil,U.S. Marine Corps
www.tbs.marines.mil,U.S. Marine Corps
www.tecom.marines.mil,U.S. Marine Corps
www.tf612.marines.mil,U.S. Marine Corps
www.tf763.marines.mil,U.S. Marine Corps
www.trademark.marines.mil,U.S. Marine Corps
www.vlco.marines.mil,U.S. Marine Corps
www.woundedwarrior.marines.mil,U.S. Marine Corps
www.wtbn.marines.mil,U.S. Marine Corps
oig.dia.mil ,
www.cac.mil ,
www.cloud.mil ,
www.dc3.mil ,
www.dcaa.mil ,
www.dcsa.mil ,
www.deomi.mil ,
www.dhra.mil ,
www.dodcui.mil ,
www.dodig.mil ,
www.dodnafaccounting.defense.gov ,
www.dote.osd.mil ,
www.metc.mil ,
www.jcs.mil,Joint Chiefs of Staff
outreach.navy.mil,Navy
www.ccsg15.navy.mil,Navy
nmio.ise.gov ,Navy
outreach.navy.mil ,Navy
www.c2f.usff.navy.mil ,Navy
www.c3f.navy.mil ,Navy
www.c6f.navy.mil ,Navy
www.c7f.navy.mil ,Navy
www.ccsg15.navy.mil ,Navy
www.clwp.navy.mil ,Navy
www.cprw1.navy.mil ,Navy
www.csp.navy.mil ,Navy
www.cusnc.navy.mil ,Navy
www.ewtgpac.navy.mil ,Navy
www.ncis.navy.mil ,Navy
www.necc.usff.navy.mil ,Navy
www.nepa.navy.mil ,Navy
www.nsw.navy.mil ,Navy
www.oni.navy.mil ,Navy
www.ttgp.navy.mil ,Navy
www.jiatfs.southcom.mil,SouthCom
www.patrick.spaceforce.mil,Space Force
www.931arw.afrc.af.mil,U.S. Air Force
www.afnwc.af.mil,U.S. Air Force
www.mvp.usace.army.mil,U.S. Air Force
www.losangeles.spaceforce.mil,U.S. Air Force
www.afadsc.mil,U.S. Air Force
www.110wg.ang.af.mil,U.S. Air Force
www.afrl.af.mil,U.S. Air Force
www.airforcesmallbiz.af.mil,U.S. Air Force
www.resilience.af.mil,U.S. Air Force
www.incirlik.af.mil,U.S. Air Force
www.33fw.af.mil,U.S. Air Force
www.recruiting.af.mil,U.S. Air Force
www.557weatherwing.af.mil,U.S. Air Force
www.108thwing.ang.af.mil,U.S. Air Force
www.aftc.af.mil,U.S. Air Force
www.airuniversity.af.edu,U.S. Air Force
www.mycg.uscg.mil,U.S. Coast Guard
confluence-ga.jten.mil,
confluence.jten.mil,
jdl.jten.mil,
secure-qa.jten.mil,
secure-qa.jten.mil,
jira.ga.jten.mil,
jira.jten.mil,
jkodirect.jten.mil,
jko.jten.mil,
jkodirectqa.jten.mil,
jkosgst-qa.jten.mil,
jkosupportqa.jten.mil,
jkosgst.jten.mil,
jkoqa.jten.mil,
jkodirect.jten.mil,
jko.jten.mil,
lms.jten.mil,
jkosupport.jten.mil,
jkosgst.jten.mil,
jtimsexer3.jten.mil,
jtimsexer6.jten.mil,
jtims-stage.jten.mil,
jtimsexer9.jten.mil,
jtimsexer8.jten.mil,
jtimsexer7.jten.mil,
jtimsexer1.jten.mil,
jtimsexer2.jten.mil,
jtimsexer5.jten.mil,
jtimsexer4.jten.mil,
jtims.jten.mil,
jtims.jten.mil,
lps-jtp.jten.mil,
jtp-mvcr-stage.jten.mil,
jtp.jten.mil,
jtp-qa.jten.mil,
lpds2.jten.mil,
lpds-stage.jten.mil,
auth.jten.mil,
er.jten.mil,
ws.jllis.mil,
www.jllis.mil,
legacy.jllis.mil,
stage-jnxt.jten.mil,
ditpr-dadms.nmci.navy.mil,Navy
ditpr.dod.mil,Navy
ditprtest.dod.mil,Navy
dadmstest.dod.mil,Navy
ncorsdev.navy.mil,Navy
ncorstest.navy.mil,Navy
alerts1.mcdsjp.mcds.usm,Navy
corp.csd.disa.mil,Navy
corp.csd.disa.mil,Navy
ipdm.navy.smil.mil,Navy
g200088.chs.spawar.navy.mil,Navy
epm.dc3n.navy.mil,Navy
ntmpsweb.dc3n.navy.mil,Navy
ntmpsweb.dc3n.navy.mi,Navy
promis-training.onr.navy.mi,Navy
sms.dc3n.navy.mil,Navy
mol.tfs.usmc.mil,Navy
confluence.ncte.dc3n.navy.mil,Navy
jira.ncte.dc3n.navy.mil,Navy
trimstest.dc3n.navy.mil,Navy
corp.marmc.nmci.nav,Navy
www.prod2.jalis.mil,Navy
www.test.jalis.mil,Navy
vendornxg.seaport.navy.mil,Navy
mcsrc.mceits.usmc.smil.mil,Navy
omis.kypt.nmci.navy.mil,Navy
corp.kypt.nmci.navy.mil,Navy
corp.kypt.nmci.navy.mil,Navy
tsm-u.dc3n.navy.mil,Navy
,
,
,
,
,
,
,
,
,
,
,
,
,
,
,
,
,
,
,
,
,
,
,
,
,
,
,
,
,
,
,
,
,
,
,
,
,
,
,
,
,
,
,
,
,
,
,
,
,
,
,
,
,
,
,
,
,
,
,
,
,
,
,
,
,
,
,
,
,
,
,
,
,
,
,
,
,
,
,
,
,
,
,
,
,
,
,
,
,
,
,
,
,
,
,
,
,
,
,
,
,
,
,
,
,
,
,
,
,
,
,
,
,
,
,
,
,
,
,
,
,
,
,
,
,
,
,
,
nrc.cissltd.com,Navy
cgs.nrlssc.navy.smil.mil,Navy
dev.nrlssc.navy.smil.mil,Navy
*.partybarge.il5.blackpearl.us,Navy
cpm-essn.training.navy.smil.mil,Navy
fuse.navy.smil.mil,Navy
ibpesprod02.navy.mil,Navy
navsea1.cmpro.navy.mil,Navy
navsea2.cmpro.navy.mil,Navy
nflto.ncdc.navy.mil,Navy
netfocus.netc.navy.mil,Navy
report.dc3n.navy.mil,Navy
sailor.navy.smil.mil,Navy