Website,Agency,Bureau,Office
apps.bea.gov,Department of Commerce,BEA,
bea.gov,Department of Commerce,BEA,
acmt.bis.doc.gov,Department of Commerce,BIS,
bis.gov,Department of Commerce,BIS,
cars.bis.gov,Department of Commerce,BIS,
cwc.gov,Department of Commerce,BIS,
cwcweb.cwc.gov,Department of Commerce,BIS,
efoia.bis.doc.gov,Department of Commerce,BIS,
slid.bis.doc.gov,Department of Commerce,BIS,
snapr.bis.gov,Department of Commerce,BIS,
tac.bis.doc.gov,Department of Commerce,BIS,
access.census.gov,Department of Commerce,Census,
api.census.gov,Department of Commerce,Census,
ask.census.gov,Department of Commerce,Census,
bds.explorer.ces.census.gov,Department of Commerce,Census,
bhs.econ.census.gov,Department of Commerce,Census,
cbb.census.gov,Department of Commerce,Census,
census.gov,Department of Commerce,Census,
coil.census.gov,Department of Commerce,Census,
data.census.gov,Department of Commerce,Census,
geocoding.geo.census.gov,Department of Commerce,Census,
j2jexplorer.ces.census.gov,Department of Commerce,Census,
ledextract.ces.census.gov,Department of Commerce,Census,
lehd.ces.census.gov,Department of Commerce,Census,
mtgis-portal.geo.census.gov,Department of Commerce,Census,
opportunity.census.gov,Department of Commerce,Census,
portal.census.gov,Department of Commerce,Census,
qwiexplorer.ces.census.gov,Department of Commerce,Census,
respond.census.gov,Department of Commerce,Census,
spd15revision.gov,Department of Commerce,Census,
tigerweb.geo.census.gov,Department of Commerce,Census,
usatrade.census.gov,Department of Commerce,Census,
www2.census.gov,Department of Commerce,Census,
xd.gov,Department of Commerce,Census,
eda.gov,Department of Commerce,EDA,
sfgrants.eda.gov,Department of Commerce,EDA,
2014-2018.firstnet.gov,Department of Commerce,FirstNet,
5x5.firstnet.gov,Department of Commerce,FirstNet,
firstnet.gov,Department of Commerce,FirstNet,
access.trade.gov,Department of Commerce,ITA,
beta.trade.gov,Department of Commerce,ITA,
dataprivacyframework.gov,Department of Commerce,ITA,
developer.trade.gov,Department of Commerce,ITA,
enforcement.trade.gov,Department of Commerce,ITA,
esel.trade.gov,Department of Commerce,ITA,
legacy.export.gov,Department of Commerce,ITA,
legacy.trade.gov,Department of Commerce,ITA,
ofis.trade.gov,Department of Commerce,ITA,
stopfakes.gov,Department of Commerce,ITA,
trade.gov,Department of Commerce,ITA,
wwtg.gov,Department of Commerce,ITA,
mbda.gov,Department of Commerce,MBDA,
abacus.nist.gov,Department of Commerce,NIST,
actev.nist.gov,Department of Commerce,NIST,
acvts.nist.gov,Department of Commerce,NIST,
adsorption.nist.gov,Department of Commerce,NIST,
ai-challenges.nist.gov,Department of Commerce,NIST,
airc.nist.gov,Department of Commerce,NIST,
ambench.nist.gov,Department of Commerce,NIST,
ambench2022.nist.gov,Department of Commerce,NIST,
ammd.nist.gov,Department of Commerce,NIST,
aphl.nist.gov,Department of Commerce,NIST,
askchips.chips.gov,Department of Commerce,NIST,
baldrigeresources.nist.gov,Department of Commerce,NIST,
bbddata.nist.gov,Department of Commerce,NIST,
boudicca.nist.gov,Department of Commerce,NIST,
boulder.doc.gov,Department of Commerce,NIST,
calnet.nist.gov,Department of Commerce,NIST,
cccbdb.nist.gov,Department of Commerce,NIST,
cda-validation.nist.gov,Department of Commerce,NIST,
cdcs.registry.nist.gov,Department of Commerce,NIST,
cfreds.nist.gov,Department of Commerce,NIST,
cfreds-archive.nist.gov,Department of Commerce,NIST,
chemdata.nist.gov,Department of Commerce,NIST,
circular.nist.gov,Department of Commerce,NIST,
code.nist.gov,Department of Commerce,NIST,
concrete.nist.gov,Department of Commerce,NIST,
consensus.nist.gov,Department of Commerce,NIST,
covid19-data.nist.gov,Department of Commerce,NIST,
csrc.nist.gov,Department of Commerce,NIST,
cstl.nist.gov,Department of Commerce,NIST,
data.nist.gov,Department of Commerce,NIST,
decisiontree.nist.gov,Department of Commerce,NIST,
dlmf.nist.gov,Department of Commerce,NIST,
duc.nist.gov,Department of Commerce,NIST,
e3.nist.gov,Department of Commerce,NIST,
ecc.nist.gov,Department of Commerce,NIST,
edges.nist.gov,Department of Commerce,NIST,
emtoolbox.nist.gov,Department of Commerce,NIST,
events.nist.gov,Department of Commerce,NIST,
firedoc.nist.gov,Department of Commerce,NIST,
fits.nist.gov,Department of Commerce,NIST,
gams.nist.gov,Department of Commerce,NIST,
gashydrates.nist.gov,Department of Commerce,NIST,
ghgr.nist.gov,Department of Commerce,NIST,
hit-dev.nist.gov,Department of Commerce,NIST,
hit-nexus.nist.gov,Department of Commerce,NIST,
hl7v2-elr-testing.nist.gov,Department of Commerce,NIST,
hl7v2-gvt.nist.gov,Department of Commerce,NIST,
hl7v2-igamt.nist.gov,Department of Commerce,NIST,
hl7v2-igamt-2.nist.gov,Department of Commerce,NIST,
hl7v2-iz-cdc-testing.nist.gov,Department of Commerce,NIST,
hl7v2-iz-r1-5-testing.nist.gov,Department of Commerce,NIST,
hl7v2-lab-r2-testing.nist.gov,Department of Commerce,NIST,
hl7v2-lab-testing.nist.gov,Department of Commerce,NIST,
hl7v2-ss-r2-testing.nist.gov,Department of Commerce,NIST,
hl7v2tools.nist.gov,Department of Commerce,NIST,
ibal.nist.gov,Department of Commerce,NIST,
icsd.nist.gov,Department of Commerce,NIST,
ihe-pcd.nist.gov,Department of Commerce,NIST,
ihexds.nist.gov,Department of Commerce,NIST,
ilthermo.boulder.nist.gov,Department of Commerce,NIST,
ir.nist.gov,Department of Commerce,NIST,
isg.nist.gov,Department of Commerce,NIST,
its90.nist.gov,Department of Commerce,NIST,
janaf.nist.gov,Department of Commerce,NIST,
jarvis.nist.gov,Department of Commerce,NIST,
kinetics.nist.gov,Department of Commerce,NIST,
lre.nist.gov,Department of Commerce,NIST,
maldi.nist.gov,Department of Commerce,NIST,
manufacturing.gov,Department of Commerce,NIST,
materials.registry.nist.gov,Department of Commerce,NIST,
math.nist.gov,Department of Commerce,NIST,
mdcs.nist.gov,Department of Commerce,NIST,
meis.nist.gov,Department of Commerce,NIST,
mfc.nist.gov,Department of Commerce,NIST,
mgi.gov,Department of Commerce,NIST,
nccoe.nist.gov,Department of Commerce,NIST,
ncp.nist.gov,Department of Commerce,NIST,
nehrp.gov,Department of Commerce,NIST,
nehrpsearch.nist.gov,Department of Commerce,NIST,
nemo.nist.gov,Department of Commerce,NIST,
nestr.nist.gov,Department of Commerce,NIST,
nextg.nist.gov,Department of Commerce,NIST,
nigos.nist.gov,Department of Commerce,NIST,
nist.gov,Department of Commerce,NIST,
nlte.nist.gov,Department of Commerce,NIST,
nvd.nist.gov,Department of Commerce,NIST,
nvlpubs.nist.gov,Department of Commerce,NIST,
openfad.nist.gov,Department of Commerce,NIST,
p-act.nist.gov,Department of Commerce,NIST,
pages.nist.gov,Department of Commerce,NIST,
pah.nist.gov,Department of Commerce,NIST,
phasedata.nist.gov,Department of Commerce,NIST,
potentials.nist.gov,Department of Commerce,NIST,
pv2.nist.gov,Department of Commerce,NIST,
pvdata.nist.gov,Department of Commerce,NIST,
randr.nist.gov,Department of Commerce,NIST,
randr19.nist.gov,Department of Commerce,NIST,
rdaf.nist.gov,Department of Commerce,NIST,
reductus.nist.gov,Department of Commerce,NIST,
rpki-monitor.antd.nist.gov,Department of Commerce,NIST,
rtmms.nist.gov,Department of Commerce,NIST,
sat.nist.gov,Department of Commerce,NIST,
shop.nist.gov,Department of Commerce,NIST,
sibr.nist.gov,Department of Commerce,NIST,
sitexpress.nist.gov,Department of Commerce,NIST,
smstestbed.nist.gov,Department of Commerce,NIST,
srdata.nist.gov,Department of Commerce,NIST,
sre.nist.gov,Department of Commerce,NIST,
strbase.nist.gov,Department of Commerce,NIST,
survey.nist.gov,Department of Commerce,NIST,
tac.nist.gov,Department of Commerce,NIST,
tcamt.nist.gov,Department of Commerce,NIST,
time.gov,Department of Commerce,NIST,
toolcatalog.nist.gov,Department of Commerce,NIST,
trc.nist.gov,Department of Commerce,NIST,
trec.nist.gov,Department of Commerce,NIST,
trecvid.nist.gov,Department of Commerce,NIST,
tsapps.nist.gov,Department of Commerce,NIST,
uncertainty.nist.gov,Department of Commerce,NIST,
usgv6-deploymon.nist.gov,Department of Commerce,NIST,
visiblecement.nist.gov,Department of Commerce,NIST,
vmsshare.nist.gov,Department of Commerce,NIST,
vocab.nist.gov,Department of Commerce,NIST,
webbook.nist.gov,Department of Commerce,NIST,
wipp-plugins.nist.gov,Department of Commerce,NIST,
ws680.nist.gov,Department of Commerce,NIST,
wtt-lite.nist.gov,Department of Commerce,NIST,
wtt-pro.nist.gov,Department of Commerce,NIST,
www-nlpir.nist.gov,Department of Commerce,NIST,
zeno.nist.gov,Department of Commerce,NIST,
adios.orr.noaa.gov,Department of Commerce,NOAA,
adp.noaa.gov,Department of Commerce,NOAA,
airquality.weather.gov,Department of Commerce,NOAA,
alaskafisheries.noaa.gov,Department of Commerce,NOAA,
alerts.weather.gov,Department of Commerce,NOAA,
alerts-v2.weather.gov,Department of Commerce,NOAA,
alpha.ngs.noaa.gov,Department of Commerce,NOAA,
amdar.ncep.noaa.gov,Department of Commerce,NOAA,
amdar.noaa.gov,Department of Commerce,NOAA,
americansamoa.noaa.gov,Department of Commerce,NOAA,
aocground.omao.noaa.gov,Department of Commerce,NOAA,
aoml.noaa.gov,Department of Commerce,NOAA,
app.coastalscience.noaa.gov,Department of Commerce,NOAA,
apps.arl.noaa.gov,Department of Commerce,NOAA,
apps.nmfs.noaa.gov,Department of Commerce,NOAA,
apps.nssl.noaa.gov,Department of Commerce,NOAA,
apps-afsc.fisheries.noaa.gov,Department of Commerce,NOAA,
apps-garfo.fisheries.noaa.gov,Department of Commerce,NOAA,
apps-pifsc.fisheries.noaa.gov,Department of Commerce,NOAA,
apps-sefsc.fisheries.noaa.gov,Department of Commerce,NOAA,
archive.fisheries.noaa.gov,Department of Commerce,NOAA,
archive.oceanexplorer.noaa.gov,Department of Commerce,NOAA,
arctic.noaa.gov,Department of Commerce,NOAA,
arl.noaa.gov,Department of Commerce,NOAA,
atlhmscatchshares.fisheries.noaa.gov,Department of Commerce,NOAA,
aviationweather.gov,Department of Commerce,NOAA,
beaconregistration.noaa.gov,Department of Commerce,NOAA,
beta.ngs.noaa.gov,Department of Commerce,NOAA,
beta.weather.gov,Department of Commerce,NOAA,
bigsouthfork.atdd.noaa.gov,Department of Commerce,NOAA,
blog.marinedebris.noaa.gov,Department of Commerce,NOAA,
blog.response.restoration.noaa.gov,Department of Commerce,NOAA,
boulder.noaa.gov,Department of Commerce,NOAA,
buoybay.noaa.gov,Department of Commerce,NOAA,
bycatchreporting.fisheries.noaa.gov,Department of Commerce,NOAA,
cafe.orr.noaa.gov,Department of Commerce,NOAA,
california-mdc.diver.orr.noaa.gov,Department of Commerce,NOAA,
cameo.noaa.gov,Department of Commerce,NOAA,
cameochemicals.noaa.gov,Department of Commerce,NOAA,
campcreek.atdd.noaa.gov,Department of Commerce,NOAA,
cams.nssl.noaa.gov,Department of Commerce,NOAA,
carbontracker.noaa.gov,Department of Commerce,NOAA,
carto.bldc.nwave.noaa.gov,Department of Commerce,NOAA,
carto.ctc.nwave.noaa.gov,Department of Commerce,NOAA,
carto.nwave.noaa.gov,Department of Commerce,NOAA,
cbexapp.noaa.gov,Department of Commerce,NOAA,
cbrfc.noaa.gov,Department of Commerce,NOAA,
cbwofs.nssl.noaa.gov,Department of Commerce,NOAA,
cdhc.noaa.gov,Department of Commerce,NOAA,
celebrating200years.noaa.gov,Department of Commerce,NOAA,
certificate.seafoodinspection.nmfs.noaa.gov,Department of Commerce,NOAA,
cfs.ncep.noaa.gov,Department of Commerce,NOAA,
channelislands.noaa.gov,Department of Commerce,NOAA,
charts.noaa.gov,Department of Commerce,NOAA,
ci.noaa.gov,Department of Commerce,NOAA,
class.noaa.gov,Department of Commerce,NOAA,
clearinghouse.marinedebris.noaa.gov,Department of Commerce,NOAA,
climate.gov,Department of Commerce,NOAA,
cmist.noaa.gov,Department of Commerce,NOAA,
coast.noaa.gov,Department of Commerce,NOAA,
coastaloceanmodels.noaa.gov,Department of Commerce,NOAA,
coastalscience.noaa.gov,Department of Commerce,NOAA,
coastwatch.glerl.noaa.gov,Department of Commerce,NOAA,
coastwatch.noaa.gov,Department of Commerce,NOAA,
coastwatch.pfeg.noaa.gov,Department of Commerce,NOAA,
codes.nws.noaa.gov,Department of Commerce,NOAA,
coralreef.noaa.gov,Department of Commerce,NOAA,
coralreefwatch.noaa.gov,Department of Commerce,NOAA,
cordellbank.noaa.gov,Department of Commerce,NOAA,
coris.noaa.gov,Department of Commerce,NOAA,
councils.fisheries.noaa.gov,Department of Commerce,NOAA,
cpc.ncep.noaa.gov,Department of Commerce,NOAA,
cpo.noaa.gov,Department of Commerce,NOAA,
csl.noaa.gov,Department of Commerce,NOAA,
cwcaribbean.aoml.noaa.gov,Department of Commerce,NOAA,
cwcgom.aoml.noaa.gov,Department of Commerce,NOAA,
darrp.noaa.gov,Department of Commerce,NOAA,
data.noaa.gov,Department of Commerce,NOAA,
data.nssl.noaa.gov,Department of Commerce,NOAA,
data.pmel.noaa.gov,Department of Commerce,NOAA,
data1.gfdl.noaa.gov,Department of Commerce,NOAA,
dcs1.noaa.gov,Department of Commerce,NOAA,
dcs2.noaa.gov,Department of Commerce,NOAA,
dcs3.noaa.gov,Department of Commerce,NOAA,
dcs4.noaa.gov,Department of Commerce,NOAA,
deepseacoraldata.noaa.gov,Department of Commerce,NOAA,
dengueforecasting.noaa.gov,Department of Commerce,NOAA,
digital.weather.gov,Department of Commerce,NOAA,
discover.library.noaa.gov,Department of Commerce,NOAA,
distribution.charts.noaa.gov,Department of Commerce,NOAA,
diver.orr.noaa.gov,Department of Commerce,NOAA,
dods.ndbc.noaa.gov,Department of Commerce,NOAA,
drought.gov,Department of Commerce,NOAA,
dsfa.nmfs.noaa.gov,Department of Commerce,NOAA,
eastcoast.coastwatch.noaa.gov,Department of Commerce,NOAA,
ecofoci.noaa.gov,Department of Commerce,NOAA,
ecowatch.noaa.gov,Department of Commerce,NOAA,
eeo.oar.noaa.gov,Department of Commerce,NOAA,
emc.ncep.noaa.gov,Department of Commerce,NOAA,
encdirect.noaa.gov,Department of Commerce,NOAA,
erma.noaa.gov,Department of Commerce,NOAA,
esrl.noaa.gov,Department of Commerce,NOAA,
exemptedhmspermits.fisheries.noaa.gov,Department of Commerce,NOAA,
extranet.gfdl.noaa.gov,Department of Commerce,NOAA,
farallones.noaa.gov,Department of Commerce,NOAA,
ferret.pmel.noaa.gov,Department of Commerce,NOAA,
fieldterminal.nesdis.noaa.gov,Department of Commerce,NOAA,
fim.noaa.gov,Department of Commerce,NOAA,
fisheries.noaa.gov,Department of Commerce,NOAA,
fisheriespermits.noaa.gov,Department of Commerce,NOAA,
floats.pmel.noaa.gov,Department of Commerce,NOAA,
floridakeys.noaa.gov,Department of Commerce,NOAA,
flowergarden.noaa.gov,Department of Commerce,NOAA,
foss.nmfs.noaa.gov,Department of Commerce,NOAA,
fosterscholars.noaa.gov,Department of Commerce,NOAA,
geodesy.noaa.gov,Department of Commerce,NOAA,
geonetcastamericas.noaa.gov,Department of Commerce,NOAA,
gfdl.noaa.gov,Department of Commerce,NOAA,
gis.charttools.noaa.gov,Department of Commerce,NOAA,
gisc-washington.ncep.noaa.gov,Department of Commerce,NOAA,
glerl.noaa.gov,Department of Commerce,NOAA,
globalocean.noaa.gov,Department of Commerce,NOAA,
gml.noaa.gov,Department of Commerce,NOAA,
gnome.orr.noaa.gov,Department of Commerce,NOAA,
goes.noaa.gov,Department of Commerce,NOAA,
goes-r.gov,Department of Commerce,NOAA,
goes-r.noaa.gov,Department of Commerce,NOAA,
graphical.mdl.nws.noaa.gov,Department of Commerce,NOAA,
graphical.weather.gov,Department of Commerce,NOAA,
graphing.cbex.noaa.gov,Department of Commerce,NOAA,
graysreef.noaa.gov,Department of Commerce,NOAA,
greatlakes-mdc.diver.orr.noaa.gov,Department of Commerce,NOAA,
gsl.noaa.gov,Department of Commerce,NOAA,
gulfatlas.noaa.gov,Department of Commerce,NOAA,
gulfspillrestoration.noaa.gov,Department of Commerce,NOAA,
habitatblueprint.noaa.gov,Department of Commerce,NOAA,
habsos.noaa.gov,Department of Commerce,NOAA,
hads.ncep.noaa.gov,Department of Commerce,NOAA,
hawaiihumpbackwhale.noaa.gov,Department of Commerce,NOAA,
hdsc.nws.noaa.gov,Department of Commerce,NOAA,
heat.gov,Department of Commerce,NOAA,
hfradar.ndbc.noaa.gov,Department of Commerce,NOAA,
historicalcharts.noaa.gov,Department of Commerce,NOAA,
hmspermits.noaa.gov,Department of Commerce,NOAA,
hmsworkshop.fisheries.noaa.gov,Department of Commerce,NOAA,
hmt.noaa.gov,Department of Commerce,NOAA,
hwt.nssl.noaa.gov,Department of Commerce,NOAA,
icams-portal.gov,Department of Commerce,NOAA,
icoads.noaa.gov,Department of Commerce,NOAA,
imagesite.noaa.gov,Department of Commerce,NOAA,
incidentnews.noaa.gov,Department of Commerce,NOAA,
inport.nmfs.noaa.gov,Department of Commerce,NOAA,
inside.nssl.noaa.gov,Department of Commerce,NOAA,
integratedecosystemassessment.noaa.gov,Department of Commerce,NOAA,
inws.ncep.noaa.gov,Department of Commerce,NOAA,
iocm.noaa.gov,Department of Commerce,NOAA,
ioos.noaa.gov,Department of Commerce,NOAA,
joinnoaacorps.omao.noaa.gov,Department of Commerce,NOAA,
library.bldrdoc.gov,Department of Commerce,NOAA,
library.noaa.gov,Department of Commerce,NOAA,
login.diver.orr.noaa.gov,Department of Commerce,NOAA,
m.cameochemicals.noaa.gov,Department of Commerce,NOAA,
madis.ncep.noaa.gov,Department of Commerce,NOAA,
mag.ncep.noaa.gov,Department of Commerce,NOAA,
mageval.ncep.noaa.gov,Department of Commerce,NOAA,
manati.star.nesdis.noaa.gov,Department of Commerce,NOAA,
maps.coast.noaa.gov,Department of Commerce,NOAA,
maps.coastalscience.noaa.gov,Department of Commerce,NOAA,
maps.water.noaa.gov,Department of Commerce,NOAA,
marinecadastre.gov,Department of Commerce,NOAA,
marinedebris.noaa.gov,Department of Commerce,NOAA,
marinenavigation.noaa.gov,Department of Commerce,NOAA,
marineprotectedareas.noaa.gov,Department of Commerce,NOAA,
marinerhiring.noaa.gov,Department of Commerce,NOAA,
maritimeboundaries.noaa.gov,Department of Commerce,NOAA,
mdmap.orr.noaa.gov,Department of Commerce,NOAA,
mmhsrp.nmfs.noaa.gov,Department of Commerce,NOAA,
mobile.tidesandcurrents.noaa.gov,Department of Commerce,NOAA,
monitor.noaa.gov,Department of Commerce,NOAA,
montereybay.noaa.gov,Department of Commerce,NOAA,
mping.nssl.noaa.gov,Department of Commerce,NOAA,
mrms.nssl.noaa.gov,Department of Commerce,NOAA,
nacc.arl.noaa.gov,Department of Commerce,NOAA,
nauticalcharts.noaa.gov,Department of Commerce,NOAA,
ncc.nesdis.noaa.gov,Department of Commerce,NOAA,
ncei.noaa.gov,Department of Commerce,NOAA,
nco.ncep.noaa.gov,Department of Commerce,NOAA,
ncrmp.coralreef.noaa.gov,Department of Commerce,NOAA,
nctr.pmel.noaa.gov,Department of Commerce,NOAA,
ndbc.noaa.gov,Department of Commerce,NOAA,
ndl.noaa.gov,Department of Commerce,NOAA,
nesdis.noaa.gov,Department of Commerce,NOAA,
ngs.noaa.gov,Department of Commerce,NOAA,
nhc.noaa.gov,Department of Commerce,NOAA,
niwc.noaa.inl.gov,Department of Commerce,NOAA,
noaa.gov,Department of Commerce,NOAA,
noaa.inl.gov,Department of Commerce,NOAA,
noaasis.noaa.gov,Department of Commerce,NOAA,
nohrsc.noaa.gov,Department of Commerce,NOAA,
nomads.gfdl.noaa.gov,Department of Commerce,NOAA,
nomads.ncep.noaa.gov,Department of Commerce,NOAA,
nominate.noaa.gov,Department of Commerce,NOAA,
nowcoast.noaa.gov,Department of Commerce,NOAA,
npad.noaa.gov,Department of Commerce,NOAA,
nsd.rdc.noaa.gov,Department of Commerce,NOAA,
nsde.ngs.noaa.gov,Department of Commerce,NOAA,
nssl.noaa.gov,Department of Commerce,NOAA,
ntwc.arh.noaa.gov,Department of Commerce,NOAA,
ntwc.ncep.noaa.gov,Department of Commerce,NOAA,
nweb.ngs.noaa.gov,Department of Commerce,NOAA,
nwrfc.noaa.gov/rfc,Department of Commerce,NOAA,
nws.weather.gov,Department of Commerce,NOAA,
ocean.weather.gov,Department of Commerce,NOAA,
oceanacidification.noaa.gov,Department of Commerce,NOAA,
oceanexplorer.noaa.gov,Department of Commerce,NOAA,
oceannoise.noaa.gov,Department of Commerce,NOAA,
oceanservice.noaa.gov,Department of Commerce,NOAA,
oceantoday.noaa.gov,Department of Commerce,NOAA,
oceanview.pfeg.noaa.gov,Department of Commerce,NOAA,
oceanwatch.pifsc.noaa.gov,Department of Commerce,NOAA,
oculus.atdd.noaa.gov,Department of Commerce,NOAA,
oeab.noaa.gov,Department of Commerce,NOAA,
oedwebdbapps.iso.noaa.gov,Department of Commerce,NOAA,
olympiccoast.noaa.gov,Department of Commerce,NOAA,
om.cmdl.noaa.gov,Department of Commerce,NOAA,
omao.noaa.gov,Department of Commerce,NOAA,
opendap.co-ops.nos.noaa.gov,Department of Commerce,NOAA,
orta.research.noaa.gov,Department of Commerce,NOAA,
osm.woc.noaa.gov,Department of Commerce,NOAA,
osmc.noaa.gov,Department of Commerce,NOAA,
ospo.noaa.gov,Department of Commerce,NOAA,
oss.research.noaa.gov,Department of Commerce,NOAA,
papahanaumokuakea.gov,Department of Commerce,NOAA,
passiveacoustics.fisheries.noaa.gov,Department of Commerce,NOAA,
phi.nssl.noaa.gov,Department of Commerce,NOAA,
pidvms.irc.noaa.gov,Department of Commerce,NOAA,
pier.seagrant.noaa.gov,Department of Commerce,NOAA,
pmel.noaa.gov,Department of Commerce,NOAA,
polar.ncep.noaa.gov,Department of Commerce,NOAA,
polarwatch.noaa.gov,Department of Commerce,NOAA,
portal.diver.orr.noaa.gov,Department of Commerce,NOAA,
products.coastalscience.noaa.gov,Department of Commerce,NOAA,
psl.noaa.gov,Department of Commerce,NOAA,
pss.swpc.noaa.gov,Department of Commerce,NOAA,
publications.gsl.noaa.gov,Department of Commerce,NOAA,
qosap.research.noaa.gov,Department of Commerce,NOAA,
ra4-gifs.weather.gov,Department of Commerce,NOAA,
radar.weather.gov,Department of Commerce,NOAA,
radar2pub.ncep.noaa.gov,Department of Commerce,NOAA,
radar3pub.ncep.noaa.gov,Department of Commerce,NOAA,
rapidrefresh.noaa.gov,Department of Commerce,NOAA,
ready.noaa.gov,Department of Commerce,NOAA,
repository.library.noaa.gov,Department of Commerce,NOAA,
research.noaa.gov,Department of Commerce,NOAA,
response.restoration.noaa.gov,Department of Commerce,NOAA,
responselink.orr.noaa.gov,Department of Commerce,NOAA,
restoreactscienceprogram.noaa.gov,Department of Commerce,NOAA,
roc.noaa.gov,Department of Commerce,NOAA,
sab.noaa.gov,Department of Commerce,NOAA,
sanctuaries.noaa.gov,Department of Commerce,NOAA,
sarsat.noaa.gov,Department of Commerce,NOAA,
satable.ncep.noaa.gov,Department of Commerce,NOAA,
satepsanone.nesdis.noaa.gov,Department of Commerce,NOAA,
sciencecouncil.noaa.gov,Department of Commerce,NOAA,
scsshore.noaa.gov,Department of Commerce,NOAA,
sdr.gov,Department of Commerce,NOAA,
seafoodinspection.nmfs.noaa.gov,Department of Commerce,NOAA,
seagrant.noaa.gov,Department of Commerce,NOAA,
secatchshares.fisheries.noaa.gov,Department of Commerce,NOAA,
shield.gfdl.noaa.gov,Department of Commerce,NOAA,
shoreline.noaa.gov,Department of Commerce,NOAA,
sift.pmel.noaa.gov,Department of Commerce,NOAA,
sites.gsl.noaa.gov,Department of Commerce,NOAA,
slosh.nws.noaa.gov,Department of Commerce,NOAA,
sord.nv.doe.gov,Department of Commerce,NOAA,
sos.noaa.gov,Department of Commerce,NOAA,
space.commerce.gov,Department of Commerce,NOAA,
spaceweather.gov,Department of Commerce,NOAA,
spc.noaa.gov,Department of Commerce,NOAA,
spo.nmfs.noaa.gov,Department of Commerce,NOAA,
spot.weather.gov,Department of Commerce,NOAA,
ssd.noaa.gov,Department of Commerce,NOAA,
star.nesdis.noaa.gov,Department of Commerce,NOAA,
stateoftheocean.osmc.noaa.gov,Department of Commerce,NOAA,
stellwagen.noaa.gov,Department of Commerce,NOAA,
storm.aoml.noaa.gov,Department of Commerce,NOAA,
storms.ngs.noaa.gov,Department of Commerce,NOAA,
stormscdn.ngs.noaa.gov,Department of Commerce,NOAA,
swfsc-publications.fisheries.noaa.gov,Department of Commerce,NOAA,
sworm.gov,Department of Commerce,NOAA,
swpc.noaa.gov,Department of Commerce,NOAA,
tao.ndbc.noaa.gov,Department of Commerce,NOAA,
tap.orr.noaa.gov,Department of Commerce,NOAA,
techpartnerships.noaa.gov,Department of Commerce,NOAA,
testbed.aviationweather.gov,Department of Commerce,NOAA,
testbeds.noaa.gov,Department of Commerce,NOAA,
thunderbay.noaa.gov,Department of Commerce,NOAA,
tidesandcurrents.noaa.gov,Department of Commerce,NOAA,
token.gfdl.noaa.gov,Department of Commerce,NOAA,
toolkit.climate.gov,Department of Commerce,NOAA,
training.weather.gov,Department of Commerce,NOAA,
tsunami.coast.noaa.gov,Department of Commerce,NOAA,
tsunami.gov,Department of Commerce,NOAA,
tsunami.noaa.gov,Department of Commerce,NOAA,
tsunami-cp.ncep.noaa.gov,Department of Commerce,NOAA,
usicecenter.gov,Department of Commerce,NOAA,
vdatum.noaa.gov,Department of Commerce,NOAA,
videos.fisheries.noaa.gov,Department of Commerce,NOAA,
viewer.weather.noaa.gov,Department of Commerce,NOAA,
viz.pmel.noaa.gov,Department of Commerce,NOAA,
vlab.noaa.gov,Department of Commerce,NOAA,
vms.nmfs.noaa.gov,Department of Commerce,NOAA,
voices.nmfs.noaa.gov,Department of Commerce,NOAA,
vos.noaa.gov,Department of Commerce,NOAA,
water.noaa.gov,Department of Commerce,NOAA,
weather.gov,Department of Commerce,NOAA,
webapps.nwfsc.noaa.gov,Department of Commerce,NOAA,
webeast.ngs.noaa.gov,Department of Commerce,NOAA,
webform.pier.seagrant.noaa.gov,Department of Commerce,NOAA,
wof.nssl.noaa.gov,Department of Commerce,NOAA,
wpc.ncep.noaa.gov,Department of Commerce,NOAA,
wpo.noaa.gov,Department of Commerce,NOAA,
broadbandusa.ntia.gov,Department of Commerce,NTIA,
cscrip.ntia.gov,Department of Commerce,NTIA,
grants.ntia.gov,Department of Commerce,NTIA,
its.ntia.gov,Department of Commerce,NTIA,
ntia.gov,Department of Commerce,NTIA,
www2.ntia.gov,Department of Commerce,NTIA,
dblease.ntis.gov,Department of Commerce,NTIS,
dmf.ntis.gov,Department of Commerce,NTIS,
dmfcert.ntis.gov,Department of Commerce,NTIS,
ladmf.ntis.gov,Department of Commerce,NTIS,
ntis.gov,Department of Commerce,NTIS,
ntrl.ntis.gov,Department of Commerce,NTIS,
ptoft.ntis.gov,Department of Commerce,NTIS,
srs.ntis.gov,Department of Commerce,NTIS,
2001-2009.commerce.gov,Department of Commerce,OS,
2010-2014.commerce.gov,Department of Commerce,OS,
2014-2017.commerce.gov,Department of Commerce,OS,
2017-2021.commerce.gov,Department of Commerce,OS,
cldp.doc.gov,Department of Commerce,OS,
commerce.gov,Department of Commerce,OS,
data.commerce.gov,Department of Commerce,OS,
mbda.data.commerce.gov,Department of Commerce,OS,
oig.doc.gov,Department of Commerce,OS,
socmed.commerce.gov,Department of Commerce,OS,
assignment.uspto.gov,Department of Commerce,USPTO,
certifiedcopycenter.uspto.gov,Department of Commerce,USPTO,
developer.uspto.gov,Department of Commerce,USPTO,
eog-tmng.uspto.gov,Department of Commerce,USPTO,
estta.uspto.gov,Department of Commerce,USPTO,
fees.uspto.gov,Department of Commerce,USPTO,
globaldossier.uspto.gov,Department of Commerce,USPTO,
idm-tmng.uspto.gov,Department of Commerce,USPTO,
ipidentifier.uspto.gov,Department of Commerce,USPTO,
mpep.uspto.gov,Department of Commerce,USPTO,
my.uspto.gov,Department of Commerce,USPTO,
oedci.uspto.gov,Department of Commerce,USPTO,
patentcenter.uspto.gov,Department of Commerce,USPTO,
ppubs.uspto.gov,Department of Commerce,USPTO,
seqdata.uspto.gov,Department of Commerce,USPTO,
tbmp.uspto.gov,Department of Commerce,USPTO,
tfsr.uspto.gov,Department of Commerce,USPTO,
tmdesigncodes.uspto.gov,Department of Commerce,USPTO,
tmep.uspto.gov,Department of Commerce,USPTO,
tmsearch.uspto.gov,Department of Commerce,USPTO,
trademarkcenter.uspto.gov,Department of Commerce,USPTO,
tsdr.uspto.gov,Department of Commerce,USPTO,
ttabvue.uspto.gov,Department of Commerce,USPTO,
uspto.gov,Department of Commerce,USPTO,
www-search.uspto.gov,Department of Commerce,USPTO,
DHS.gov,Department of Homeland Security,Headquarters (DHS HQ),Office of Public Affairs
CISA.gov,Department of Homeland Security,Cybersecurity and Infrastructure Security Agency (CISA),Office of External Affairs
FEMA.gov,Department of Homeland Security,Federal Emergency Management Agency (FEMA),Office of External Affairs
FLETC.gov,Department of Homeland Security,Federal Law Enforcement Training Center (FLETC),Office of Public Affairs
TSA.gov,Department of Homeland Security,Transportation Security Administration (TSA),Strategic Communications and Public Affairs
USCIS.gov,Department of Homeland Security,U.S. Citizenship and Immigration Services (USCIS),Office of Access and Information Services
USCG.mil,Department of Homeland Security,U.S. Coast Guard (USCG),Office of Public Affairs
CBP.gov,Department of Homeland Security,U.S. Customs and Border Protection (CBP),Office of Public Affairs
ICE.gov,Department of Homeland Security,U.S. Immigration and Customs Enforcement (ICE),Office of Public Affairs
SecretService.gov,Department of Homeland Security,United States Secret Service (USSS),Communication and Media Relations
Get.gov,Department of Homeland Security,Cybersecurity and Infrastructure Security Agency (CISA),
niccs.CISA.gov,Department of Homeland Security,Cybersecurity and Infrastructure Security Agency (CISA),
SchoolSafety.gov,Department of Homeland Security,Cybersecurity and Infrastructure Security Agency (CISA),
apps.USFA.FEMA.gov,Department of Homeland Security,Federal Emergency Management Agency (FEMA),U.S. Fire Administration
DisasterAssistance.gov,Department of Homeland Security,Federal Emergency Management Agency (FEMA),
FloodSmart.gov,Department of Homeland Security,Federal Emergency Management Agency (FEMA),National Flood Insurance Program
hazards.FEMA.gov,Department of Homeland Security,Federal Emergency Management Agency (FEMA),
msc.FEMA.gov,Department of Homeland Security,Federal Emergency Management Agency (FEMA),
Ready.gov,Department of Homeland Security,Federal Emergency Management Agency (FEMA),Office of External Affairs
training.FEMA.gov,Department of Homeland Security,Federal Emergency Management Agency (FEMA),
USFA.FEMA.gov,Department of Homeland Security,Federal Emergency Management Agency (FEMA),U.S. Fire Administration
FLETA.gov,Department of Homeland Security,Federal Law Enforcement Training Accreditation (FLETA),Office of Public Affairs
OHSS.DHS.gov,Department of Homeland Security,Headquarters (DHS HQ),Office of Homeland Security Statistics
OIG.DHS.gov,Department of Homeland Security,Office of Inspector General (OIG),Office of Public Affairs
tsaenrollmentbyidemia.TSA.DHS.gov,Department of Homeland Security,Transportation Security Administration (TSA),
eGov.USCIS.gov,Department of Homeland Security,U.S. Citizenship and Immigration Services (USCIS),Office of Access and Information Services
E-Verify.gov,Department of Homeland Security,U.S. Citizenship and Immigration Services (USCIS),Immigration Records and Identity Services
my.USCIS.gov,Department of Homeland Security,U.S. Citizenship and Immigration Services (USCIS),Office of Access and Information Services
myEVerify.USCIS.gov,Department of Homeland Security,U.S. Citizenship and Immigration Services (USCIS),Immigration Records and Identity Services
BWT.CBP.gov,Department of Homeland Security,U.S. Customs and Border Protection (CBP),Office of Field Operations
careers.cbp.gov,Department of Homeland Security,U.S. Customs and Border Protection (CBP),Office of Human Resources Management
DTOPS.CBP.DHS.gov,Department of Homeland Security,U.S. Customs and Border Protection (CBP),Office of Field Operations
ESTA.CBP.DHS.gov,Department of Homeland Security,U.S. Customs and Border Protection (CBP),Office of Field Operations
EVUS.gov,Department of Homeland Security,U.S. Customs and Border Protection (CBP),Office of Field Operations
help.CBP.gov,Department of Homeland Security,U.S. Customs and Border Protection (CBP),Office of Public Affairs
i94.CBP.DHS.gov,Department of Homeland Security,U.S. Customs and Border Protection (CBP),Office of Field Operations
rulings.CBP.gov,Department of Homeland Security,U.S. Customs and Border Protection (CBP),Office of Field Operations
TTP.DHS.gov,Department of Homeland Security,U.S. Customs and Border Protection (CBP),Office of International Affairs
portal.ICE.gov,Department of Homeland Security,U.S. Immigration and Customs Enforcement (ICE),
StudyintheStates.DHS.gov,Department of Homeland Security,U.S. Immigration and Customs Enforcement (ICE),
TRIPWire.DHS.gov,Department of Homeland Security,Cybersecurity and Infrastructure Security Agency (CISA),
ZeroTrust.Cyber.gov,Department of Homeland Security,Cybersecurity and Infrastructure Security Agency (CISA),
agents.FloodSmart.gov,Department of Homeland Security,Federal Emergency Management Agency (FEMA),National Flood Insurance Program
CDP.DHS.gov,Department of Homeland Security,Federal Emergency Management Agency (FEMA),
FirstResponderTraining.gov,Department of Homeland Security,Federal Emergency Management Agency (FEMA),
FloodMaps.FEMA.gov,Department of Homeland Security,Federal Emergency Management Agency (FEMA),National Flood Insurance Program
GO.FEMA.gov,Department of Homeland Security,Federal Emergency Management Agency (FEMA),
NFIPDirect.FEMA.gov,Department of Homeland Security,Federal Emergency Management Agency (FEMA),National Flood Insurance Program
PrepToolkit.FEMA.gov,Department of Homeland Security,Federal Emergency Management Agency (FEMA),
APFS-Cloud.DHS.gov,Department of Homeland Security,Headquarters (DHS HQ),Office of the Chief Procurement Officer
go.DHS.gov,Department of Homeland Security,Headquarters (DHS HQ),Office of Public Affairs
Juntos.gov,Department of Homeland Security,Headquarters (DHS HQ),Office of the Chief Informaton Officer
myOIDO.DHS.gov,Department of Homeland Security,Headquarters (DHS HQ),Office of the Immigration Detention Ombudsman
NIEM.gov,Department of Homeland Security,Headquarters (DHS HQ),Science and Technology Directorate
release.NIEM.gov,Department of Homeland Security,Headquarters (DHS HQ),Science and Technology Directorate
Together.gov,Department of Homeland Security,Headquarters (DHS HQ),Office of the Chief Informaton Officer
tools.NIEM.gov,Department of Homeland Security,Headquarters (DHS HQ),Science and Technology Directorate
Hotline.OIG.DHS.gov,Department of Homeland Security,Office of Inspector General (OIG),Office of Public Affairs
SAFETYAct.gov,Department of Homeland Security,Science and Technology (S&T),Office of Innovation and Collaboration
EXIS.TSA.DHS.gov,Department of Homeland Security,Transportation Security Administration (TSA),
TRIP.DHS.gov,Department of Homeland Security,Transportation Security Administration (TSA),
immvets.DHS.gov,Department of Homeland Security,U.S. Citizenship and Immigration Services (USCIS),Office of Access and Information Services
SAVE.USCIS.gov,Department of Homeland Security,U.S. Citizenship and Immigration Services (USCIS),Immigration Records and Identity Services
developer.NVMC.USCG.gov,Department of Homeland Security,U.S. Coast Guard (USCG),
dhssans.NVMC.USCG.gov,Department of Homeland Security,U.S. Coast Guard (USCG),
enoad.NVMC.USCG.gov,Department of Homeland Security,U.S. Coast Guard (USCG),
NavCen.USCG.gov,Department of Homeland Security,U.S. Coast Guard (USCG),
awt.CBP.gov,Department of Homeland Security,U.S. Customs and Border Protection (CBP),Office of Field Operations
e.CBP.DHS.gov,Department of Homeland Security,U.S. Customs and Border Protection (CBP),Office of Finance
eAllegations.CBP.gov,Department of Homeland Security,U.S. Customs and Border Protection (CBP),Office of Professional Responsibility
eRulings.CBP.gov,Department of Homeland Security,U.S. Customs and Border Protection (CBP),Office of Field Operations
e-safe.CBP.DHS.gov,Department of Homeland Security,U.S. Customs and Border Protection (CBP),Office of Field Operations
FinCEN105.CBP.DHS.gov,Department of Homeland Security,U.S. Customs and Border Protection (CBP),Office of Field Operations
IPRR.CBP.gov,Department of Homeland Security,U.S. Customs and Border Protection (CBP),Office of Trade
IPRS.CBP.gov,Department of Homeland Security,U.S. Customs and Border Protection (CBP),Office of Trade
rsp.CBP.gov,Department of Homeland Security,U.S. Customs and Border Protection (CBP),Office of Field Operations
eServiceRegistration.ICE.gov,Department of Homeland Security,U.S. Immigration and Customs Enforcement (ICE),
join.ICE.gov,Department of Homeland Security,U.S. Immigration and Customs Enforcement (ICE),
locator.ICE.gov,Department of Homeland Security,U.S. Immigration and Customs Enforcement (ICE),
VINELink.DHS.gov,Department of Homeland Security,U.S. Immigration and Customs Enforcement (ICE),
hud.gov,Department of Housing and Urban Development,Public Affairs,
hudhomestore.gov,Department of Housing and Urban Development,Office of Housing,
huduser.gov,Department of Housing and Urban Development,Policy Development and Research,
answers.hud.gov,Department of Housing and Urban Development,Office of Housing,
hudoig.gov,Department of Housing and Urban Development,Office of Inspector General,
ginniemae.gov,Department of Housing and Urban Development,Government National Mortgage Association,
resources.hud.gov,Department of Housing and Urban Development,Policy Development and Research,
my.ginniemae.gov,Department of Housing and Urban Development,Government National Mortgage Association,
archives.huduser.gov,Department of Housing and Urban Development,Policy Development and Research,
archives.hud.gov,Department of Housing and Urban Development,Public Affairs,
cpd2.hud.gov,Department of Housing and Urban Development,Community Planning and Development,
data.hud.gov,Department of Housing and Urban Development,Policy Development and Research,
entp.hud.gov ,Department of Housing and Urban Development,Office of Housing,
okta.hud.gov,Department of Housing and Urban Development,Office of the Chief Information Officer,
drgr.hud.gov,Department of Housing and Urban Development,Community Planning and Development,
hudapps.hud.gov,Department of Housing and Urban Development,Office of the Chief Information Officer,
idis.hud.gov,Department of Housing and Urban Development,Community Planning and Development,
esnaps.hud.gov,Department of Housing and Urban Development,Community Planning and Development,
portalapps.hud.gov,Department of Housing and Urban Development,Office of the Chief Information Officer,
heros.hud.gov,Department of Housing and Urban Development,Community Planning and Development,
apps.hud.gov,Department of Housing and Urban Development,Office of Housing,
egis.hud.gov,Department of Housing and Urban Development,Policy Development and Research,
hudapps2.hud.gov,Department of Housing and Urban Development,Office of the Chief Information Officer,
hudhousingcounselors.hud.gov,Department of Housing and Urban Development,Office of Housing,
access.ginniemae.gov,Department of Housing and Urban Development,Government National Mortgage Association,
aab.larc.nasa.gov,National Aeronautics and Space Administration,NASA Langley Research Center,
above.nasa.gov,National Aeronautics and Space Administration,NASA Science Mission Directorate,
access.earthdata.nasa.gov,National Aeronautics and Space Administration,NASA Science Mission Directorate,
acd-ext.gsfc.nasa.gov,National Aeronautics and Space Administration,NASA Goddard Space Flight Center,
acquisition.jpl.nasa.gov,National Aeronautics and Space Administration,NASA Jet Propulsion Laboratory,
aero.larc.nasa.gov,National Aeronautics and Space Administration,NASA Langley Research Center,
aerocenter.gsfc.nasa.gov,National Aeronautics and Space Administration,NASA Science Mission Directorate,
aeroelasticity.larc.nasa.gov,National Aeronautics and Space Administration,NASA Langley Research Center,
aeronet.gsfc.nasa.gov,National Aeronautics and Space Administration,NASA Science Mission Directorate,
ahed.nasa.gov,National Aeronautics and Space Administration,NASA Science Mission Directorate,
ai.jpl.nasa.gov,National Aeronautics and Space Administration,NASA Jet Propulsion Laboratory,
airbornescience.nasa.gov,National Aeronautics and Space Administration,NASA Science Mission Directorate,
aircrafticing.grc.nasa.gov,National Aeronautics and Space Administration,NASA Glenn Research Center,
airmoss.jpl.nasa.gov,National Aeronautics and Space Administration,NASA Science Mission Directorate,
airquality.gsfc.nasa.gov,National Aeronautics and Space Administration,NASA Science Mission Directorate,
airrange.ssc.nasa.gov,National Aeronautics and Space Administration,NASA Stennis Space Center,
airs.jpl.nasa.gov,National Aeronautics and Space Administration,NASA Science Mission Directorate,
airsar.jpl.nasa.gov,National Aeronautics and Space Administration,NASA Science Mission Directorate,
airsea.jpl.nasa.gov,National Aeronautics and Space Administration,NASA Jet Propulsion Laboratory,
airsnrt.jpl.nasa.gov,National Aeronautics and Space Administration,NASA Science Mission Directorate,
akama.arc.nasa.gov,National Aeronautics and Space Administration,NASA Aeronautics Research Mission Directorate,
ammos.nasa.gov,National Aeronautics and Space Administration,NASA Science Mission Directorate,
analogstudies.jsc.nasa.gov,National Aeronautics and Space Administration,NASA Johnson Space Center,
ao.jpl.nasa.gov,National Aeronautics and Space Administration,NASA Jet Propulsion Laboratory,
aos.gsfc.nasa.gov,National Aeronautics and Space Administration,NASA Science Mission Directorate,
api.nasa.gov,National Aeronautics and Space Administration,NASA Office of the Chief Information Officer,
apod.nasa.gov,National Aeronautics and Space Administration,NASA Science Mission Directorate,
appeears.earthdatacloud.nasa.gov,National Aeronautics and Space Administration,NASA Science Mission Directorate,
appel.nasa.gov,National Aeronautics and Space Administration,NASA Office of the Chief Engineer,
appliedsciences.nasa.gov,National Aeronautics and Space Administration,NASA Science Mission Directorate,
apps.nasa.gov,National Aeronautics and Space Administration,NASA Office of the Chief Information Officer,
aqua.nasa.gov,National Aeronautics and Space Administration,NASA Science Mission Directorate,
ares.jsc.nasa.gov,National Aeronautics and Space Administration,NASA Johnson Space Center,
aria.jpl.nasa.gov,National Aeronautics and Space Administration,NASA Science Mission Directorate,
aria-share.jpl.nasa.gov,National Aeronautics and Space Administration,NASA Science Mission Directorate,
arthurhou.pps.eosdis.nasa.gov,National Aeronautics and Space Administration,NASA Science Mission Directorate,
artifacts.nasa.gov,National Aeronautics and Space Administration,NASA Office of the Chief Information Officer,
asapdata.arc.nasa.gov,National Aeronautics and Space Administration,NASA Ames Research Center,
asd.gsfc.nasa.gov,National Aeronautics and Space Administration,NASA Science Mission Directorate,
asdc.larc.nasa.gov,National Aeronautics and Space Administration,NASA Science Mission Directorate,
asp-archive.arc.nasa.gov,National Aeronautics and Space Administration,NASA Ames Research Center,
asrs.arc.nasa.gov,National Aeronautics and Space Administration,NASA Aeronautics Research Mission Directorate,
asterweb.jpl.nasa.gov,National Aeronautics and Space Administration,NASA Science Mission Directorate,
astrobiology.gsfc.nasa.gov,National Aeronautics and Space Administration,NASA Science Mission Directorate,
astrobiology.nasa.gov,National Aeronautics and Space Administration,NASA Science Mission Directorate,
astronautappearances.nasa.gov,National Aeronautics and Space Administration,NASA Johnson Space Center,
atcsim.nasa.gov,National Aeronautics and Space Administration,NASA Ames Research Center,
atmos.jpl.nasa.gov,National Aeronautics and Space Administration,NASA Jet Propulsion Laboratory,
atmosphere-imager.gsfc.nasa.gov,National Aeronautics and Space Administration,NASA Science Mission Directorate,
ava.jpl.nasa.gov,National Aeronautics and Space Administration,NASA Science Mission Directorate,
aviationsystems.arc.nasa.gov,National Aeronautics and Space Administration,NASA Ames Research Center,
aviris.jpl.nasa.gov,National Aeronautics and Space Administration,NASA Science Mission Directorate,
avirisng.jpl.nasa.gov,National Aeronautics and Space Administration,NASA Science Mission Directorate,
blackmarble.gsfc.nasa.gov,National Aeronautics and Space Administration,NASA Science Mission Directorate,
bocachica.arc.nasa.gov,National Aeronautics and Space Administration,NASA Science Mission Directorate,
c3.ndc.nasa.gov,National Aeronautics and Space Administration,NASA Aeronautics Research Mission Directorate,
c3rs.arc.nasa.gov,National Aeronautics and Space Administration,NASA Aeronautics Research Mission Directorate,
calval.jpl.nasa.gov,National Aeronautics and Space Administration,NASA Science Mission Directorate,
camp2ex.jpl.nasa.gov,National Aeronautics and Space Administration,NASA Science Mission Directorate,
caps.gsfc.nasa.gov,National Aeronautics and Space Administration,NASA Science Mission Directorate,
carbon.nasa.gov,National Aeronautics and Space Administration,NASA Science Mission Directorate,
cats.gsfc.nasa.gov,National Aeronautics and Space Administration,NASA Science Mission Directorate,
cce.nasa.gov,National Aeronautics and Space Administration,NASA Science Mission Directorate,
cce-datasharing.gsfc.nasa.gov,National Aeronautics and Space Administration,NASA Science Mission Directorate,
cce-signin.gsfc.nasa.gov,National Aeronautics and Space Administration,NASA Science Mission Directorate,
ccmc.gsfc.nasa.gov,National Aeronautics and Space Administration,NASA Science Mission Directorate,
ccmpp.gsfc.nasa.gov,National Aeronautics and Space Administration,NASA Goddard Space Flight Center,
cdaw.gsfc.nasa.gov,National Aeronautics and Space Administration,NASA Science Mission Directorate,
cdaweb.gsfc.nasa.gov,National Aeronautics and Space Administration,NASA Science Mission Directorate,
cddis.nasa.gov,National Aeronautics and Space Administration,NASA Science Mission Directorate,
cdf.gsfc.nasa.gov,National Aeronautics and Space Administration,NASA Science Mission Directorate,
cdscc.nasa.gov,National Aeronautics and Space Administration,NASA Space Operations Mission Directorate,
cearun.grc.nasa.gov,National Aeronautics and Space Administration,NASA Glenn Research Center,
ceres.larc.nasa.gov,National Aeronautics and Space Administration,NASA Science Mission Directorate,
chapea.nasa.gov,National Aeronautics and Space Administration,NASA Johnson Space Center,
ciencia.nasa.gov,National Aeronautics and Space Administration,NASA Science Mission Directorate,
cilab.gsfc.nasa.gov,National Aeronautics and Space Administration,NASA Science Mission Directorate,
cl.gsfc.nasa.gov,National Aeronautics and Space Administration,NASA Science Mission Directorate,
clarreo-pathfinder.larc.nasa.gov,National Aeronautics and Space Administration,NASA Science Mission Directorate,
cloud-object.larc.nasa.gov,National Aeronautics and Space Administration,NASA Science Mission Directorate,
cloudsgate2.larc.nasa.gov,National Aeronautics and Space Administration,NASA Langley Research Center,
cmr.earthdata.nasa.gov,National Aeronautics and Space Administration,NASA Science Mission Directorate,
cmsflux.jpl.nasa.gov,National Aeronautics and Space Administration,NASA Science Mission Directorate,
cneos.jpl.nasa.gov,National Aeronautics and Space Administration,NASA Science Mission Directorate,
code.nasa.gov,National Aeronautics and Space Administration,NASA Office of the Chief Information Officer,
coldatomlab.jpl.nasa.gov,National Aeronautics and Space Administration,NASA Science Mission Directorate,
commonresearchmodel.larc.nasa.gov,National Aeronautics and Space Administration,NASA Langley Research Center,
constructionsafety.ssc.nasa.gov,National Aeronautics and Space Administration,NASA Stennis Space Center,
cor.gsfc.nasa.gov,National Aeronautics and Space Administration,NASA Science Mission Directorate,
cor1.gsfc.nasa.gov,National Aeronautics and Space Administration,NASA Science Mission Directorate,
core2.gsfc.nasa.gov,National Aeronautics and Space Administration,NASA Science Mission Directorate,
cosmicopia.gsfc.nasa.gov,National Aeronautics and Space Administration,NASA Science Mission Directorate,
costar.jpl.nasa.gov,National Aeronautics and Space Administration,NASA Jet Propulsion Laboratory,
cpex.jpl.nasa.gov,National Aeronautics and Space Administration,NASA Science Mission Directorate,
cpex-aw.jpl.nasa.gov,National Aeronautics and Space Administration,NASA Science Mission Directorate,
cpl.gsfc.nasa.gov,National Aeronautics and Space Administration,NASA Science Mission Directorate,
csaob.larc.nasa.gov,National Aeronautics and Space Administration,NASA Langley Research Center,
csbf.nasa.gov,National Aeronautics and Space Administration,NASA Science Mission Directorate,
csdap.earthdata.nasa.gov,National Aeronautics and Space Administration,NASA Science Mission Directorate,
curator.jsc.nasa.gov,National Aeronautics and Space Administration,NASA Johnson Space Center,
darktarget.gsfc.nasa.gov,National Aeronautics and Space Administration,NASA Science Mission Directorate,
dartslab.jpl.nasa.gov,National Aeronautics and Space Administration,NASA Jet Propulsion Laboratory,
data.giss.nasa.gov,National Aeronautics and Space Administration,NASA Science Mission Directorate,
data.globe.gov,National Aeronautics and Space Administration,NASA Science Mission Directorate,
data.nas.nasa.gov,National Aeronautics and Space Administration,NASA Science Mission Directorate,
data.nasa.gov,National Aeronautics and Space Administration,NASA Office of the Chief Information Officer,
dataentry.globe.gov,National Aeronautics and Space Administration,NASA Science Mission Directorate,
datascience.jpl.nasa.gov,National Aeronautics and Space Administration,NASA Jet Propulsion Laboratory,
datasearch.globe.gov,National Aeronautics and Space Administration,NASA Science Mission Directorate,
dataverse.jpl.nasa.gov,National Aeronautics and Space Administration,NASA Jet Propulsion Laboratory,
ddtrb.larc.nasa.gov,National Aeronautics and Space Administration,NASA Langley Research Center,
deepspace.jpl.nasa.gov,National Aeronautics and Space Administration,NASA Space Operations Mission Directorate,
deltax.jpl.nasa.gov,National Aeronautics and Space Administration,NASA Science Mission Directorate,
descanso.jpl.nasa.gov,National Aeronautics and Space Administration,NASA Space Operations Mission Directorate,
directreadout.sci.gsfc.nasa.gov,National Aeronautics and Space Administration,NASA Science Mission Directorate,
disc.gsfc.nasa.gov,National Aeronautics and Space Administration,NASA Science Mission Directorate,
discovery.larc.nasa.gov,National Aeronautics and Space Administration,NASA Science Mission Directorate,
dml.msfc.nasa.gov,National Aeronautics and Space Administration,NASA Marshall Space Flight Center,
doingbusiness.msfc.nasa.gov,National Aeronautics and Space Administration,NASA Marshall Space Flight Center,
download.jpl.nasa.gov,National Aeronautics and Space Administration,NASA Jet Propulsion Laboratory,
ds.nccs.nasa.gov,National Aeronautics and Space Administration,NASA Science Mission Directorate,
earth.gov,National Aeronautics and Space Administration,NASA Science Mission Directorate,
earth.gsfc.nasa.gov,National Aeronautics and Space Administration,NASA Science Mission Directorate,
earth.jpl.nasa.gov,National Aeronautics and Space Administration,NASA Jet Propulsion Laboratory,
earthdata.nasa.gov,National Aeronautics and Space Administration,NASA Science Mission Directorate,
earth-highlights.jpl.nasa.gov,National Aeronautics and Space Administration,NASA Jet Propulsion Laboratory,
earthobservatory.nasa.gov,National Aeronautics and Space Administration,NASA Science Mission Directorate,
echo.jpl.nasa.gov,National Aeronautics and Space Administration,NASA Jet Propulsion Laboratory,
eclipse.gsfc.nasa.gov,National Aeronautics and Space Administration,NASA Science Mission Directorate,
ecolloq.gsfc.nasa.gov,National Aeronautics and Space Administration,NASA Goddard Space Flight Center,
ecostress.jpl.nasa.gov,National Aeronautics and Space Administration,NASA Science Mission Directorate,
edrn.jpl.nasa.gov,National Aeronautics and Space Administration,NASA Jet Propulsion Laboratory,
edrn-labcas.jpl.nasa.gov,National Aeronautics and Space Administration,NASA Jet Propulsion Laboratory,
eds.larc.nasa.gov,National Aeronautics and Space Administration,NASA Langley Research Center,
ehpd.gsfc.nasa.gov,National Aeronautics and Space Administration,NASA Goddard Space Flight Center,
eirb.jsc.nasa.gov,National Aeronautics and Space Administration,NASA Office of the Chief Health and Medical Officer,
electrochem.jpl.nasa.gov,National Aeronautics and Space Administration,NASA Jet Propulsion Laboratory,
elvperf.ksc.nasa.gov,National Aeronautics and Space Administration,NASA Kennedy Space Center,
emergency.jpl.nasa.gov,National Aeronautics and Space Administration,NASA Jet Propulsion Laboratory,
emissivity.jpl.nasa.gov,National Aeronautics and Space Administration,NASA Science Mission Directorate,
engineering.larc.nasa.gov,National Aeronautics and Space Administration,NASA Langley Research Center,
environment.arc.nasa.gov,National Aeronautics and Space Administration,NASA Ames Research Center,
environmental.larc.nasa.gov,National Aeronautics and Space Administration,NASA Langley Research Center,
eol.jsc.nasa.gov,National Aeronautics and Space Administration,NASA Johnson Space Center,
eonet.gsfc.nasa.gov,National Aeronautics and Space Administration,NASA Science Mission Directorate,
eop-external.jpl.nasa.gov,National Aeronautics and Space Administration,NASA Science Mission Directorate,
eospso.nasa.gov,National Aeronautics and Space Administration,NASA Science Mission Directorate,
epact2.gsfc.nasa.gov,National Aeronautics and Space Administration,NASA Science Mission Directorate,
epic.gsfc.nasa.gov,National Aeronautics and Space Administration,NASA Science Mission Directorate,
esc.gsfc.nasa.gov,National Aeronautics and Space Administration,NASA Space Operations Mission Directorate,
esdpubs.nasa.gov,National Aeronautics and Space Administration,NASA Science Mission Directorate,
espo.nasa.gov,National Aeronautics and Space Administration,NASA Science Mission Directorate,
espoarchive.nasa.gov,National Aeronautics and Space Administration,NASA Science Mission Directorate,
esrs.jsc.nasa.gov,National Aeronautics and Space Administration,NASA Johnson Space Center,
essp.larc.nasa.gov,National Aeronautics and Space Administration,NASA Science Mission Directorate,
essp.nasa.gov,National Aeronautics and Space Administration,NASA Science Mission Directorate,
esto.nasa.gov,National Aeronautics and Space Administration,NASA Science Mission Directorate,
etd.gsfc.nasa.gov,National Aeronautics and Space Administration,NASA Goddard Space Flight Center,
eve.larc.nasa.gov,National Aeronautics and Space Administration,NASA Langley Research Center,
explorer1.jpl.nasa.gov,National Aeronautics and Space Administration,NASA Jet Propulsion Laboratory,
explorers.gsfc.nasa.gov,National Aeronautics and Space Administration,NASA Goddard Space Flight Center,
explorers.larc.nasa.gov,National Aeronautics and Space Administration,NASA Science Mission Directorate,
extapps.ksc.nasa.gov,National Aeronautics and Space Administration,NASA Kennedy Space Center,
eyes.nasa.gov,National Aeronautics and Space Administration,NASA Science Mission Directorate,
fermi.gsfc.nasa.gov,National Aeronautics and Space Administration,NASA Science Mission Directorate,
fireballs.ndc.nasa.gov,National Aeronautics and Space Administration,NASA Office of Safety and Mission Assurance,
firms.modaps.eosdis.nasa.gov,National Aeronautics and Space Administration,NASA Science Mission Directorate,
fits.gsfc.nasa.gov,National Aeronautics and Space Administration,NASA Science Mission Directorate,
flightplanning.jpl.nasa.gov,National Aeronautics and Space Administration,NASA Science Mission Directorate,
flightsimulation.larc.nasa.gov,National Aeronautics and Space Administration,NASA Langley Research Center,
fluid.nccs.nasa.gov,National Aeronautics and Space Administration,NASA Science Mission Directorate,
forum.earthdata.nasa.gov,National Aeronautics and Space Administration,NASA Science Mission Directorate,
mmsvis.gsfc.nasa.gov,National Aeronautics and Space Administration,NASA Science Mission Directorate,
frc-grants.arc.nasa.gov,National Aeronautics and Space Administration,NASA Johnson Space Center,
ftsdb.grc.nasa.gov,National Aeronautics and Space Administration,NASA Armstrong Flight Research Center,
fun3d.larc.nasa.gov,National Aeronautics and Space Administration,NASA Langley Research Center,
gammaray.nsstc.nasa.gov,National Aeronautics and Space Administration,NASA Science Mission Directorate,
gates.jpl.nasa.gov,National Aeronautics and Space Administration,NASA Jet Propulsion Laboratory,
gcmd.earthdata.nasa.gov,National Aeronautics and Space Administration,NASA Science Mission Directorate,
gcn.gsfc.nasa.gov,National Aeronautics and Space Administration,NASA Science Mission Directorate,
gdscc.nasa.gov,National Aeronautics and Space Administration,NASA Space Operations Mission Directorate,
genesis.jpl.nasa.gov,National Aeronautics and Space Administration,NASA Science Mission Directorate,
gewa.gsfc.nasa.gov,National Aeronautics and Space Administration,NASA Goddard Space Flight Center,
giovanni.gsfc.nasa.gov,National Aeronautics and Space Administration,NASA Science Mission Directorate,
gipoc.grc.nasa.gov,National Aeronautics and Space Administration,NASA Glenn Research Center,
gipsyx.jpl.nasa.gov,National Aeronautics and Space Administration,NASA Jet Propulsion Laboratory,
gis.earthdata.nasa.gov,National Aeronautics and Space Administration,NASA Science Mission Directorate,
giss.nasa.gov,National Aeronautics and Space Administration,NASA Goddard Space Flight Center,
glam1.gsfc.nasa.gov,National Aeronautics and Space Administration,NASA Science Mission Directorate,
glamr.gsfc.nasa.gov,National Aeronautics and Space Administration,NASA Science Mission Directorate,
gliht.gsfc.nasa.gov,National Aeronautics and Space Administration,NASA Science Mission Directorate,
glihtdata.gsfc.nasa.gov,National Aeronautics and Space Administration,NASA Science Mission Directorate,
globe.gov,National Aeronautics and Space Administration,NASA Science Mission Directorate,
gmao.gsfc.nasa.gov,National Aeronautics and Space Administration,NASA Science Mission Directorate,
goes-r.nsstc.nasa.gov,National Aeronautics and Space Administration,NASA Science Mission Directorate,
gpm.nasa.gov,National Aeronautics and Space Administration,NASA Science Mission Directorate,
gpm-gv.gsfc.nasa.gov,National Aeronautics and Space Administration,NASA Science Mission Directorate,
grace.jpl.nasa.gov,National Aeronautics and Space Administration,NASA Science Mission Directorate,
gracefo.jpl.nasa.gov,National Aeronautics and Space Administration,NASA Science Mission Directorate,
grc.nasa.gov,National Aeronautics and Space Administration,NASA Glenn Research Center,
gs671-suske.ndc.nasa.gov,National Aeronautics and Space Administration,NASA Science Mission Directorate,
gssr.jpl.nasa.gov,National Aeronautics and Space Administration,NASA Space Operations Mission Directorate,
guardian.jpl.nasa.gov,National Aeronautics and Space Administration,NASA Jet Propulsion Laboratory,
guest.nasa.gov,National Aeronautics and Space Administration,NASA Office of the Chief Information Officer,
gulfoilspill.jpl.nasa.gov,National Aeronautics and Space Administration,NASA Science Mission Directorate,
hamsr.jpl.nasa.gov,National Aeronautics and Space Administration,NASA Science Mission Directorate,
har.gsfc.nasa.gov,National Aeronautics and Space Administration,NASA Goddard Space Flight Center,
harmony.earthdata.nasa.gov,National Aeronautics and Space Administration,NASA Science Mission Directorate,
hdrl.gsfc.nasa.gov,National Aeronautics and Space Administration,NASA Science Mission Directorate,
heasarc.gsfc.nasa.gov,National Aeronautics and Space Administration,NASA Science Mission Directorate,
hec.nasa.gov,National Aeronautics and Space Administration,NASA Science Mission Directorate,
heliophysicsdata.gsfc.nasa.gov,National Aeronautics and Space Administration,NASA Science Mission Directorate,
hesperia.gsfc.nasa.gov,National Aeronautics and Space Administration,NASA Science Mission Directorate,
hic.msfc.nasa.gov,National Aeronautics and Space Administration,NASA Marshall Space Flight Center,
hinode.msfc.nasa.gov,National Aeronautics and Space Administration,NASA Science Mission Directorate,
hires.gsfc.nasa.gov,National Aeronautics and Space Administration,NASA Science Mission Directorate,
historicproperties.arc.nasa.gov,National Aeronautics and Space Administration,NASA Ames Research Center,
history.arc.nasa.gov,National Aeronautics and Space Administration,NASA Office of Communications,
hitide.podaac.earthdatacloud.nasa.gov,National Aeronautics and Space Administration,NASA Science Mission Directorate,
hls.gsfc.nasa.gov,National Aeronautics and Space Administration,NASA Science Mission Directorate,
homeandcity.nasa.gov,National Aeronautics and Space Administration,NASA Space Technology Mission Directorate,
honeybeenet.gsfc.nasa.gov,National Aeronautics and Space Administration,NASA Science Mission Directorate,
hq.nasa.gov,National Aeronautics and Space Administration,NASA Office of the Chief Information Officer,
human-factors.arc.nasa.gov,National Aeronautics and Space Administration,NASA Ames Research Center,
humanresearchroadmap.nasa.gov,National Aeronautics and Space Administration,NASA Space Operations Mission Directorate,
hvit.jsc.nasa.gov,National Aeronautics and Space Administration,NASA Johnson Space Center,
hydronews.jpl.nasa.gov,National Aeronautics and Space Administration,NASA Science Mission Directorate,
hytes.jpl.nasa.gov,National Aeronautics and Space Administration,NASA Science Mission Directorate,
ice.nasa.gov,National Aeronautics and Space Administration,NASA Science Mission Directorate,
icebridge.gsfc.nasa.gov,National Aeronautics and Space Administration,NASA Science Mission Directorate,
icesat.gsfc.nasa.gov,National Aeronautics and Space Administration,NASA Science Mission Directorate,
icesat-2.gsfc.nasa.gov,National Aeronautics and Space Administration,NASA Science Mission Directorate,
ideas-digitaltwin.jpl.nasa.gov,National Aeronautics and Space Administration,NASA Science Mission Directorate,
ifem.larc.nasa.gov,National Aeronautics and Space Administration,NASA Aeronautics Research Mission Directorate,
ilrs.gsfc.nasa.gov,National Aeronautics and Space Administration,NASA Science Mission Directorate,
image.gsfc.nasa.gov,National Aeronautics and Space Administration,NASA Science Mission Directorate,
images.nasa.gov,National Aeronautics and Space Administration,NASA Office of the Chief Information Officer,
imagine.gsfc.nasa.gov,National Aeronautics and Space Administration,NASA Science Mission Directorate,
impact.earthdata.nasa.gov,National Aeronautics and Space Administration,NASA Science Mission Directorate,
insidedlab.jpl.nasa.gov,National Aeronautics and Space Administration,NASA Jet Propulsion Laboratory,
invention.nasa.gov,National Aeronautics and Space Administration,NASA Space Technology Mission Directorate,
ipnpr.jpl.nasa.gov,National Aeronautics and Space Administration,NASA Space Operations Mission Directorate,
iris.gsfc.nasa.gov,National Aeronautics and Space Administration,NASA Goddard Space Flight Center,
isccp.giss.nasa.gov,National Aeronautics and Space Administration,NASA Science Mission Directorate,
issm.jpl.nasa.gov,National Aeronautics and Space Administration,NASA Jet Propulsion Laboratory,
istcolloq.gsfc.nasa.gov,National Aeronautics and Space Administration,NASA Goddard Space Flight Center,
iswa.ccmc.gsfc.nasa.gov,National Aeronautics and Space Administration,NASA Science Mission Directorate,
its-live.jpl.nasa.gov,National Aeronautics and Space Administration,NASA Jet Propulsion Laboratory,
ivscc.gsfc.nasa.gov,National Aeronautics and Space Administration,NASA Science Mission Directorate,
ixpe.msfc.nasa.gov,National Aeronautics and Space Administration,NASA Science Mission Directorate,
jpl.nasa.gov,National Aeronautics and Space Administration,NASA Jet Propulsion Laboratory,
jpldataeval.jpl.nasa.gov,National Aeronautics and Space Administration,NASA Science Mission Directorate,
jplwater.nasa.gov,National Aeronautics and Space Administration,NASA Office of Strategic Infrastructure,
jpssmis.gsfc.nasa.gov,National Aeronautics and Space Administration,NASA Goddard Space Flight Center,
keof.jpl.nasa.gov,National Aeronautics and Space Administration,NASA Science Mission Directorate,
kscweather.ksc.nasa.gov,National Aeronautics and Space Administration,NASA Kennedy Space Center,
l0dup05.larc.nasa.gov,National Aeronautics and Space Administration,NASA Science Mission Directorate,
ladsweb.modaps.eosdis.nasa.gov,National Aeronautics and Space Administration,NASA Science Mission Directorate,
laketahoe.jpl.nasa.gov,National Aeronautics and Space Administration,NASA Science Mission Directorate,
lambda.gsfc.nasa.gov,National Aeronautics and Space Administration,NASA Science Mission Directorate,
lance.modaps.eosdis.nasa.gov,National Aeronautics and Space Administration,NASA Science Mission Directorate,
landsat.gsfc.nasa.gov,National Aeronautics and Space Administration,NASA Science Mission Directorate,
landscape.jpl.nasa.gov,National Aeronautics and Space Administration,NASA Science Mission Directorate,
landweb.modaps.eosdis.nasa.gov,National Aeronautics and Space Administration,NASA Science Mission Directorate,
larc-exchange.larc.nasa.gov,National Aeronautics and Space Administration,NASA Langley Research Center,
largelakes.jpl.nasa.gov,National Aeronautics and Space Administration,NASA Science Mission Directorate,
lbpw.larc.nasa.gov,National Aeronautics and Space Administration,NASA Aeronautics Research Mission Directorate,
ldas.gsfc.nasa.gov,National Aeronautics and Space Administration,NASA Science Mission Directorate,
leonid.arc.nasa.gov,National Aeronautics and Space Administration,NASA Ames Research Center,
lep-pds.gsfc.nasa.gov,National Aeronautics and Space Administration,NASA Science Mission Directorate,
lidar.jpl.nasa.gov,National Aeronautics and Space Administration,NASA Science Mission Directorate,
lis.gsfc.nasa.gov,National Aeronautics and Space Administration,NASA Science Mission Directorate,
lisa.nasa.gov,National Aeronautics and Space Administration,NASA Science Mission Directorate,
llis.nasa.gov,National Aeronautics and Space Administration,NASA Office of the Chief Engineer,
lms.larc.nasa.gov,National Aeronautics and Space Administration,NASA Langley Research Center,
lmse.larc.nasa.gov,National Aeronautics and Space Administration,NASA Langley Research Center,
lpo-mager.gsfc.nasa.gov,National Aeronautics and Space Administration,NASA Science Mission Directorate,
lpvs.gsfc.nasa.gov,National Aeronautics and Space Administration,NASA Science Mission Directorate,
lspcountdown.ndc.nasa.gov,National Aeronautics and Space Administration,NASA Kennedy Space Center,
lst.jpl.nasa.gov,National Aeronautics and Space Administration,NASA Science Mission Directorate,
lunarvolatiles.nasa.gov,National Aeronautics and Space Administration,NASA Science Mission Directorate,
lvis.gsfc.nasa.gov,National Aeronautics and Space Administration,NASA Science Mission Directorate,
lws.gsfc.nasa.gov,National Aeronautics and Space Administration,NASA Goddard Space Flight Center,
lws-set.gsfc.nasa.gov,National Aeronautics and Space Administration,NASA Goddard Space Flight Center,
magnetograph.msfc.nasa.gov,National Aeronautics and Space Administration,NASA Marshall Space Flight Center,
maia.jpl.nasa.gov,National Aeronautics and Space Administration,NASA Science Mission Directorate,
maia-mmgis.jpl.nasa.gov,National Aeronautics and Space Administration,NASA Science Mission Directorate,
map.gsfc.nasa.gov,National Aeronautics and Space Administration,NASA Science Mission Directorate,
maps.disasters.nasa.gov,National Aeronautics and Space Administration,NASA Science Mission Directorate,
maps.nccs.nasa.gov,National Aeronautics and Space Administration,NASA Science Mission Directorate,
maptis.nasa.gov,National Aeronautics and Space Administration,NASA Marshall Space Flight Center,
mark4sun.jpl.nasa.gov,National Aeronautics and Space Administration,NASA Jet Propulsion Laboratory,
mars.nasa.gov,National Aeronautics and Space Administration,NASA Science Mission Directorate,
marsoweb.nas.nasa.gov,National Aeronautics and Space Administration,NASA Ames Research Center,
masterprojects.jpl.nasa.gov,National Aeronautics and Space Administration,NASA Science Mission Directorate,
mcdc.msfc.nasa.gov,National Aeronautics and Space Administration,NASA Office of Communications,
mcl-labcas.jpl.nasa.gov,National Aeronautics and Space Administration,NASA Jet Propulsion Laboratory,
mcst.gsfc.nasa.gov,National Aeronautics and Space Administration,NASA Science Mission Directorate,
mds.jpl.nasa.gov,National Aeronautics and Space Administration,NASA Jet Propulsion Laboratory,
mdscc.nasa.gov,National Aeronautics and Space Administration,NASA Space Operations Mission Directorate,
medeng.jpl.nasa.gov,National Aeronautics and Space Administration,NASA Jet Propulsion Laboratory,
media.ksc.nasa.gov,National Aeronautics and Space Administration,NASA Kennedy Space Center,
mescforyou.ksc.nasa.gov,National Aeronautics and Space Administration,NASA Kennedy Space Center,
methane.jpl.nasa.gov,National Aeronautics and Space Administration,NASA Science Mission Directorate,
mgs-mager.gsfc.nasa.gov,National Aeronautics and Space Administration,NASA Science Mission Directorate,
microdevices.jpl.nasa.gov,National Aeronautics and Space Administration,NASA Jet Propulsion Laboratory,
misr.jpl.nasa.gov,National Aeronautics and Space Administration,NASA Science Mission Directorate,
misse1.larc.nasa.gov,National Aeronautics and Space Administration,NASA Space Technology Mission Directorate,
ml.jpl.nasa.gov,National Aeronautics and Space Administration,NASA Jet Propulsion Laboratory,
mls.jpl.nasa.gov,National Aeronautics and Space Administration,NASA Science Mission Directorate,
mms.gsfc.nasa.gov,National Aeronautics and Space Administration,NASA Goddard Space Flight Center,
modaps.modaps.eosdis.nasa.gov,National Aeronautics and Space Administration,NASA Science Mission Directorate,
modis.gsfc.nasa.gov,National Aeronautics and Space Administration,NASA Science Mission Directorate,
modis-images.gsfc.nasa.gov,National Aeronautics and Space Administration,NASA Science Mission Directorate,
modis-land.gsfc.nasa.gov,National Aeronautics and Space Administration,NASA Science Mission Directorate,
modis-snow-ice.gsfc.nasa.gov,National Aeronautics and Space Administration,NASA Science Mission Directorate,
montepy.jpl.nasa.gov,National Aeronautics and Space Administration,NASA Science Mission Directorate,
moon.nasa.gov,National Aeronautics and Space Administration,NASA Science Mission Directorate,
mplnet.gsfc.nasa.gov,National Aeronautics and Space Administration,NASA Science Mission Directorate,
msiexchange.nasa.gov,National Aeronautics and Space Administration,NASA Office of STEM Engagement,
msqs.gsfc.nasa.gov,National Aeronautics and Space Administration,NASA Science Mission Directorate,
mttc.jpl.nasa.gov,National Aeronautics and Space Administration,NASA Jet Propulsion Laboratory,
mwsci.jpl.nasa.gov,National Aeronautics and Space Administration,NASA Science Mission Directorate,
mynasadata.larc.nasa.gov,National Aeronautics and Space Administration,NASA Science Mission Directorate,
mysteries.jpl.nasa.gov,National Aeronautics and Space Administration,NASA Jet Propulsion Laboratory,
nahw.jpl.nasa.gov,National Aeronautics and Space Administration,NASA Science Mission Directorate,
naif.jpl.nasa.gov,National Aeronautics and Space Administration,NASA Science Mission Directorate,
nari.arc.nasa.gov,National Aeronautics and Space Administration,NASA Aeronautics Research Mission Directorate,
narwhal.arc.nasa.gov,National Aeronautics and Space Administration,NASA Aeronautics Research Mission Directorate,
nas.nasa.gov,National Aeronautics and Space Administration,NASA Ames Research Center,
nasa.gov,National Aeronautics and Space Administration,NASA Office of the Chief Information Officer,
nasaeclips.arc.nasa.gov,National Aeronautics and Space Administration,NASA Science Mission Directorate,
nbi.larc.nasa.gov,National Aeronautics and Space Administration,NASA Langley Research Center,
nccs.nasa.gov,National Aeronautics and Space Administration,NASA Science Mission Directorate,
ndacc.larc.nasa.gov,National Aeronautics and Space Administration,NASA Science Mission Directorate,
nde.larc.nasa.gov,National Aeronautics and Space Administration,NASA Langley Research Center,
ndeaa.jpl.nasa.gov,National Aeronautics and Space Administration,NASA Jet Propulsion Laboratory,
nef.nasa.gov,National Aeronautics and Space Administration,NASA Office of the Chief Information Officer,
nek.ksc.nasa.gov,National Aeronautics and Space Administration,NASA Kennedy Space Center,
neo.gsfc.nasa.gov,National Aeronautics and Space Administration,NASA Science Mission Directorate,
neo-bolide.ndc.nasa.gov,National Aeronautics and Space Administration,NASA Science Mission Directorate,
neoproperties.arc.nasa.gov,National Aeronautics and Space Administration,NASA Science Mission Directorate,
nepp.nasa.gov,National Aeronautics and Space Administration,NASA Goddard Space Flight Center,
nescacademy.nasa.gov,National Aeronautics and Space Administration,NASA Office of the Chief Engineer,
netspublic.grc.nasa.gov,National Aeronautics and Space Administration,NASA Glenn Research Center,
newfrontiers.larc.nasa.gov,National Aeronautics and Space Administration,NASA Science Mission Directorate,
nightsky.jpl.nasa.gov,National Aeronautics and Space Administration,NASA Science Mission Directorate,
nlsp.nasa.gov,National Aeronautics and Space Administration,NASA Space Operations Mission Directorate,
nodis3.gsfc.nasa.gov,National Aeronautics and Space Administration,NASA Office of the Administrator,
nssdc.gsfc.nasa.gov,National Aeronautics and Space Administration,NASA Science Mission Directorate,
ntrs.nasa.gov,National Aeronautics and Space Administration,NASA Office of the Chief Information Officer,
nuwrf.gsfc.nasa.gov,National Aeronautics and Space Administration,NASA Science Mission Directorate,
observer.globe.gov,National Aeronautics and Space Administration,NASA Science Mission Directorate,
ocdb.smce.nasa.gov,National Aeronautics and Space Administration,NASA Science Mission Directorate,
oceancolor.gsfc.nasa.gov,National Aeronautics and Space Administration,NASA Science Mission Directorate,
oceandata.sci.gsfc.nasa.gov,National Aeronautics and Space Administration,NASA Science Mission Directorate,
ocov2.jpl.nasa.gov,National Aeronautics and Space Administration,NASA Science Mission Directorate,
ocov3.jpl.nasa.gov,National Aeronautics and Space Administration,NASA Science Mission Directorate,
oh.larc.nasa.gov,National Aeronautics and Space Administration,NASA Langley Research Center,
oig.nasa.gov,National Aeronautics and Space Administration,NASA Office of the Inspector General,
oiir.hq.nasa.gov,National Aeronautics and Space Administration,NASA Office of International and Interagency Relations,
oltaris.nasa.gov,National Aeronautics and Space Administration,NASA Langley Research Center,
omg.jpl.nasa.gov,National Aeronautics and Space Administration,NASA Science Mission Directorate,
omniweb.gsfc.nasa.gov,National Aeronautics and Space Administration,NASA Science Mission Directorate,
opendap.larc.nasa.gov,National Aeronautics and Space Administration,NASA Science Mission Directorate,
orbitaldebris.jsc.nasa.gov,National Aeronautics and Space Administration,NASA Johnson Space Center,
origins-habitability.jpl.nasa.gov,National Aeronautics and Space Administration,NASA Science Mission Directorate,
osdr.nasa.gov,National Aeronautics and Space Administration,NASA Science Mission Directorate,
ott.jpl.nasa.gov,National Aeronautics and Space Administration,NASA Jet Propulsion Laboratory,
outreachevents.grc.nasa.gov,National Aeronautics and Space Administration,NASA Glenn Research Center,
overflow.larc.nasa.gov,National Aeronautics and Space Administration,NASA Langley Research Center,
ozoneaq.gsfc.nasa.gov,National Aeronautics and Space Administration,NASA Science Mission Directorate,
ozonewatch.gsfc.nasa.gov,National Aeronautics and Space Administration,NASA Science Mission Directorate,
pace.gsfc.nasa.gov,National Aeronautics and Space Administration,NASA Science Mission Directorate,
pandora.gsfc.nasa.gov,National Aeronautics and Space Administration,NASA Science Mission Directorate,
parker.gsfc.nasa.gov,National Aeronautics and Space Administration,NASA Science Mission Directorate,
partnerships.gsfc.nasa.gov,National Aeronautics and Space Administration,NASA Goddard Space Flight Center,
parts.jpl.nasa.gov,National Aeronautics and Space Administration,NASA Jet Propulsion Laboratory,
pcos.gsfc.nasa.gov,National Aeronautics and Space Administration,NASA Science Mission Directorate,
pds.nasa.gov,National Aeronautics and Space Administration,NASA Science Mission Directorate,
pds-engineering.jpl.nasa.gov,National Aeronautics and Space Administration,NASA Science Mission Directorate,
pds-imaging.jpl.nasa.gov,National Aeronautics and Space Administration,NASA Science Mission Directorate,
pgda.gsfc.nasa.gov,National Aeronautics and Space Administration,NASA Science Mission Directorate,
phenomorph.arc.nasa.gov,National Aeronautics and Space Administration,NASA Ames Research Center,
planetary.msfc.nasa.gov,National Aeronautics and Space Administration,NASA Marshall Space Flight Center,
planetarydata.jpl.nasa.gov,National Aeronautics and Space Administration,NASA Science Mission Directorate,
planetaryprotection.jpl.nasa.gov,National Aeronautics and Space Administration,NASA Jet Propulsion Laboratory,
plasmasphere.nasa.gov,National Aeronautics and Space Administration,NASA Marshall Space Flight Center,
plus.nasa.gov,National Aeronautics and Space Administration,NASA Office of Communications,
pmmpublisher.pps.eosdis.nasa.gov,National Aeronautics and Space Administration,NASA Science Mission Directorate,
podaac.jpl.nasa.gov,National Aeronautics and Space Administration,NASA Science Mission Directorate,
postdocs.jpl.nasa.gov,National Aeronautics and Space Administration,NASA Jet Propulsion Laboratory,
power.larc.nasa.gov,National Aeronautics and Space Administration,NASA Science Mission Directorate,
psss.jpl.nasa.gov,National Aeronautics and Space Administration,NASA Science Mission Directorate,
psg.gsfc.nasa.gov,National Aeronautics and Space Administration,NASA Science Mission Directorate,
psiuserregistration.ndc.nasa.gov,National Aeronautics and Space Administration,NASA Science Mission Directorate,
psrs.arc.nasa.gov,National Aeronautics and Space Administration,NASA Aeronautics Research Mission Directorate,
public.ksc.nasa.gov,National Aeronautics and Space Administration,NASA Kennedy Space Center,
pwg.gsfc.nasa.gov,National Aeronautics and Space Administration,NASA Science Mission Directorate,
qaexternal.jpl.nasa.gov,National Aeronautics and Space Administration,NASA Jet Propulsion Laboratory,
radiojove.gsfc.nasa.gov,National Aeronautics and Space Administration,NASA Science Mission Directorate,
rcmes.jpl.nasa.gov,National Aeronautics and Space Administration,NASA Science Mission Directorate,
reentry.arc.nasa.gov,National Aeronautics and Space Administration,NASA Ames Research Center,
registration.pps.eosdis.nasa.gov,National Aeronautics and Space Administration,NASA Science Mission Directorate,
request.hec.nasa.gov,National Aeronautics and Space Administration,NASA Science Mission Directorate,
researchdirectorate.larc.nasa.gov,National Aeronautics and Space Administration,NASA Langley Research Center,
robotics.jpl.nasa.gov,National Aeronautics and Space Administration,NASA Jet Propulsion Laboratory,
robotics.nasa.gov,National Aeronautics and Space Administration,NASA Johnson Space Center,
roman.gsfc.nasa.gov,National Aeronautics and Space Administration,NASA Science Mission Directorate,
rotorcraft.arc.nasa.gov,National Aeronautics and Space Administration,NASA Aeronautics Research Mission Directorate,
rscience.gsfc.nasa.gov,National Aeronautics and Space Administration,NASA Goddard Space Flight Center,
russellranch.jpl.nasa.gov,National Aeronautics and Space Administration,NASA Science Mission Directorate,
s3vi.ndc.nasa.gov,National Aeronautics and Space Administration,NASA Space Technology Mission Directorate,
sacd.larc.nasa.gov,National Aeronautics and Space Administration,NASA Langley Research Center,
sage.nasa.gov,National Aeronautics and Space Administration,NASA Science Mission Directorate,
saltonsea.jpl.nasa.gov,National Aeronautics and Space Administration,NASA Science Mission Directorate,
sams.grc.nasa.gov,National Aeronautics and Space Administration,NASA Glenn Research Center,
satern.nasa.gov,National Aeronautics and Space Administration,NASA Office of the Chief Human Capital Officer,
sbg.jpl.nasa.gov,National Aeronautics and Space Administration,NASA Science Mission Directorate,
sbuv.gsfc.nasa.gov,National Aeronautics and Space Administration,NASA Goddard Space Flight Center,
scan-now.gsfc.nasa.gov,National Aeronautics and Space Administration,NASA Space Operations Mission Directorate,
scicolloq.gsfc.nasa.gov,National Aeronautics and Space Administration,NASA Goddard Space Flight Center,
science.data.nasa.gov,National Aeronautics and Space Administration,NASA Science Mission Directorate,
science.gsfc.nasa.gov,National Aeronautics and Space Administration,NASA Goddard Space Flight Center,
science.jpl.nasa.gov,National Aeronautics and Space Administration,NASA Jet Propulsion Laboratory,
science.larc.nasa.gov,National Aeronautics and Space Administration,NASA Langley Research Center,
science.nasa.gov,National Aeronautics and Space Administration,NASA Science Mission Directorate,
sciencecareers.apps.nasa.gov,National Aeronautics and Space Administration,NASA Science Mission Directorate,
science-data.larc.nasa.gov,National Aeronautics and Space Administration,NASA Science Mission Directorate,
sciencediscoveryengine.nasa.gov,National Aeronautics and Space Administration,NASA Science Mission Directorate,
sciencetalks.jpl.nasa.gov,National Aeronautics and Space Administration,NASA Jet Propulsion Laboratory,
scifli.larc.nasa.gov,National Aeronautics and Space Administration,NASA Langley Research Center,
scool.larc.nasa.gov,National Aeronautics and Space Administration,NASA Science Mission Directorate,
sdo.gsfc.nasa.gov,National Aeronautics and Space Administration,NASA Science Mission Directorate,
seabass.gsfc.nasa.gov,National Aeronautics and Space Administration,NASA Science Mission Directorate,
seadas.gsfc.nasa.gov,National Aeronautics and Space Administration,NASA Science Mission Directorate,
sealevel.jpl.nasa.gov,National Aeronautics and Space Administration,NASA Science Mission Directorate,
sealevel.nasa.gov,National Aeronautics and Space Administration,NASA Science Mission Directorate,
sealevel-nexus.jpl.nasa.gov,National Aeronautics and Space Administration,NASA Science Mission Directorate,
search.earthdata.nasa.gov,National Aeronautics and Space Administration,NASA Science Mission Directorate,
searchpub.nssc.nasa.gov,National Aeronautics and Space Administration,NASA Stennis Space Center,
seawifs.gsfc.nasa.gov,National Aeronautics and Space Administration,NASA Science Mission Directorate,
sec353ext.jpl.nasa.gov,National Aeronautics and Space Administration,NASA Jet Propulsion Laboratory,
seec.gsfc.nasa.gov,National Aeronautics and Space Administration,NASA Science Mission Directorate,
sep.ccmc.gsfc.nasa.gov,National Aeronautics and Space Administration,NASA Science Mission Directorate,
sewp.nasa.gov,National Aeronautics and Space Administration,NASA Office of Procurement,
sfa.jsc.nasa.gov,National Aeronautics and Space Administration,NASA Space Operations Mission Directorate,
shapememory.grc.nasa.gov,National Aeronautics and Space Administration,NASA Glenn Research Center,
shemesh.larc.nasa.gov,National Aeronautics and Space Administration,NASA Langley Research Center,
simplex.giss.nasa.gov,National Aeronautics and Space Administration,NASA Science Mission Directorate,
sites.wff.nasa.gov,National Aeronautics and Space Administration,NASA Goddard Space Flight Center,
skyview.gsfc.nasa.gov,National Aeronautics and Space Administration,NASA Science Mission Directorate,
sma.gsfc.nasa.gov,National Aeronautics and Space Administration,NASA Goddard Space Flight Center,
sma.nasa.gov,National Aeronautics and Space Administration,NASA Office of Safety and Mission Assurance,
smallsat.wff.nasa.gov,National Aeronautics and Space Administration,NASA Goddard Space Flight Center,
smap.jpl.nasa.gov,National Aeronautics and Space Administration,NASA Science Mission Directorate,
snow.nasa.gov,National Aeronautics and Space Administration,NASA Science Mission Directorate,
so2.gsfc.nasa.gov,National Aeronautics and Space Administration,NASA Science Mission Directorate,
software.nasa.gov,National Aeronautics and Space Administration,NASA Space Technology Mission Directorate,
soho.nascom.nasa.gov,National Aeronautics and Space Administration,NASA Science Mission Directorate,
solarscience.msfc.nasa.gov,National Aeronautics and Space Administration,NASA Science Mission Directorate,
solarsystem.nasa.gov,National Aeronautics and Space Administration,NASA Science Mission Directorate,
solc.gsfc.nasa.gov,National Aeronautics and Space Administration,NASA Science Mission Directorate,
soma.larc.nasa.gov,National Aeronautics and Space Administration,NASA Science Mission Directorate,
space.jpl.nasa.gov,National Aeronautics and Space Administration,NASA Jet Propulsion Laboratory,
space-geodesy.nasa.gov,National Aeronautics and Space Administration,NASA Science Mission Directorate,
spacemath.gsfc.nasa.gov,National Aeronautics and Space Administration,NASA Science Mission Directorate,
spaceplace.nasa.gov,National Aeronautics and Space Administration,NASA Science Mission Directorate,
spaceradiation.larc.nasa.gov,National Aeronautics and Space Administration,NASA Langley Research Center,
spacesounds.msfc.nasa.gov,National Aeronautics and Space Administration,NASA Marshall Space Flight Center,
spdf.gsfc.nasa.gov,National Aeronautics and Space Administration,NASA Science Mission Directorate,
spec.jpl.nasa.gov,National Aeronautics and Space Administration,NASA Science Mission Directorate,
speclib.jpl.nasa.gov,National Aeronautics and Space Administration,NASA Science Mission Directorate,
spinoff.nasa.gov,National Aeronautics and Space Administration,NASA Space Technology Mission Directorate,
spsweb.fltops.jpl.nasa.gov,National Aeronautics and Space Administration,NASA Jet Propulsion Laboratory,
srag.jsc.nasa.gov,National Aeronautics and Space Administration,NASA Johnson Space Center,
srag-msrem.jsc.nasa.gov,National Aeronautics and Space Administration,NASA Johnson Space Center,
ssctdpub.ssc.nasa.gov,National Aeronautics and Space Administration,NASA Stennis Space Center,
sscweb.gsfc.nasa.gov,National Aeronautics and Space Administration,NASA Science Mission Directorate,
sscwebpub.ssc.nasa.gov,National Aeronautics and Space Administration,NASA Stennis Space Center,
ssd.jpl.nasa.gov,National Aeronautics and Space Administration,NASA Science Mission Directorate,
sservi.nasa.gov,National Aeronautics and Space Administration,NASA Science Mission Directorate,
ssfl.msfc.nasa.gov,National Aeronautics and Space Administration,NASA Marshall Space Flight Center,
stab.larc.nasa.gov,National Aeronautics and Space Administration,NASA Langley Research Center,
stabserv.larc.nasa.gov,National Aeronautics and Space Administration,NASA Langley Research Center,
standards.nasa.gov,National Aeronautics and Space Administration,NASA Office of the Chief Engineer,
starchild.gsfc.nasa.gov,National Aeronautics and Space Administration,NASA Science Mission Directorate,
status.earthdata.nasa.gov,National Aeronautics and Space Administration,NASA Science Mission Directorate,
stemgateway.nasa.gov,National Aeronautics and Space Administration,NASA Office of STEM Engagement,
stereo.gsfc.nasa.gov,National Aeronautics and Space Administration,NASA Science Mission Directorate,
stereo-ssc.nascom.nasa.gov,National Aeronautics and Space Administration,NASA Science Mission Directorate,
sti.nasa.gov,National Aeronautics and Space Administration,NASA Office of the Chief Information Officer,
storm.pps.eosdis.nasa.gov,National Aeronautics and Space Administration,NASA Science Mission Directorate,
stp.gsfc.nasa.gov,National Aeronautics and Space Administration,NASA Goddard Space Flight Center,
strs.grc.nasa.gov,National Aeronautics and Space Administration,NASA Glenn Research Center,
subset.larc.nasa.gov,National Aeronautics and Space Administration,NASA Science Mission Directorate,
supplierportal.jpl.nasa.gov,National Aeronautics and Space Administration,NASA Jet Propulsion Laboratory,
survey.larc.nasa.gov,National Aeronautics and Space Administration,NASA Langley Research Center,
svs.gsfc.nasa.gov,National Aeronautics and Space Administration,NASA Science Mission Directorate,
swehb.nasa.gov,National Aeronautics and Space Administration,NASA Marshall Space Flight Center,
sw-eng.larc.nasa.gov,National Aeronautics and Space Administration,NASA Langley Research Center,
swift.gsfc.nasa.gov,National Aeronautics and Space Administration,NASA Science Mission Directorate,
swot.jpl.nasa.gov,National Aeronautics and Space Administration,NASA Science Mission Directorate,
tdglobal.ksc.nasa.gov,National Aeronautics and Space Administration,NASA Kennedy Space Center,
technology.nasa.gov,National Aeronautics and Space Administration,NASA Space Technology Mission Directorate,
techport.nasa.gov,National Aeronautics and Space Administration,NASA Space Technology Mission Directorate,
terra.nasa.gov,National Aeronautics and Space Administration,NASA Science Mission Directorate,
tes.jpl.nasa.gov,National Aeronautics and Space Administration,NASA Science Mission Directorate,
tetruss.larc.nasa.gov,National Aeronautics and Space Administration,NASA Langley Research Center,
tfaws.nasa.gov,National Aeronautics and Space Administration,NASA Glenn Research Center,
three.jsc.nasa.gov,National Aeronautics and Space Administration,NASA Space Operations Mission Directorate,
thunder.jpl.nasa.gov,National Aeronautics and Space Administration,NASA Science Mission Directorate,
ti.arc.nasa.gov,National Aeronautics and Space Administration,NASA Ames Research Center,
tmf.jpl.nasa.gov,National Aeronautics and Space Administration,NASA Jet Propulsion Laboratory,
toastmasters.gsfc.nasa.gov,National Aeronautics and Space Administration,NASA Goddard Space Flight Center,
tolnet.larc.nasa.gov,National Aeronautics and Space Administration,NASA Science Mission Directorate,
tours.jpl.nasa.gov,National Aeronautics and Space Administration,NASA Jet Propulsion Laboratory,
towerfts.csbf.nasa.gov,National Aeronautics and Space Administration,NASA Science Mission Directorate,
tpsx.arc.nasa.gov,National Aeronautics and Space Administration,NASA Ames Research Center,
trajbrowser.arc.nasa.gov,National Aeronautics and Space Administration,NASA Ames Research Center,
transitionmodeling.larc.nasa.gov,National Aeronautics and Space Administration,NASA Langley Research Center,
trek.msfc.nasa.gov,National Aeronautics and Space Administration,NASA Marshall Space Flight Center,
trek.nasa.gov,National Aeronautics and Space Administration,NASA Science Mission Directorate,
trmm.gsfc.nasa.gov,National Aeronautics and Space Administration,NASA Science Mission Directorate,
trmm-fc.gsfc.nasa.gov,National Aeronautics and Space Administration,NASA Science Mission Directorate,
tropicalcyclone.jpl.nasa.gov,National Aeronautics and Space Administration,NASA Science Mission Directorate,
tropo.gsfc.nasa.gov,National Aeronautics and Space Administration,NASA Science Mission Directorate,
tsc.jsc.nasa.gov,National Aeronautics and Space Administration,NASA Johnson Space Center,
turbmodels.larc.nasa.gov,National Aeronautics and Space Administration,NASA Langley Research Center,
uars.gsfc.nasa.gov,National Aeronautics and Space Administration,NASA Science Mission Directorate,
uavsar.jpl.nasa.gov,National Aeronautics and Space Administration,NASA Science Mission Directorate,
umbra.nascom.nasa.gov,National Aeronautics and Space Administration,NASA Science Mission Directorate,
uq.jpl.nasa.gov,National Aeronautics and Space Administration,NASA Jet Propulsion Laboratory,
uqtools.larc.nasa.gov,National Aeronautics and Space Administration,NASA Langley Research Center,
urban.jpl.nasa.gov,National Aeronautics and Space Administration,NASA Jet Propulsion Laboratory,
urs.earthdata.nasa.gov,National Aeronautics and Space Administration,NASA Science Mission Directorate,
usgeo.gov,National Aeronautics and Space Administration,NASA Science Mission Directorate,
vefi.gsfc.nasa.gov,National Aeronautics and Space Administration,NASA Goddard Space Flight Center,
vesl.jpl.nasa.gov,National Aeronautics and Space Administration,NASA Science Mission Directorate,
viirsland.gsfc.nasa.gov,National Aeronautics and Space Administration,NASA Science Mission Directorate,
vis.globe.gov,National Aeronautics and Space Administration,NASA Science Mission Directorate,
visibleearth.nasa.gov,National Aeronautics and Space Administration,NASA Science Mission Directorate,
voyager.gsfc.nasa.gov,National Aeronautics and Space Administration,NASA Science Mission Directorate,
vso.nascom.nasa.gov,National Aeronautics and Space Administration,NASA Science Mission Directorate,
vspu.larc.nasa.gov,National Aeronautics and Space Administration,NASA Langley Research Center,
vulcan-cfd.larc.nasa.gov,National Aeronautics and Space Administration,NASA Langley Research Center,
wallops-prf.gsfc.nasa.gov,National Aeronautics and Space Administration,NASA Science Mission Directorate,
weather.dfrc.nasa.gov,National Aeronautics and Space Administration,NASA Armstrong Flight Research Center,
weather.ndc.nasa.gov,National Aeronautics and Space Administration,NASA Marshall Space Flight Center,
webb.nasa.gov,National Aeronautics and Space Administration,NASA Science Mission Directorate,
webdisks.jpl.nasa.gov,National Aeronautics and Space Administration,NASA Jet Propulsion Laboratory,
webtools.ccmc.gsfc.nasa.gov,National Aeronautics and Space Administration,NASA Science Mission Directorate,
wgc.jpl.nasa.gov,National Aeronautics and Space Administration,NASA Science Mission Directorate,
wgc2.jpl.nasa.gov,National Aeronautics and Space Administration,NASA Science Mission Directorate,
wind.nasa.gov,National Aeronautics and Space Administration,NASA Science Mission Directorate,
women.jpl.nasa.gov,National Aeronautics and Space Administration,NASA Jet Propulsion Laboratory,
worldview.earthdata.nasa.gov,National Aeronautics and Space Administration,NASA Science Mission Directorate,
worldwind.arc.nasa.gov,National Aeronautics and Space Administration,NASA Ames Research Center,
wow.jpl.nasa.gov,National Aeronautics and Space Administration,NASA Science Mission Directorate,
wvs.earthdata.nasa.gov,National Aeronautics and Space Administration,NASA Science Mission Directorate,
wwao.jpl.nasa.gov,National Aeronautics and Space Administration,NASA Science Mission Directorate,
www1.grc.nasa.gov,National Aeronautics and Space Administration,NASA Glenn Research Center,
www3.nasa.gov,National Aeronautics and Space Administration,NASA Office of the Chief Information Officer,
www-air.larc.nasa.gov,National Aeronautics and Space Administration,NASA Science Mission Directorate,
www-calipso.larc.nasa.gov,National Aeronautics and Space Administration,NASA Science Mission Directorate,
www-gte.larc.nasa.gov,National Aeronautics and Space Administration,NASA Science Mission Directorate,
planetary.data.nasa.gov,National Aeronautics and Space Administration,NASA Science Mission Directorate,
my.nasa.gov,National Aeronautics and Space Administration,NASA Office of Communications,
soto.podaac.earthdatacloud.nasa.gov,National Aeronautics and Space Administration,NASA Science Mission Directorate,
ipda.jpl.nasa.gov,National Aeronautics and Space Administration,NASA Science Mission Directorate,
smce.nasa.gov,National Aeronautics and Space Administration,NASA Science Mission Directorate,
astrogeo.smce.nasa.gov,National Aeronautics and Space Administration,NASA Science Mission Directorate,
gdc.smce.nasa.gov,National Aeronautics and Space Administration,NASA Science Mission Directorate,
hesto.smce.nasa.gov,National Aeronautics and Space Administration,NASA Science Mission Directorate,
satcorps.smce.nasa.gov,National Aeronautics and Space Administration,NASA Science Mission Directorate,
fire.eis.smce.nasa.gov,National Aeronautics and Space Administration,NASA Science Mission Directorate,
freshwater.eis.smce.nasa.gov,National Aeronautics and Space Administration,NASA Science Mission Directorate,
sealevel.eis.smce.nasa.gov,National Aeronautics and Space Administration,NASA Science Mission Directorate,
power.smce.nasa.gov,National Aeronautics and Space Administration,NASA Science Mission Directorate,
czbast.czdt.smce.nasa.gov,National Aeronautics and Space Administration,NASA Science Mission Directorate,
pal.hq.nasa.gov,National Aeronautics and Space Administration,NASA Office of Communications,
taskbook.nasa.gov,National Aeronautics and Space Administration,NASA Science Mission Directorate,
asrsdbol.arc.nasa.gov,National Aeronautics and Space Administration,NASA Aeronautics Research Mission Directorate,
drf.nasa.gov,National Aeronautics and Space Administration,NASA Aeronautics Research Mission Directorate,
services.drf.nasa.gov,National Aeronautics and Space Administration,NASA Aeronautics Research Mission Directorate,
els2020.arc.nasa.gov,National Aeronautics and Space Administration,NASA Ames Research Center,
eroteamdirectory.nasa.gov,National Aeronautics and Space Administration,NASA Johnson Space Center,
handbook.appdat.jsc.nasa.gov,National Aeronautics and Space Administration,NASA Johnson Space Center,
floodmapping.gsfc.nasa.gov,National Aeronautics and Space Administration,NASA Science Mission Directorate,
gcn.nasa.gov,National Aeronautics and Space Administration,NASA Science Mission Directorate,
graphql.earthdata.nasa.gov,National Aeronautics and Space Administration,NASA Science Mission Directorate,
helio.data.nasa.gov,National Aeronautics and Space Administration,NASA Science Mission Directorate,
openaltimetry.earthdatacloud.nasa.gov,National Aeronautics and Space Administration,NASA Science Mission Directorate,
opendap.earthdata.nasa.gov,National Aeronautics and Space Administration,NASA Science Mission Directorate,
pub.earthdata.nasa.gov,National Aeronautics and Space Administration,NASA Science Mission Directorate,
sealevel-dataservices.jpl.nasa.gov,National Aeronautics and Space Administration,NASA Science Mission Directorate,
sservi-apollo.arc.nasa.gov,National Aeronautics and Space Administration,NASA Science Mission Directorate,
visualization.genelab.nasa.gov,National Aeronautics and Space Administration,NASA Science Mission Directorate,
visualization.osdr.nasa.gov,National Aeronautics and Space Administration,NASA Science Mission Directorate,