target_url,source_list_eotw
nps.gov,TRUE
usgs.gov,TRUE
aaa.si.edu,TRUE
www2.oge.gov,TRUE
arts.gov,TRUE
aad.archives.gov,TRUE
fws.gov,TRUE
anl.gov,TRUE
faa.gov,TRUE
uscis.gov,TRUE
fasab.gov,TRUE
nrcs.usda.gov,TRUE
nasa.gov,TRUE
weather.gov,TRUE
loc.gov,TRUE
ars.usda.gov,TRUE
fns.usda.gov,TRUE
phe.gov,TRUE
drugabuse.gov,TRUE
ncifrederick.cancer.gov,TRUE
cdc.gov,TRUE
abmc.gov,TRUE
census.gov,TRUE
aphis.usda.gov,TRUE
cpo.noaa.gov,TRUE
hhs.gov,TRUE
acce.jpl.nasa.gov,TRUE
osha.gov,TRUE
hrsa.gov,TRUE
science.nasa.gov,TRUE
epa.gov,TRUE
acetool.commerce.gov,TRUE
cbp.gov,TRUE
eplanning.blm.gov,TRUE
acf.hhs.gov,TRUE
archives.gov,TRUE
ice.gov,TRUE
achp.gov,TRUE
acl.gov,TRUE
nrc.gov,TRUE
transportation.gov,TRUE
state.gov,TRUE
acquisition.gov,TRUE
act-america.larc.nasa.gov,TRUE
archive.ahrq.gov,TRUE
actor.epa.gov,TRUE
acus.gov,TRUE
acwi.gov,TRUE
samhsa.gov,TRUE
va.gov,TRUE
ada.gov,TRUE
aviationweather.gov,TRUE
nia.nih.gov,TRUE
usadf.gov,TRUE
arc.gov,TRUE
adlnet.gov,TRUE
cia.gov,TRUE
adr.gov,TRUE
energy.gov,TRUE
ovc.ojp.gov,TRUE
hudexchange.info,TRUE
pls.llnl.gov,TRUE
eia.gov,TRUE
nist.gov,TRUE
nifa.usda.gov,TRUE
aps.anl.gov,TRUE
afdc.energy.gov,TRUE
aff.gov,TRUE
fema.gov,TRUE
ttb.gov,TRUE
atf.gov,TRUE
justice.gov,TRUE
afrh.gov,TRUE
fda.gov,TRUE
armedforcessports.defense.gov,TRUE
fisheries.noaa.gov,TRUE
nal.usda.gov,TRUE
dhs.gov,TRUE
agid.acl.gov,TRUE
noaa.gov,TRUE
agricola.nal.usda.gov,TRUE
nsf.gov,TRUE
bhw.hrsa.gov,TRUE
fpl.fs.fed.us,TRUE
data.hrsa.gov,TRUE
ahrq.gov,TRUE
usaid.gov,TRUE
hiv.gov,TRUE
airbornescience.jpl.nasa.gov,TRUE
navcen.uscg.gov,TRUE
usda.gov,TRUE
arcticlcc.org,TRUE
alcf.anl.gov,TRUE
hud.gov,TRUE
alfred.stlouisfed.org,TRUE
response.restoration.noaa.gov,TRUE
nces.ed.gov,TRUE
als.lbl.gov,TRUE
nlm.nih.gov,TRUE
nichd.nih.gov,TRUE
amberalert.ojp.gov,TRUE
ameslab.gov,TRUE
maritime.dot.gov,TRUE
abandonedmines.gov,TRUE
nih.gov,TRUE
ampd.epa.gov,TRUE
ams.usda.gov,TRUE
science.osti.gov,TRUE
irs.gov,TRUE
amtrak.com,TRUE
nssl.noaa.gov,TRUE
uscourts.gov,TRUE
ncdc.noaa.gov,TRUE
aoc.gov,TRUE
aoml.noaa.gov,TRUE
bis.doc.gov,TRUE
fbi.gov,TRUE
fsa.usda.gov,TRUE
alcoholpolicy.niaaa.nih.gov,TRUE
apod.nasa.gov,TRUE
appel.nasa.gov,TRUE
oese.ed.gov,TRUE
apti-learn.net,TRUE
airnow.gov,TRUE
dol.gov,TRUE
arc.fiscal.treasury.gov,TRUE
arctic.gov,TRUE
arl.noaa.gov,TRUE
armi.usgs.gov,TRUE
ers.usda.gov,TRUE
arpa-e.energy.gov,TRUE
congress.gov,TRUE
gpo.gov,TRUE
oiir.hq.nasa.gov,TRUE
asap.gov,TRUE
nass.usda.gov,TRUE
asc.llnl.gov,TRUE
asc.gov,TRUE
cce.nasa.gov,TRUE
science.gsfc.nasa.gov,TRUE
earthdata.nasa.gov,TRUE
directives.doe.gov,TRUE
bnl.gov,TRUE
lanl.gov,TRUE
ehs.lbl.gov,TRUE
saer.llnl.gov,TRUE
pnnl.gov,TRUE
pppl.gov,TRUE
sandia.gov,TRUE
srs.gov,TRUE
asias.faa.gov,TRUE
globalchange.gov,TRUE
bjs.gov,TRUE
airbornescience.nasa.gov,TRUE
aspe.hhs.gov,TRUE
chemm.nlm.nih.gov,TRUE
asr.science.energy.gov,TRUE
asrs.arc.nasa.gov,TRUE
fly.faa.gov,TRUE
atdd.noaa.gov,TRUE
phy.anl.gov,TRUE
espo.nasa.gov,TRUE
atsdr.cdc.gov,TRUE
bls.gov,TRUE
www3.epa.gov,TRUE
niaid.nih.gov,TRUE
nhtsa.gov,TRUE
fs.fed.us,TRUE
eda.gov,TRUE
nifc.gov,TRUE
bats.gov,TRUE
nigms.nih.gov,TRUE
osp.od.nih.gov,TRUE
cancercontrol.cancer.gov,TRUE
biospecimens.cancer.gov,TRUE
pwrc.usgs.gov,TRUE
ftc.gov,TRUE
bea.gov,TRUE
watersgeo.epa.gov,TRUE
energycodes.gov,TRUE
bia.gov,TRUE
bedes.lbl.gov,TRUE
fmcsa.dot.gov,TRUE
bep.gov,TRUE
ssabest.benefits.gov,TRUE
budgetlob.max.gov,TRUE
fiscal.treasury.gov,TRUE
medicaid.gov,TRUE
bids.state.gov,TRUE
bie.edu,TRUE
bioams.llnl.gov,TRUE
bison.usgs.gov,TRUE
bja.ojp.gov,TRUE
blast.ncbi.nlm.nih.gov,TRUE
blm.gov,TRUE
stats.bls.gov,TRUE
dod.defense.gov,TRUE
accessdata.fda.gov,TRUE
cms.gov,TRUE
cyber.dhs.gov,TRUE
boem.gov,TRUE
bop.gov,TRUE
usbr.gov,TRUE
bpa.gov,TRUE
bphc.hrsa.gov,TRUE
biomassboard.gov,TRUE
brads.nichd.nih.gov,TRUE
braininitiative.nih.gov,TRUE
cybercemetery.unt.edu,TRUE
brb.nci.nih.gov,TRUE
niehs.nih.gov,TRUE
bsee.gov,TRUE
www2.ntia.doc.gov,TRUE
ornl.gov,TRUE
bts.gov,TRUE
bva.va.gov,TRUE
ojp.gov,TRUE
bwt.cbp.gov,TRUE
nsa.gov,TRUE
usa.gov,TRUE
fhwa.dot.gov,TRUE
ssa.gov,TRUE
calclim.dri.edu,TRUE
www-calipso.larc.nasa.gov,TRUE
cams.llnl.gov,TRUE
ncats.nih.gov,TRUE
www2.ed.gov,TRUE
coastalscience.noaa.gov,TRUE
ods.od.nih.gov,TRUE
egis.hud.gov,TRUE
carve.ornl.gov,TRUE
yosemite.epa.gov,TRUE
computing.llnl.gov,TRUE
casl.gov,TRUE
collegecost.ed.gov,TRUE
uscourts.cavc.gov,TRUE
cbca.gov,TRUE
cbes.ornl.gov,TRUE
buoybay.noaa.gov,TRUE
cbo.gov,TRUE
nimhd.nih.gov,TRUE
medicalcountermeasures.gov,TRUE
cbexpress.acf.hhs.gov,TRUE
ccac.gov,TRUE
transit.dot.gov,TRUE
coast.noaa.gov,TRUE
federalreserve.gov,TRUE
cancer.gov,TRUE
consumerfinance.gov,TRUE
ncbi.nlm.nih.gov,TRUE
trade.gov,TRUE
genome.gov,TRUE
juvenilecouncil.ojp.gov,TRUE
ccmc.gsfc.nasa.gov,TRUE
ccr.cancer.gov,TRUE
usccr.gov,TRUE
fs.usda.gov,TRUE
giss.nasa.gov,TRUE
netl.doe.gov,TRUE
innovation.cms.gov,TRUE
fcc.gov,TRUE
wonder.cdc.gov,TRUE
cddis.nasa.gov,TRUE
cdfifund.gov,TRUE
cdhc.noaa.gov,TRUE
cisa.gov,TRUE
cdp.dhs.gov,TRUE
cdx.epa.gov,TRUE
whitehouse.gov,TRUE
ceac.state.gov,TRUE
jlab.org,TRUE
cec.org,TRUE
childreninadversity.gov,TRUE
cecc.gov,TRUE
oriseapps.orau.gov,TRUE
ceds.ed.gov,TRUE
cemp.dri.edu,TRUE
cendi.gov,TRUE
collect.earth,TRUE
airandspace.si.edu,TRUE
hsric.nlm.nih.gov,TRUE
emergency.cdc.gov,TRUE
ready.gov,TRUE
climatemodeling.science.energy.gov,TRUE
cfa.gov,TRUE
home.treasury.gov,TRUE
computersforlearning.gov,TRUE
highways.dot.gov,TRUE
flowsmapper.geo.census.gov,TRUE
cfo.gov,TRUE
govinfo.gov,TRUE
childwelfare.gov,TRUE
cftc.gov,TRUE
gao.gov,TRUE
dceg.cancer.gov,TRUE
ocg.cancer.gov,TRUE
nimh.nih.gov,TRUE
catalog.gpo.gov,TRUE
cgsr.llnl.gov,TRUE
gsa.gov,TRUE
chcoc.gov,TRUE
nccd.cdc.gov,TRUE
cops.usdoj.gov,TRUE
ctep.cancer.gov,TRUE
ciflow.nssl.noaa.gov,TRUE
ignet.gov,TRUE
rma.usda.gov,TRUE
cindrr.research.va.gov,TRUE
channelislands.noaa.gov,TRUE
cint.lanl.gov,TRUE
cio.gov,TRUE
imaging.cancer.gov,TRUE
cit.nih.gov,TRUE
cit.uscourts.gov,TRUE
clarreo-pathfinder.larc.nasa.gov,TRUE
thinkculturalhealth.hhs.gov,TRUE
bou.class.noaa.gov,TRUE
leadership.opm.gov,TRUE
ogc.commerce.gov,TRUE
cldp.doc.gov,TRUE
clear.dol.gov,TRUE
clinicalgenome.org,TRUE
iocm.noaa.gov,TRUE
mgi.gov,TRUE
cmgds.marine.usgs.gov,TRUE
pcmdi.llnl.gov,TRUE
cha.house.gov,TRUE
frederick.cancer.gov,TRUE
carbon.nasa.gov,TRUE
cmts.gov,TRUE
nationalservice.gov,TRUE
cncsoig.gov,TRUE
cneos.jpl.nasa.gov,TRUE
cnss.gov,TRUE
home.grantsolutions.gov,TRUE
copyright.gov,TRUE
www2.fbi.gov,TRUE
tidesandcurrents.noaa.gov,TRUE
cor.gsfc.nasa.gov,TRUE
coral.jpl.nasa.gov,TRUE
coris.noaa.gov,TRUE
geodesy.noaa.gov,TRUE
cpardpub.epa.gov,TRUE
cpars.gov,TRUE
cpc.ncep.noaa.gov,TRUE
uspto.gov,TRUE
nhc.noaa.gov,TRUE
treasury.gov,TRUE
abilityone.gov,TRUE
bhs.econ.census.gov,TRUE
cpsc.gov,TRUE
ffiec.gov,TRUE
occ.treas.gov,TRUE
crb.gov,TRUE
coralreef.noaa.gov,TRUE
fdlp.gov,TRUE
crf.sandia.gov,TRUE
cris.nifa.usda.gov,TRUE
rulings.cbp.gov,TRUE
nesdis.noaa.gov,TRUE
toolkit.climate.gov,TRUE
csb.gov,TRUE
csce.gov,TRUE
esrl.noaa.gov,TRUE
deaecom.gov,TRUE
csosa.gov,TRUE
jgi.doe.gov,TRUE
public.csr.nih.gov,TRUE
csrc.nist.gov,TRUE
cssi.cancer.gov,TRUE
aviationsystemsdivision.arc.nasa.gov,TRUE
dni.gov,TRUE
ctip.defense.gov,TRUE
ctsedwweb.ee.doe.gov,TRUE
cttso.gov,TRUE
doi.gov,TRUE
ncua.gov,TRUE
fletc.gov,TRUE
bloodstemcell.hrsa.gov,TRUE
cwc.gov,TRUE
webappa.cdc.gov,TRUE
ncei.noaa.gov,TRUE
cxro.lbl.gov,TRUE
dacowits.defense.gov,TRUE
digital.gov,TRUE
darrp.noaa.gov,TRUE
nctr.pmel.noaa.gov,TRUE
wwwdasis.samhsa.gov,TRUE
dbb.defense.gov,TRUE
denali.gov,TRUE
datacenters.cio.gov,TRUE
prevention.cancer.gov,TRUE
dcsa.mil,TRUE
dctd.cancer.gov,TRUE
huduser.gov,TRUE
osti.gov,TRUE
niddk.nih.gov,TRUE
ihs.gov,TRUE
dea.gov,TRUE
ntia.doc.gov,TRUE
nei.nih.gov,TRUE
ngdc.noaa.gov,TRUE
sec.gov,TRUE
iaspub.epa.gov,TRUE
dfc.gov,TRUE
health.gov,TRUE
vinelink.dhs.gov,TRUE
fdic.gov,TRUE
energystar.gov,TRUE
disasterinfo.nlm.nih.gov,TRUE
diver.orr.noaa.gov,TRUE
dlmf.nist.gov,TRUE
lrp.nih.gov,TRUE
rd.usda.gov,TRUE
ojjdp.ojp.gov,TRUE
echo.epa.gov,TRUE
ngdc.noaa.gov,TRUE
dnc.nga.mil,TRUE
dnfsb.gov,TRUE
fiscal.treasury.gov,TRUE
commerce.gov,TRUE
dodsioo.defense.gov,TRUE
doiu.doi.gov,TRUE
organdonor.gov,TRUE
dpcld.defense.gov,TRUE
dpcpsi.nih.gov,TRUE
pms.psc.gov,TRUE
digitalpreservation.gov,TRUE
dra.gov,TRUE
state.nj.us,TRUE
drgr.hud.gov,TRUE
drive.hhs.gov,TRUE
dsac.gov,TRUE
deepseacoraldata.noaa.gov,TRUE
dietarysupplementdatabase.usda.nih.gov,TRUE
dsld.od.nih.gov,TRUE
ows.usdoj.gov,TRUE
dtp.cancer.gov,TRUE
fsapps.fiscal.treasury.gov,TRUE
travel.state.gov,TRUE
fedshirevets.gov,TRUE
whistleblowers.gov,TRUE
earthquake.usgs.gov,TRUE
opa.hhs.gov,TRUE
eac.gov,TRUE
energyanalysis.lbl.gov,TRUE
nrs.fs.fed.us,TRUE
cms7.fhwa.dot.gov,TRUE
snaped.fns.usda.gov,TRUE
energy.sandia.gov,TRUE
ecfr.gov,TRUE
eclkc.ohs.acf.hhs.gov,TRUE
ecos.fws.gov,TRUE
ecostress.jpl.nasa.gov,TRUE
ecqi.healthit.gov,TRUE
udall.gov,TRUE
secretservice.gov,TRUE
ed.gov,TRUE
edg.epa.gov,TRUE
edhs1.gsfc.nasa.gov,TRUE
edie.fdic.gov,TRUE
safesupportivelearning.ed.gov,TRUE
edx.netl.doe.gov,TRUE
eeoc.gov,TRUE
eesa.lbl.gov,TRUE
arlweb.msha.gov,TRUE
eftps.gov,TRUE
certmapper.cr.usgs.gov,TRUE
epi.grants.cancer.gov,TRUE
effectivehealthcare.ahrq.gov,TRUE
ehp.niehs.nih.gov,TRUE
commonfund.nih.gov,TRUE
exim.gov,TRUE
wwwnc.cdc.gov,TRUE
emc.ncep.noaa.gov,TRUE
training.fema.gov,TRUE
emp.lbl.gov,TRUE
fas.usda.gov,TRUE
ems.gov,TRUE
mchb.hrsa.gov,TRUE
emsl.pnnl.gov,TRUE
eospso.gsfc.nasa.gov,TRUE
msha.gov,TRUE
epic.gsfc.nasa.gov,TRUE
ferc.gov,TRUE
era.nih.gov,TRUE
cfpub.epa.gov,TRUE
coastwatch.pfeg.noaa.gov,TRUE
eric.ed.gov,TRUE
esc.gov,TRUE
esgf.llnl.gov,TRUE
experimentalsites.ed.gov,TRUE
usda.library.cornell.edu,TRUE
es.net,TRUE
espd.gsfc.nasa.gov,TRUE
apps.fas.usda.gov,TRUE
esrs.gov,TRUE
ess-dive.lbl.gov,TRUE
esto.nasa.gov,TRUE
estta.uspto.gov,TRUE
eta-find.gov,TRUE
eta.lbl.gov,TRUE
pubs.etic.nps.gov,TRUE
archive.epa.gov,TRUE
evs.anl.gov,TRUE
evus.gov,TRUE
sba.gov,TRUE
earlywarning.usgs.gov,TRUE
wwwn.cdc.gov,TRUE
exoplanets.nasa.gov,TRUE
astrobiology.nasa.gov,TRUE
ojjdp.gov,TRUE
facweb.census.gov,TRUE
digitizationguidelines.gov,TRUE
explorer.usaid.gov,TRUE
fai.gov,TRUE
fam.nwcg.gov,TRUE
fan.gov,TRUE
fanniemae.com,TRUE
fapiis.gov,TRUE
farmermac.com,TRUE
store.samhsa.gov,TRUE
epermits.aphis.usda.gov,TRUE
fbiic.gov,TRUE
fca.gov,TRUE
fcg.gov,TRUE
fcsic.gov,TRUE
fdms.gov,TRUE
strategy.data.gov,TRUE
feb.gov,TRUE
fec.gov,TRUE
fedramp.gov,TRUE
niccs.us-cert.gov,TRUE
opm.gov,TRUE
feis-crs.org,TRUE
fnal.gov,TRUE
ffb.treasury.gov,TRUE
flowergarden.noaa.gov,TRUE
fgdc.gov,TRUE
healthit.gov,TRUE
fhfa.gov,TRUE
fic.nih.gov,TRUE
idmanagement.gov,TRUE
my.usgs.gov,TRUE
fincen.gov,TRUE
firstnet.gov,TRUE
fisc.uscourts.gov,TRUE
fjc.gov,TRUE
federallabs.org,TRUE
fleta.gov,TRUE
ghgdata.epa.gov,TRUE
flra.gov,TRUE
fmc.gov,TRUE
fmcs.gov,TRUE
sftool.gov,TRUE
freight.dot.gov,TRUE
nfc.usda.gov,TRUE
fmshrc.gov,TRUE
foiaonline.gov,TRUE
studentprivacy.ed.gov,TRUE
fpd.gsfc.nasa.gov,TRUE
fpds.gov,TRUE
unicor.gov,TRUE
permits.performance.gov,TRUE
federalregister.gov,TRUE
railroads.dot.gov,TRUE
financialresearch.gov,TRUE
frames.gov,TRUE
fraser.stlouisfed.org,TRUE
oefoif.va.gov,TRUE
fred.stlouisfed.org,TRUE
freddiemac.com,TRUE
sciencebase.gov,TRUE
realpropertyprofile.gov,TRUE
frtib.gov,TRUE
frtr.gov,TRUE
history.state.gov,TRUE
fsafeds.com,TRUE
selectagents.gov,TRUE
www-gs.llnl.gov,TRUE
gsafsd.servicenowservices.com,TRUE
studentaid.gov,TRUE
regionals.servicenowservices.com,TRUE
fsims.faa.gov,TRUE
fsis.usda.gov,TRUE
fsrs.gov,TRUE
enforcement.trade.gov,TRUE
fvap.gov,TRUE
fishwatch.gov,TRUE
rarediseases.info.nih.gov,TRUE
data.globalchange.gov,TRUE
oge.gov,TRUE
datagateway.nrcs.usda.gov,TRUE
gedi.umd.edu,TRUE
geo-cape.larc.nasa.gov,TRUE
geomac.gov,TRUE
inl.gov,TRUE
files.peacecorps.gov,TRUE
gfdl.noaa.gov,TRUE
data.giss.nasa.gov,TRUE
sma.nasa.gov,TRUE
ginniemae.gov,TRUE
it.ojp.gov,TRUE
glri.us,TRUE
rmgsc.cr.usgs.gov,TRUE
geonames.usgs.gov,TRUE
gold.jgi.doe.gov,TRUE
gps.gov,TRUE
grace.jpl.nasa.gov,TRUE
ars-grin.gov,TRUE
ghrc.nsstc.nasa.gov,TRUE
ofmpub.epa.gov,TRUE
pmel.noaa.gov,TRUE
volcano.si.edu,TRUE
oceanservice.noaa.gov,TRUE
hab.hrsa.gov,TRUE
healthcaredelivery.cancer.gov,TRUE
esrl.noaa.gov,TRUE
msc.fema.gov,TRUE
ocrportal.hhs.gov,TRUE
oig.hhs.gov,TRUE
hcup-us.ahrq.gov,TRUE
naldc.nal.usda.gov,TRUE
supportservices.jobcorps.gov,TRUE
heasarc.gsfc.nasa.gov,TRUE
hero.epa.gov,TRUE
hf.faa.gov,TRUE
neutrons.ornl.gov,TRUE
hifld-geoplatform.opendata.arcgis.com,TRUE
hints.cancer.gov,TRUE
npdb.hrsa.gov,TRUE
digital.ahrq.gov,TRUE
nws.noaa.gov,TRUE
phmsa.dot.gov,TRUE
hsdl.org,TRUE
hsgac.senate.gov,TRUE
safety.fhwa.dot.gov,TRUE
hsrd.research.va.gov,TRUE
usitc.gov,TRUE
hwt.nssl.noaa.gov,TRUE
hyspiri.jpl.nasa.gov,TRUE
interagencyboard.org,TRUE
iacc.hhs.gov,TRUE
iadrp.nia.nih.gov,TRUE
iaf.gov,TRUE
adviserinfo.sec.gov,TRUE
iarpa.gov,TRUE
psl.noaa.gov,TRUE
iat.gov,TRUE
iawg.gov,TRUE
ibmp.info,TRUE
2016.export.gov,TRUE
worldbank.org,TRUE
ibwc.gov,TRUE
ic3.gov,TRUE
fam.state.gov,TRUE
orise.orau.gov,TRUE
ntp.niehs.nih.gov,TRUE
contractdirectory.gov,TRUE
icdr.acl.gov,TRUE
icesat-2.gsfc.nasa.gov,TRUE
usich.gov,TRUE
its.dot.gov,TRUE
icoads.noaa.gov,TRUE
us-cert.cisa.gov,TRUE
standards.gov,TRUE
ida.ussc.gov,TRUE
ies.ed.gov,TRUE
ifap.ed.gov,TRUE
enviro.epa.gov,TRUE
nesdisia.noaa.gov,TRUE
marinedebris.noaa.gov,TRUE
img.jgi.doe.gov,TRUE
imls.gov,TRUE
inciweb.nwcg.gov,TRUE
ioos.noaa.gov,TRUE
iad.gov,TRUE
ipad.fas.usda.gov,TRUE
transtats.bts.gov,TRUE
ipp.gov,TRUE
iprcenter.gov,TRUE
paindatabase.nih.gov,TRUE
irma.nps.gov,TRUE
irp.nih.gov,TRUE
forestsandrangelands.gov,TRUE
isis.astrogeology.usgs.gov,TRUE
issm.jpl.nasa.gov,TRUE
itap.gov,TRUE
ustr.gov,TRUE
itis.gov,TRUE
its.bldrdoc.gov,TRUE
its.gov,TRUE
eca.state.gov,TRUE
youth.gov,TRUE
inaugural.senate.gov,TRUE
jcesr.org,TRUE
jcsda.org,TRUE
jct.gov,TRUE
jec.senate.gov,TRUE
nrel.gov,TRUE
jem.gov,TRUE
firescience.gov,TRUE
meridian.allenpress.com,TRUE
soest.hawaii.edu,TRUE
jlf.llnl.gov,TRUE
jnlwp.defense.gov,TRUE
usmarshals.gov,TRUE
jpl.nasa.gov,TRUE
jpml.uscourts.gov,TRUE
jpss.noaa.gov,TRUE
rehab.research.va.gov,TRUE
ncjrs.gov,TRUE
jusfc.gov,TRUE
jwst.nasa.gov,TRUE
sites.google.com,TRUE
ilrs.gsfc.nasa.gov,TRUE
landfire.gov,TRUE
lansce.lanl.gov,TRUE
lbl.gov,TRUE
lcacommons.gov,TRUE
lcrmscp.gov,TRUE
id.loc.gov,TRUE
lehd.ces.census.gov,TRUE
lep.gov,TRUE
healthypeople.gov,TRUE
lincs.ed.gov,TRUE
llnl.gov,TRUE
lsda.jsc.nasa.gov,TRUE
lsc.gov,TRUE
ltar.nal.usda.gov,TRUE
longtermcare.acl.gov,TRUE
ltdl.wr.usgs.gov,TRUE
umesc.usgs.gov,TRUE
lws.gsfc.nasa.gov,TRUE
macpac.gov,TRUE
marine.ucsc.edu,TRUE
fas.org,TRUE
mbda.gov,TRUE
mcc.gov,TRUE
mdcc.nih.gov,TRUE
mojavedata.gov,TRUE
mdscc.nasa.gov,TRUE
medweek.mbda.gov,TRUE
medpac.gov,TRUE
mepag.jpl.nasa.gov,TRUE
mepi.state.gov,TRUE
meps.ahrq.gov,TRUE
ospo.noaa.gov,TRUE
farmers.gov,TRUE
makinghomeaffordable.gov,TRUE
qpp.cms.gov,TRUE
polar.ncep.noaa.gov,TRUE
mmc.gov,TRUE
monitor.noaa.gov,TRUE
omao.noaa.gov,TRUE
modis.gsfc.nasa.gov,TRUE
marineprotectedareas.noaa.gov,TRUE
mars.nasa.gov,TRUE
mrc.hhs.gov,TRUE
mrdata.usgs.gov,TRUE
mrlc.gov,TRUE
mrr.usaid.gov,TRUE
clinicalcenter.nih.gov,TRUE
mspb.gov,TRUE
treasurydirect.gov,TRUE
montroserestoration.noaa.gov,TRUE
mtbs.gov,TRUE
mu2e.fnal.gov,TRUE
research.va.gov,TRUE
vos.noaa.gov,TRUE
naames.larc.nasa.gov,TRUE
classic.ntis.gov,TRUE
nad.usda.gov,TRUE
nafri.gov,TRUE
nagb.gov,TRUE
namus.gov,TRUE
open.usa.gov,TRUE
nas.er.usgs.gov,TRUE
nbrc.gov,TRUE
ncptt.nps.gov,TRUE
cem.va.gov,TRUE
science2017.globalchange.gov,TRUE
safercar.gov,TRUE
nccih.nih.gov,TRUE
nccoe.nist.gov,TRUE
www2.usgs.gov,TRUE
ncd.gov,TRUE
ncea.acl.gov,TRUE
ethics.va.gov,TRUE
foundry.lbl.gov,TRUE
ncep.noaa.gov,TRUE
ncfi.usss.gov,TRUE
bts.dot.gov,TRUE
ncirc.gov,TRUE
nco.ncep.noaa.gov,TRUE
ncorp.cancer.gov,TRUE
prevention.va.gov,TRUE
ncpc.gov,TRUE
patientsafety.va.gov,TRUE
consumer.ftc.gov,TRUE
ncrar.research.va.gov,TRUE
ncrc.gov,TRUE
library.noaa.gov,TRUE
nctc.fws.gov,TRUE
ncvhs.hhs.gov,TRUE
nda.nih.gov,TRUE
ndsc.ncep.noaa.gov,TRUE
report.nih.gov,TRUE
ndbc.noaa.gov,TRUE
memory.loc.gov,TRUE
ndpc.us,TRUE
ne.anl.gov,TRUE
ned.nih.gov,TRUE
disc.gsfc.nasa.gov,TRUE
neh.gov,TRUE
nehrp.gov,TRUE
serc.si.edu,TRUE
nemi.gov,TRUE
neonscience.org,TRUE
nepp.nasa.gov,TRUE
ephtracking.cdc.gov,TRUE
nersc.gov,TRUE
nesr.usda.gov,TRUE
crimesolutions.ojp.gov,TRUE
usfa.fema.gov,TRUE
oig.usaid.gov,TRUE
nfc.usda.gov,TRUE
nflis.deadiversion.usdoj.gov,TRUE
nfpors.gov,TRUE
nga.gov,TRUE
nationalgangcenter.gov,TRUE
ngee-arctic.ornl.gov,TRUE
ngee-tropics.lbl.gov,TRUE
ngmdb.usgs.gov,TRUE
ngs.noaa.gov,TRUE
nhi.fhwa.dot.gov,TRUE
nhlbi.nih.gov,TRUE
nhsc.hrsa.gov,TRUE
nhts.ornl.gov,TRUE
niaaa.nih.gov,TRUE
niams.nih.gov,TRUE
natice.noaa.gov,TRUE
nicic.gov,TRUE
intramural.nih.gov,TRUE
isotopes.gov,TRUE
nidcd.nih.gov,TRUE
nidcr.nih.gov,TRUE
drought.gov,TRUE
niem.gov,TRUE
lasers.llnl.gov,TRUE
nigc.gov,TRUE
nihhis.cpo.noaa.gov,TRUE
nij.ojp.gov,TRUE
ninds.nih.gov,TRUE
ninr.nih.gov,TRUE
nisar.jpl.nasa.gov,TRUE
invasivespeciesinfo.gov,TRUE
nitaac.nih.gov,TRUE
nitrd.gov,TRUE
archives.fbi.gov,TRUE
nlrb.gov,TRUE
africa.si.edu,TRUE
americanindian.si.edu,TRUE
nmb.gov,TRUE
nmio.ise.gov,TRUE
osmre.gov,TRUE
naturalhistory.si.edu,TRUE
vehiclehistory.bja.ojp.gov,TRUE
nano.gov,TRUE
nnlm.gov,TRUE
nauticalcharts.noaa.gov,TRUE
nodc.noaa.gov,TRUE
nohrsc.noaa.gov,TRUE
nosc.noaa.gov,TRUE
npg.si.edu,TRUE
npin.cdc.gov,TRUE
npms.phmsa.dot.gov,TRUE
irp.drugabuse.gov,TRUE
communities.geoplatform.gov,TRUE
nrd.gov,TRUE
fatherhood.gov,TRUE
nro.gov,TRUE
nsep.gov,TRUE
seagrant.noaa.gov,TRUE
nsopw.gov,TRUE
srs.fs.usda.gov,TRUE
nstx-u.pppl.gov,TRUE
swpc.noaa.gov,TRUE
neglecteddiseases.gov,TRUE
firstrespondertraining.gov,TRUE
nws.weather.gov,TRUE
ntis.gov,TRUE
ntl.bts.gov,TRUE
ntrl.ntis.gov,TRUE
sti.nasa.gov,TRUE
ntsb.gov,TRUE
standards.nasa.gov,TRUE
travel.trade.gov,TRUE
ntwc.ncep.noaa.gov,TRUE
nvd.nist.gov,TRUE
nvmc.uscg.gov,TRUE
nwbc.gov,TRUE
wcc.nrcs.usda.gov,TRUE
nwcg.gov,TRUE
womenshealth.gov,TRUE
waterdata.usgs.gov,TRUE
nwtrb.gov,TRUE
oacu.oir.nih.gov,TRUE
ferc.gov,TRUE
oceanacidification.noaa.gov,TRUE
research.noaa.gov,TRUE
oar.nih.gov,TRUE
oceancolor.gsfc.nasa.gov,TRUE
obssr.od.nih.gov,TRUE
cancercenters.cancer.gov,TRUE
occ.gov,TRUE
proteomics.cancer.gov,TRUE
oce.house.gov,TRUE
ucsd.libguides.com,TRUE
ocwr.gov,TRUE
diversity.va.gov,TRUE
locator.ice.gov,TRUE
prevention.nih.gov,TRUE
oea.gov,TRUE
prod.stb.gov,TRUE
oedca.va.gov,TRUE
ehrm.va.gov,TRUE
grants.nih.gov,TRUE
oceanexplorer.noaa.gov,TRUE
tech.ed.gov,TRUE
ofcm.gov,TRUE
sustainability.gov,TRUE
oversight.house.gov,TRUE
dm.usda.gov,TRUE
international.noaa.gov,TRUE
oir.nih.gov,TRUE
jobcorps.gov,TRUE
olaw.nih.gov,TRUE
olcf.ornl.gov,TRUE
omg.jpl.nasa.gov,TRUE
minorityhealth.hhs.gov,TRUE
onhir.gov,TRUE
onrr.gov,TRUE
ocean.weather.gov,TRUE
senate.gov,TRUE
physics.cancer.gov,TRUE
optn.transplant.hrsa.gov,TRUE
ori.hhs.gov,TRUE
orip.nih.gov,TRUE
hanford.gov,TRUE
orwh.od.nih.gov,TRUE
osac.gov,TRUE
space.commerce.gov,TRUE
osc.gov,TRUE
gacc.nifc.gov,TRUE
defense.gov,TRUE
science.education.nih.gov,TRUE
oshrc.gov,TRUE
osrp.lanl.gov,TRUE
princeton.edu,TRUE
ott.nih.gov,TRUE
archives.huduser.gov,TRUE
ovcttac.gov,TRUE
prhome.defense.gov,TRUE
pab.gao.gov,TRUE
pace.gsfc.nasa.gov,TRUE
pacer.uscourts.gov,TRUE
parkinsons.va.gov,TRUE
portal.uspto.gov,TRUE
pamspublic.science.energy.gov,TRUE
pbgc.gov,TRUE
pbm.va.gov,TRUE
peacecorps.gov,TRUE
pcmh.ahrq.gov,TRUE
pcos.gsfc.nasa.gov,TRUE
pds.jpl.nasa.gov,TRUE
parkplanning.nps.gov,TRUE
earthchem.org,TRUE
hdsc.nws.noaa.gov,TRUE
phgkb.cdc.gov,TRUE
phil.cdc.gov,TRUE
plainlanguage.gov,TRUE
pmf.gov,TRUE
medlineplus.gov,TRUE
pmi.gov,TRUE
secure.ssa.gov,TRUE
ppd.fnal.gov,TRUE
ppdcecc.gov,TRUE
pps.gsfc.nasa.gov,TRUE
pandemicoversight.gov,TRUE
prc.gov,TRUE
prepdata.org,TRUE
psa.gov,TRUE
psc.gov,TRUE
psnet.ahrq.gov,TRUE
psob.bja.ojp.gov,TRUE
ptsd.va.gov,TRUE
tsunami.gov,TRUE
presidentialserviceawards.gov,TRUE
queri.research.va.gov,TRUE
racf.bnl.gov,TRUE
transition.fec.gov,TRUE
rampac.energy.gov,TRUE
rapidrefresh.noaa.gov,TRUE
fsapps.nwcg.gov,TRUE
raws.nifc.gov,TRUE
rcfl.gov,TRUE
intelligence.senate.gov,TRUE
rds.cms.hhs.gov,TRUE
ready.noaa.gov,TRUE
ree.usda.gov,TRUE
reeis.usda.gov,TRUE
remm.nlm.gov,TRUE
tva.com,TRUE
cidrr8.research.va.gov,TRUE
id.energy.gov,TRUE
water.usgs.gov,TRUE
hesperia.gsfc.nasa.gov,TRUE
rhyttac.net,TRUE
ridb.recreation.gov,TRUE
fossil.energy.gov,TRUE
data.nal.usda.gov,TRUE
rocis.gov,TRUE
rrb.gov,TRUE
rsa.ed.gov,TRUE
rsdo.gsfc.nasa.gov,TRUE
targethiv.org,TRUE
data.usbr.gov,TRUE
legacy.trade.gov,TRUE
sac.gov,TRUE
safer.fmcsa.dot.gov,TRUE
sam.nrel.gov,TRUE
sam.gov,TRUE
datafiles.samhsa.gov,TRUE
cfa.harvard.edu,TRUE
apps-afsc.fisheries.noaa.gov,TRUE
apps-nefsc.fisheries.noaa.gov,TRUE
sbc.aps.anl.gov,TRUE
sbir.gov,TRUE
sbst.gov,TRUE
sc.egov.usda.gov,TRUE
benefits.gov,TRUE
scidac.gov,TRUE
supremecourt.gov,TRUE
sdms.ak.blm.gov,TRUE
sdr.gov,TRUE
sedarweb.org,TRUE
www4.eere.energy.gov,TRUE
seer.cancer.gov,TRUE
lws-set.gsfc.nasa.gov,TRUE
sewp.nasa.gov,TRUE
sfs.opm.gov,TRUE
www1.usgs.gov,TRUE
edi.nih.gov,TRUE
beta.sam.gov,TRUE
healthcare.gov,TRUE
si.edu,TRUE
sibr.nist.gov,TRUE
sigtarp.gov,TRUE
siris.si.edu,TRUE
siteidiq.gov,TRUE
sites.si.edu,TRUE
sji.gov,TRUE
www6.slac.stanford.edu,TRUE
seaway.dot.gov,TRUE
sma.gsfc.nasa.gov,TRUE
smap.jpl.nasa.gov,TRUE
carboncyclescience.us,TRUE
dodsoco.ogc.osd.mil,TRUE
sohowww.nascom.nasa.gov,TRUE
star1.loc.gov,TRUE
lasp.colorado.edu,TRUE
sos.fbi.gov,TRUE
sos.noaa.gov,TRUE
spc.noaa.gov,TRUE
partnerships.gsfc.nasa.gov,TRUE
trp.cancer.gov,TRUE
weather.msfc.nasa.gov,TRUE
mnspruce.ornl.gov,TRUE
ssd.noaa.gov,TRUE
srdr.ahrq.gov,TRUE
srnl.doe.gov,TRUE
research.si.edu,TRUE
rscience.gsfc.nasa.gov,TRUE
ssab.gov,TRUE
sservi.nasa.gov,TRUE
sss.gov,TRUE
star.nesdis.noaa.gov,TRUE
step.state.gov,TRUE
stereo.gsfc.nasa.gov,TRUE
strbase.nist.gov,TRUE
stri.si.edu,TRUE
strs.grc.nasa.gov,TRUE
swot.jpl.nasa.gov,TRUE
swpa.gov,TRUE
taacenters.org,TRUE
taggs.hhs.gov,TRUE
tcc.export.gov,TRUE
targetcenter.dm.usda.gov,TRUE
taxpayeradvocate.irs.gov,TRUE
teacheratsea.noaa.gov,TRUE
tcb.usaid.gov,TRUE
data.fs.usda.gov,TRUE
openei.org,TRUE
tdb.epa.gov,TRUE
tedb.ornl.gov,TRUE
tempo.si.edu,TRUE
tes.science.energy.gov,TRUE
tmsearch.uspto.gov,TRUE
tfm.fiscal.treasury.gov,TRUE
tfr.faa.gov,TRUE
ussc.gov,TRUE
mpep.uspto.gov,TRUE
techpartnerships.noaa.gov,TRUE
tracc.anl.gov,TRUE
asprtracie.hhs.gov,TRUE
tracs.fws.gov,TRUE
gpm.nasa.gov,TRUE
tsa.gov,TRUE
tsdr.uspto.gov,TRUE
trafficsafetymarketing.gov,TRUE
tsp.gov,TRUE
tswg.gov,TRUE
ttabvue.uspto.gov,TRUE
techtransfer.cancer.gov,TRUE
uas.noaa.gov,TRUE
uavsar.jpl.nasa.gov,TRUE
ops.fhwa.dot.gov,TRUE
oui.doleta.gov,TRUE
mitigationcommission.gov,TRUE
usagm.gov,TRUE
usap.gov,TRUE
usbg.gov,TRUE
uscc.gov,TRUE
uscfc.uscourts.gov,TRUE
uscirf.gov,TRUE
uscp.gov,TRUE
coralreef.gov,TRUE
usds.gov,TRUE
revenuedata.doi.gov,TRUE
usgovernmentmanual.gov,TRUE
ushik.ahrq.gov,TRUE
usip.org,TRUE
usmint.gov,TRUE
usna.usda.gov,TRUE
usphs.gov,TRUE
uspis.gov,TRUE
usps.com,TRUE
uspreventiveservicestaskforce.org,TRUE
radtechstudy.nci.nih.gov,TRUE
ustda.gov,TRUE
usun.usmission.gov,TRUE
uvcdat.llnl.gov,TRUE
eerscmap.usgs.gov,TRUE
vaers.hhs.gov,TRUE
valorforblue.org,TRUE
benefits.va.gov,TRUE
vcf.gov,TRUE
volcanoes.usgs.gov,TRUE
sealevel.nasa.gov,TRUE
vetoviolence.cdc.gov,TRUE
virec.research.va.gov,TRUE
vlm.cem.va.gov,TRUE
voanews.com,TRUE
benefits.va.gov,TRUE
vsac.nlm.nih.gov,TRUE
vwac.defense.gov,TRUE
wapa.gov,TRUE
wcatwc.arh.noaa.gov,TRUE
wdr.water.usgs.gov,TRUE
idea.usaid.gov,TRUE
forestsandrangelands.gov,TRUE
permanent.access.gpo.gov,TRUE
whispers.usgs.gov,TRUE
wipp.energy.gov,TRUE
womeninscience.nih.gov,TRUE
webapps.dol.gov,TRUE
wpc.ncep.noaa.gov,TRUE
waterqualitydata.us,TRUE
wrcc.osmre.gov,TRUE
tethys.pnnl.gov,TRUE
prodwrp.servicenowservices.com,TRUE
rivers.gov,TRUE
websoilsurvey.nrcs.usda.gov,TRUE
corridoreis.anl.gov,TRUE
yali.state.gov,TRUE
engage.youth.gov,TRUE
read.gov,TRUE
tools.usps.com,TRUE
agriculture.house.gov,TRUE
appropriations.house.gov,TRUE
armedservices.house.gov,TRUE
edlabor.house.gov,TRUE
energycommerce.house.gov,TRUE
ethics.house.gov,TRUE
financialservices.house.gov,TRUE
foreignaffairs.house.gov,TRUE
homeland.house.gov,TRUE
naturalresources.house.gov,TRUE
coronavirus.house.gov,TRUE
rules.house.gov,TRUE
science.house.gov,TRUE
smallbusiness.house.gov,TRUE
budget.house.gov,TRUE
judiciary.house.gov,TRUE
transportation.house.gov,TRUE
veterans.house.gov,TRUE
waysandmeans.house.gov,TRUE
intelligence.house.gov,TRUE
climatecrisis.house.gov,TRUE
modernizecongress.house.gov,TRUE
republicans-agriculture.house.gov,TRUE
republicans-appropriations.house.gov,TRUE
republicans-armedservices.house.gov,TRUE
republicans-edlabor.house.gov,TRUE
republicans-financialservices.house.gov,TRUE
gop-foreignaffairs.house.gov,TRUE
republicans-homeland.house.gov,TRUE
republicans-cha.house.gov,TRUE
republicans-naturalresources.house.gov,TRUE
republicans-oversight.house.gov,TRUE
republicans-rules.house.gov,TRUE
republicans-science.house.gov,TRUE
republicans-smallbusiness.house.gov,TRUE
republicans-budget.house.gov,TRUE
republicans-judiciary.house.gov,TRUE
republicans-transportation.house.gov,TRUE
republicans-veterans.house.gov,TRUE
gop-waysandmeans.house.gov,TRUE
republicans-intelligence.house.gov,TRUE
republicans-climatecrisis.house.gov,TRUE
fosteryouthcaucus-karenbass.house.gov,TRUE
speakers-task-force-intergovernmental-affairs-robbishop.house.gov,TRUE
dyslexiacaucus-brownley.house.gov,TRUE
motorcyclecaucus-burgess.house.gov,TRUE
crimepreventionandyouthdevelopmentcaucus-cardenas.house.gov,TRUE
chc.house.gov,TRUE
usjapancaucus-castro.house.gov,TRUE
prekcaucus-castro.house.gov,TRUE
aseancaucus-castro.house.gov,TRUE
creativerightscaucus-chu.house.gov,TRUE
capac-chu.house.gov,TRUE
lgbt-cicilline.house.gov,TRUE
multiculturalmediacaucus-clarke.house.gov,TRUE
bluedogcaucus-costa.house.gov,TRUE
submarinecaucus-courtney.house.gov,TRUE
diabetescaucus-degette.house.gov,TRUE
houseprochoicecaucus-degette.house.gov,TRUE
rangeandtestingcaucus-desjarlais.house.gov,TRUE
hispanicconference-mariodiazbalart.house.gov,TRUE
westerncaucus.house.gov,TRUE
problemsolverscaucus-gottheimer.house.gov,TRUE
cpc-grijalva.house.gov,TRUE
coronavirustaskforce-jacksonlee.house.gov,TRUE
cvt-jacksonlee.house.gov,TRUE
rsc-johnson.house.gov,TRUE
cbcbraintrust-kelly.house.gov,TRUE
newdemocratcoalition.house.gov,TRUE
conservativeopportunitysociety-king.house.gov,TRUE
careerandtechnicaleducationcaucus-langevin.house.gov,TRUE
disabilitiescaucus-langevin.house.gov,TRUE
cybercaucus-langevin.house.gov,TRUE
olympicparalympiccaucus-langevin.house.gov,TRUE
uschinaworkinggroup-larsen.house.gov,TRUE
congressionalarcticworkinggroup-larsen.house.gov,TRUE
congressionalhivaidscaucus-lee.house.gov,TRUE
starbasecaucus-lowenthal.house.gov,TRUE
safeclimatecaucus-lowenthal.house.gov,TRUE
anti-terrorismcaucus-lynch.house.gov,TRUE
childhoodcancer-mccaul.house.gov,TRUE
futureforumcaucus-murphy.house.gov,TRUE
mentalhealthcaucus-napolitano.house.gov,TRUE
congressionalcaucusonblackmenandboys-norton.house.gov,TRUE
artificialintelligencecaucus-olson.house.gov,TRUE
palazzo.house.gov,TRUE
transparencycaucus-quigley.house.gov,TRUE
housemanufacturingcaucus-reed.house.gov,TRUE
privatepropertyrightscaucus-reed.house.gov,TRUE
congressionalmarcellusshalecaucus-reed.house.gov,TRUE
cbc.house.gov,TRUE
democracyreform-sarbanes.house.gov,TRUE
valleyfevertaskforce-schweikert.house.gov,TRUE
congressionalblockchaincaucus-schweikert.house.gov,TRUE
congressionalcaucusforeffectiveforeignassistance-adamsmith.house.gov,TRUE
financialandeconomicliteracycaucus-stivers.house.gov,TRUE
dpcc.house.gov,TRUE
workforwarriorscaucus-takano.house.gov,TRUE
winecaucus-mikethompson.house.gov,TRUE
seec-tonko.house.gov,TRUE
centralamericacaucus-torres.house.gov,TRUE
blackmaternalhealthcaucus-underwood.house.gov,TRUE
votingrightscaucus-veasey.house.gov,TRUE
congressionalcaucusonblackwomenandgirls-watsoncoleman.house.gov,TRUE
workingforests-westerman.house.gov,TRUE
wittman.house.gov,TRUE
hdp.house.gov,TRUE
humanrightscommission.house.gov,TRUE
attendingphysician.house.gov,TRUE
chaplain.house.gov,TRUE
majoritywhip.gov,TRUE
abetterdeal.democraticleader.gov,TRUE
republicanleader.gov,TRUE
republicanwhip.gov,TRUE
speaker.gov,TRUE
forthepeople.speaker.gov,TRUE
majorityleader.gov,TRUE
innovation.majorityleader.gov,TRUE
assistantspeaker.house.gov,TRUE
kids-clerk.house.gov,TRUE
disclosures.house.gov,TRUE
bioguide.congress.gov,TRUE
fd.house.gov,TRUE
clerk.house.gov,TRUE
uscode.house.gov,TRUE
legcounsel.house.gov,TRUE
house.gov,TRUE
web.house.gov,TRUE
openworld.gov,TRUE
ogc.house.gov,TRUE
pressgallery.house.gov,TRUE
cao.house.gov,TRUE
wellnesscenter.house.gov,TRUE
oig.house.gov,TRUE
periodical.house.gov,TRUE
radiotv.house.gov,TRUE
womensucceed.dems.gov,TRUE
dems.gov,TRUE
democraticcloakroom.house.gov,TRUE
republicanpolicy.house.gov,TRUE
repcloakroom.house.gov,TRUE
gop.gov,TRUE
abraham.house.gov,TRUE
adams.house.gov,TRUE
aderholt.house.gov,TRUE
aguilar.house.gov,TRUE
allen.house.gov,TRUE
allred.house.gov,TRUE
amash.house.gov,TRUE
amodei.house.gov,TRUE
armstrong.house.gov,TRUE
arrington.house.gov,TRUE
axne.house.gov,TRUE
babin.house.gov,TRUE
bacon.house.gov,TRUE
baird.house.gov,TRUE
balderson.house.gov,TRUE
banks.house.gov,TRUE
barr.house.gov,TRUE
barragan.house.gov,TRUE
bass.house.gov,TRUE
beatty.house.gov,TRUE
bera.house.gov,TRUE
bergman.house.gov,TRUE
beyer.house.gov,TRUE
biggs.house.gov,TRUE
bilirakis.house.gov,TRUE
danbishop.house.gov,TRUE
robbishop.house.gov,TRUE
bishop.house.gov,TRUE
blumenauer.house.gov,TRUE
bluntrochester.house.gov,TRUE
bonamici.house.gov,TRUE
bost.house.gov,TRUE
boyle.house.gov,TRUE
kevinbrady.house.gov,TRUE
brindisi.house.gov,TRUE
brooks.house.gov,TRUE
susanwbrooks.house.gov,TRUE
anthonybrown.house.gov,TRUE
juliabrownley.house.gov,TRUE
buchanan.house.gov,TRUE
buck.house.gov,TRUE
bucshon.house.gov,TRUE
budd.house.gov,TRUE
burchett.house.gov,TRUE
burgess.house.gov,TRUE
bustos.house.gov,TRUE
butterfield.house.gov,TRUE
byrne.house.gov,TRUE
calvert.house.gov,TRUE
carbajal.house.gov,TRUE
cardenas.house.gov,TRUE
carson.house.gov,TRUE
buddycarter.house.gov,TRUE
carter.house.gov,TRUE
cartwright.house.gov,TRUE
case.house.gov,TRUE
casten.house.gov,TRUE
castor.house.gov,TRUE
castro.house.gov,TRUE
chabot.house.gov,TRUE
cheney.house.gov,TRUE
chu.house.gov,TRUE
cicilline.house.gov,TRUE
cisneros.house.gov,TRUE
katherineclark.house.gov,TRUE
clarke.house.gov,TRUE
lacyclay.house.gov,TRUE
cleaver.house.gov,TRUE
cline.house.gov,TRUE
cloud.house.gov,TRUE
clyburn.house.gov,TRUE
cohen.house.gov,TRUE
cole.house.gov,TRUE
dougcollins.house.gov,TRUE
comer.house.gov,TRUE
conaway.house.gov,TRUE
connolly.house.gov,TRUE
cook.house.gov,TRUE
cooper.house.gov,TRUE
correa.house.gov,TRUE
costa.house.gov,TRUE
courtney.house.gov,TRUE
cox.house.gov,TRUE
craig.house.gov,TRUE
crawford.house.gov,TRUE
crenshaw.house.gov,TRUE
crist.house.gov,TRUE
crow.house.gov,TRUE
cuellar.house.gov,TRUE
cunningham.house.gov,TRUE
curtis.house.gov,TRUE
davids.house.gov,TRUE
davidson.house.gov,TRUE
davis.house.gov,TRUE
rodneydavis.house.gov,TRUE
susandavis.house.gov,TRUE
dean.house.gov,TRUE
defazio.house.gov,TRUE
degette.house.gov,TRUE
delauro.house.gov,TRUE
delbene.house.gov,TRUE
delgado.house.gov,TRUE
demings.house.gov,TRUE
desaulnier.house.gov,TRUE
desjarlais.house.gov,TRUE
teddeutch.house.gov,TRUE
mariodiazbalart.house.gov,TRUE
debbiedingell.house.gov,TRUE
doggett.house.gov,TRUE
doyle.house.gov,TRUE
jeffduncan.house.gov,TRUE
dunn.house.gov,TRUE
emmer.house.gov,TRUE
engel.house.gov,TRUE
escobar.house.gov,TRUE
eshoo.house.gov,TRUE
espaillat.house.gov,TRUE
estes.house.gov,TRUE
evans.house.gov,TRUE
ferguson.house.gov,TRUE
finkenauer.house.gov,TRUE
fitzpatrick.house.gov,TRUE
fleischmann.house.gov,TRUE
fletcher.house.gov,TRUE
flores.house.gov,TRUE
fortenberry.house.gov,TRUE
foster.house.gov,TRUE
foxx.house.gov,TRUE
frankel.house.gov,TRUE
fudge.house.gov,TRUE
fulcher.house.gov,TRUE
gabbard.house.gov,TRUE
gaetz.house.gov,TRUE
gallagher.house.gov,TRUE
rubengallego.house.gov,TRUE
garamendi.house.gov,TRUE
chuygarcia.house.gov,TRUE
mikegarcia.house.gov,TRUE
sylviagarcia.house.gov,TRUE
gianforte.house.gov,TRUE
gibbs.house.gov,TRUE
gohmert.house.gov,TRUE
golden.house.gov,TRUE
gomez.house.gov,TRUE
anthonygonzalez.house.gov,TRUE
gonzalez.house.gov,TRUE
gonzalez-colon.house.gov,TRUE
gooden.house.gov,TRUE
gosar.house.gov,TRUE
gottheimer.house.gov,TRUE
kaygranger.house.gov,TRUE
garretgraves.house.gov,TRUE
graves.house.gov,TRUE
tomgraves.house.gov,TRUE
algreen.house.gov,TRUE
markgreen.house.gov,TRUE
morgangriffith.house.gov,TRUE
grijalva.house.gov,TRUE
grothman.house.gov,TRUE
guest.house.gov,TRUE
guthrie.house.gov,TRUE
haaland.house.gov,TRUE
hagedorn.house.gov,TRUE
harder.house.gov,TRUE
harris.house.gov,TRUE
hartzler.house.gov,TRUE
alceehastings.house.gov,TRUE
hayes.house.gov,TRUE
dennyheck.house.gov,TRUE
hern.house.gov,TRUE
herrerabeutler.house.gov,TRUE
hice.house.gov,TRUE
higgins.house.gov,TRUE
clayhiggins.house.gov,TRUE
hill.house.gov,TRUE
himes.house.gov,TRUE
holding.house.gov,TRUE
hollingsworth.house.gov,TRUE
horn.house.gov,TRUE
horsford.house.gov,TRUE
houlahan.house.gov,TRUE
hoyer.house.gov,TRUE
hudson.house.gov,TRUE
huffman.house.gov,TRUE
huizenga.house.gov,TRUE
hunter.house.gov,TRUE
hurd.house.gov,TRUE
jacksonlee.house.gov,TRUE
jacobs.house.gov,TRUE
jayapal.house.gov,TRUE
jeffries.house.gov,TRUE
billjohnson.house.gov,TRUE
dustyjohnson.house.gov,TRUE
ebjohnson.house.gov,TRUE
hankjohnson.house.gov,TRUE
mikejohnson.house.gov,TRUE
jordan.house.gov,TRUE
joyce.house.gov,TRUE
johnjoyce.house.gov,TRUE
kaptur.house.gov,TRUE
katko.house.gov,TRUE
keating.house.gov,TRUE
keller.house.gov,TRUE
robinkelly.house.gov,TRUE
trentkelly.house.gov,TRUE
kelly.house.gov,TRUE
kennedy.house.gov,TRUE
khanna.house.gov,TRUE
dankildee.house.gov,TRUE
kilmer.house.gov,TRUE
kim.house.gov,TRUE
kind.house.gov,TRUE
peteking.house.gov,TRUE
steveking.house.gov,TRUE
kinzinger.house.gov,TRUE
kirkpatrick.house.gov,TRUE
krishnamoorthi.house.gov,TRUE
kuster.house.gov,TRUE
kustoff.house.gov,TRUE
lahood.house.gov,TRUE
lamalfa.house.gov,TRUE
lamb.house.gov,TRUE
lamborn.house.gov,TRUE
langevin.house.gov,TRUE
larsen.house.gov,TRUE
larson.house.gov,TRUE
latta.house.gov,TRUE
lawrence.house.gov,TRUE
lawson.house.gov,TRUE
lee.house.gov,TRUE
susielee.house.gov,TRUE
lesko.house.gov,TRUE
andylevin.house.gov,TRUE
mikelevin.house.gov,TRUE
johnlewis.house.gov,TRUE
lieu.house.gov,TRUE
lipinski.house.gov,TRUE
loebsack.house.gov,TRUE
lofgren.house.gov,TRUE
long.house.gov,TRUE
loudermilk.house.gov,TRUE
lowenthal.house.gov,TRUE
lowey.house.gov,TRUE
lucas.house.gov,TRUE
luetkemeyer.house.gov,TRUE
lujan.house.gov,TRUE
luria.house.gov,TRUE
lynch.house.gov,TRUE
malinowski.house.gov,TRUE
maloney.house.gov,TRUE
seanmaloney.house.gov,TRUE
marchant.house.gov,TRUE
marshall.house.gov,TRUE
massie.house.gov,TRUE
mast.house.gov,TRUE
matsui.house.gov,TRUE
mcadams.house.gov,TRUE
mcbath.house.gov,TRUE
kevinmccarthy.house.gov,TRUE
mccaul.house.gov,TRUE
mcclintock.house.gov,TRUE
mccollum.house.gov,TRUE
mceachin.house.gov,TRUE
mcgovern.house.gov,TRUE
mchenry.house.gov,TRUE
mckinley.house.gov,TRUE
mcnerney.house.gov,TRUE
meadows.house.gov,TRUE
meeks.house.gov,TRUE
meng.house.gov,TRUE
meuser.house.gov,TRUE
mfume.house.gov,TRUE
miller.house.gov,TRUE
mitchell.house.gov,TRUE
moolenaar.house.gov,TRUE
mooney.house.gov,TRUE
gwenmoore.house.gov,TRUE
morelle.house.gov,TRUE
moulton.house.gov,TRUE
mucarsel-powell.house.gov,TRUE
mullin.house.gov,TRUE
gregmurphy.house.gov,TRUE
murphy.house.gov,TRUE
nadler.house.gov,TRUE
napolitano.house.gov,TRUE
neal.house.gov,TRUE
neguse.house.gov,TRUE
newhouse.house.gov,TRUE
norcross.house.gov,TRUE
norman.house.gov,TRUE
norton.house.gov,TRUE
nunes.house.gov,TRUE
ocasio-cortez.house.gov,TRUE
ohalleran.house.gov,TRUE
olson.house.gov,TRUE
omar.house.gov,TRUE
pallone.house.gov,TRUE
palmer.house.gov,TRUE
panetta.house.gov,TRUE
pappas.house.gov,TRUE
pascrell.house.gov,TRUE
payne.house.gov,TRUE
pelosi.house.gov,TRUE
pence.house.gov,TRUE
perlmutter.house.gov,TRUE
perry.house.gov,TRUE
scottpeters.house.gov,TRUE
collinpeterson.house.gov,TRUE
phillips.house.gov,TRUE
pingree.house.gov,TRUE
plaskett.house.gov,TRUE
pocan.house.gov,TRUE
porter.house.gov,TRUE
posey.house.gov,TRUE
pressley.house.gov,TRUE
price.house.gov,TRUE
quigley.house.gov,TRUE
radewagen.house.gov,TRUE
raskin.house.gov,TRUE
ratcliffe.house.gov,TRUE
reed.house.gov,TRUE
reschenthaler.house.gov,TRUE
kathleenrice.house.gov,TRUE
rice.house.gov,TRUE
richmond.house.gov,TRUE
riggleman.house.gov,TRUE
roby.house.gov,TRUE
mcmorris.house.gov,TRUE
roe.house.gov,TRUE
halrogers.house.gov,TRUE
mikerogers.house.gov,TRUE
francisrooney.house.gov,TRUE
johnrose.house.gov,TRUE
maxrose.house.gov,TRUE
rouda.house.gov,TRUE
rouzer.house.gov,TRUE
roy.house.gov,TRUE
roybal-allard.house.gov,TRUE
ruiz.house.gov,TRUE
ruppersberger.house.gov,TRUE
rush.house.gov,TRUE
rutherford.house.gov,TRUE
timryan.house.gov,TRUE
sablan.house.gov,TRUE
sannicolas.house.gov,TRUE
lindasanchez.house.gov,TRUE
sarbanes.house.gov,TRUE
scalise.house.gov,TRUE
scanlon.house.gov,TRUE
schakowsky.house.gov,TRUE
schiff.house.gov,TRUE
schneider.house.gov,TRUE
schrader.house.gov,TRUE
schrier.house.gov,TRUE
schweikert.house.gov,TRUE
austinscott.house.gov,TRUE
davidscott.house.gov,TRUE
bobbyscott.house.gov,TRUE
sensenbrenner.house.gov,TRUE
serrano.house.gov,TRUE
sewell.house.gov,TRUE
shalala.house.gov,TRUE
sherman.house.gov,TRUE
sherrill.house.gov,TRUE
shimkus.house.gov,TRUE
simpson.house.gov,TRUE
sires.house.gov,TRUE
slotkin.house.gov,TRUE
adamsmith.house.gov,TRUE
adriansmith.house.gov,TRUE
chrissmith.house.gov,TRUE
jasonsmith.house.gov,TRUE
smucker.house.gov,TRUE
soto.house.gov,TRUE
spanberger.house.gov,TRUE
spano.house.gov,TRUE
speier.house.gov,TRUE
stanton.house.gov,TRUE
stauber.house.gov,TRUE
stefanik.house.gov,TRUE
steil.house.gov,TRUE
steube.house.gov,TRUE
stevens.house.gov,TRUE
stewart.house.gov,TRUE
stivers.house.gov,TRUE
suozzi.house.gov,TRUE
swalwell.house.gov,TRUE
takano.house.gov,TRUE
vantaylor.house.gov,TRUE
benniethompson.house.gov,TRUE
thompson.house.gov,TRUE
mikethompson.house.gov,TRUE
thornberry.house.gov,TRUE
tiffany.house.gov,TRUE
timmons.house.gov,TRUE
tipton.house.gov,TRUE
titus.house.gov,TRUE
tlaib.house.gov,TRUE
tonko.house.gov,TRUE
torres.house.gov,TRUE
torressmall.house.gov,TRUE
trahan.house.gov,TRUE
trone.house.gov,TRUE
turner.house.gov,TRUE
underwood.house.gov,TRUE
upton.house.gov,TRUE
vandrew.house.gov,TRUE
vargas.house.gov,TRUE
veasey.house.gov,TRUE
vela.house.gov,TRUE
velazquez.house.gov,TRUE
visclosky.house.gov,TRUE
wagner.house.gov,TRUE
walberg.house.gov,TRUE
walden.house.gov,TRUE
walker.house.gov,TRUE
walorski.house.gov,TRUE
waltz.house.gov,TRUE
wassermanschultz.house.gov,TRUE
waters.house.gov,TRUE
watkins.house.gov,TRUE
watsoncoleman.house.gov,TRUE
weber.house.gov,TRUE
webster.house.gov,TRUE
welch.house.gov,TRUE
wenstrup.house.gov,TRUE
westerman.house.gov,TRUE
wexton.house.gov,TRUE
wild.house.gov,TRUE
williams.house.gov,TRUE
wilson.house.gov,TRUE
joewilson.house.gov,TRUE
womack.house.gov,TRUE
woodall.house.gov,TRUE
wright.house.gov,TRUE
yarmuth.house.gov,TRUE
yoho.house.gov,TRUE
donyoung.house.gov,TRUE
zeldin.house.gov,TRUE
aging.senate.gov,TRUE
agriculture.senate.gov,TRUE
appropriations.senate.gov,TRUE
armed-services.senate.gov,TRUE
banking.senate.gov,TRUE
budget.senate.gov,TRUE
commerce.senate.gov,TRUE
energy.senate.gov,TRUE
epw.senate.gov,TRUE
ethics.senate.gov,TRUE
finance.senate.gov,TRUE
foreign.senate.gov,TRUE
help.senate.gov,TRUE
indian.senate.gov,TRUE
pensions.senate.gov,TRUE
judiciary.senate.gov,TRUE
rules.senate.gov,TRUE
sbc.senate.gov,TRUE
veterans.senate.gov,TRUE
alexander.senate.gov,TRUE
baldwin.senate.gov,TRUE
barrasso.senate.gov,TRUE
bennet.senate.gov,TRUE
blackburn.senate.gov,TRUE
blumenthal.senate.gov,TRUE
blunt.senate.gov,TRUE
booker.senate.gov,TRUE
boozman.senate.gov,TRUE
braun.senate.gov,TRUE
brown.senate.gov,TRUE
burr.senate.gov,TRUE
cantwell.senate.gov,TRUE
capito.senate.gov,TRUE
cardin.senate.gov,TRUE
carper.senate.gov,TRUE
casey.senate.gov,TRUE
cassidy.senate.gov,TRUE
collins.senate.gov,TRUE
coons.senate.gov,TRUE
corker.senate.gov,TRUE
cornyn.senate.gov,TRUE
cortezmasto.senate.gov,TRUE
cotton.senate.gov,TRUE
cramer.senate.gov,TRUE
crapo.senate.gov,TRUE
cruz.senate.gov,TRUE
daines.senate.gov,TRUE
donnelly.senate.gov,TRUE
duckworth.senate.gov,TRUE
durbin.senate.gov,TRUE
enzi.senate.gov,TRUE
ernst.senate.gov,TRUE
feinstein.senate.gov,TRUE
fischer.senate.gov,TRUE
gardner.senate.gov,TRUE
gillibrand.senate.gov,TRUE
grassley.senate.gov,TRUE
harris.senate.gov,TRUE
hassan.senate.gov,TRUE
hatch.senate.gov,TRUE
hawley.senate.gov,TRUE
heinrich.senate.gov,TRUE
heitkamp.senate.gov,TRUE
heller.senate.gov,TRUE
hirono.senate.gov,TRUE
hoeven.senate.gov,TRUE
hydesmith.senate.gov,TRUE
inhofe.senate.gov,TRUE
isakson.senate.gov,TRUE
jones.senate.gov,TRUE
kaine.senate.gov,TRUE
kennedy.senate.gov,TRUE
king.senate.gov,TRUE
klobuchar.senate.gov,TRUE
lankford.senate.gov,TRUE
leahy.senate.gov,TRUE
lee.senate.gov,TRUE
lgraham.senate.gov,TRUE
loeffler.senate.gov,TRUE
manchin.senate.gov,TRUE
markey.senate.gov,TRUE
mccaskill.senate.gov,TRUE
mcconnell.senate.gov,TRUE
mcsally.senate.gov,TRUE
menendez.senate.gov,TRUE
merkley.senate.gov,TRUE
moran.senate.gov,TRUE
murkowski.senate.gov,TRUE
murphy.senate.gov,TRUE
murray.senate.gov,TRUE
paul.senate.gov,TRUE
perdue.senate.gov,TRUE
peters.senate.gov,TRUE
portman.senate.gov,TRUE
reed.senate.gov,TRUE
rickscott.senate.gov,TRUE
risch.senate.gov,TRUE
roberts.senate.gov,TRUE
romney.senate.gov,TRUE
ronjohnson.senate.gov,TRUE
rosen.senate.gov,TRUE
rounds.senate.gov,TRUE
rubio.senate.gov,TRUE
sanders.senate.gov,TRUE
sasse.senate.gov,TRUE
schatz.senate.gov,TRUE
schumer.senate.gov,TRUE
scott.senate.gov,TRUE
shaheen.senate.gov,TRUE
shelby.senate.gov,TRUE
sinema.senate.gov,TRUE
smith.senate.gov,TRUE
stabenow.senate.gov,TRUE
sullivan.senate.gov,TRUE
tester.senate.gov,TRUE
thune.senate.gov,TRUE
tillis.senate.gov,TRUE
tomudall.senate.gov,TRUE
toomey.senate.gov,TRUE
vanhollen.senate.gov,TRUE
warner.senate.gov,TRUE
warren.senate.gov,TRUE
whitehouse.senate.gov,TRUE
wicker.senate.gov,TRUE
wyden.senate.gov,TRUE
young.senate.gov,TRUE
dailypress.senate.gov,TRUE
democrats.senate.gov,TRUE
drugcaucus.senate.gov,TRUE
periodicalpress.senate.gov,TRUE
pressphotographers.senate.gov,TRUE
radiotv.senate.gov,TRUE
republican.senate.gov,TRUE
republicanleader.senate.gov,TRUE
republicans.senate.gov,TRUE
rpc.senate.gov,TRUE
slc.senate.gov,TRUE
efd.senate.gov,TRUE
efdsearch.senate.gov,TRUE
soprweb.senate.gov,TRUE
disclosure.senate.gov,TRUE
19january2017snapshot.epa.gov,TRUE
appliedsciences.nasa.gov,TRUE
chinese.cdc.gov,TRUE
climate.nasa.gov,TRUE
energy.gov,TRUE
espanol.cdc.gov,TRUE
espanol.epa.gov,TRUE
faq.coronavirus.gov,TRUE
kids.niehs.nih.gov,TRUE
korean.cdc.gov,TRUE
nca2009.globalchange.gov,TRUE
nca2014.globalchange.gov,TRUE
nca2018.globalchange.gov,TRUE
nomads.gfdl.noaa.gov,TRUE
obamawhitehouse.archives.gov,TRUE
radar.weather.gov,TRUE
scenarios.globalchange.gov,TRUE
vietnamese.cdc.gov,TRUE
climate.gov,TRUE
data.gov,TRUE
glerl.noaa.gov,TRUE
goes-r.gov,TRUE
psl.noaa.gov,TRUE
research.noaa.gov,TRUE
cnpp.usda.gov,TRUE
gipsa.usda.gov,TRUE
nifa.usda.gov,TRUE
esa.gov,TRUE
oceanservice.noaa.gov,TRUE
arlingtoncemetery.mil,TRUE
inherentresolve.mil,TRUE
dau.mil,TRUE
darpa.mil,TRUE
commissaries.com,TRUE
dcaa.mil,TRUE
dcma.mil,TRUE
dfas.mil,TRUE
dhra.mil,TRUE
disa.mil,TRUE
dia.mil,TRUE
dla.mil,TRUE
dsca.mil,TRUE
dss.mil,TRUE
dtic.mil,TRUE
dtra.mil,TRUE
dvidshub.net,TRUE
marshallcenter.org,TRUE
hpc.mil,TRUE
ushmm.org,TRUE
businessdefense.gov,TRUE
jcs.mil,TRUE
jfsc.ndu.edu,TRUE
jpeocbd.osd.mil,TRUE
health.mil,TRUE
militaryonesource.mil,TRUE
mda.mil,TRUE
ndu.edu,TRUE
nga.mil,TRUE
nationalguard.mil,TRUE
ni-u.edu,TRUE
norad.mil,TRUE
sigar.mil,TRUE
pfpa.mil,TRUE
dpaa.mil,TRUE
dodtap.mil,TRUE
africom.mil,TRUE
af.mil,TRUE
usafa.af.mil,TRUE
afrc.af.mil,TRUE
army.mil,TRUE
usace.army.mil,TRUE
soc.mil,TRUE
centcom.mil,TRUE
eucom.mil,TRUE
cffc.navy.mil,TRUE
usfk.mil,TRUE
marines.mil,TRUE
usmma.edu,TRUE
usma.edu,TRUE
usna.edu,TRUE
navy.mil,TRUE
northcom.mil,TRUE
pacom.mil,TRUE
southcom.mil,TRUE
socom.mil,TRUE
stratcom.mil,TRUE
ustranscom.mil,TRUE
acq.osd.mil,TRUE
prhome.defense.gov,TRUE
policy.defense.gov,TRUE
usuhs.mil,TRUE
whs.mil,TRUE
williamjperrycenter.org,TRUE
eric.ed.gov,TRUE
studentaid.ed.gov,TRUE
innovation.ed.gov,TRUE
ies.ed.gov,TRUE
arm.gov,TRUE
inl.gov,TRUE
isotope.gov,TRUE
navalnuclearlab.energy.gov,TRUE
orau.org,TRUE
science.energy.gov,TRUE
srnl.doe.gov,TRUE
acl.gov,TRUE
health.gov,TRUE
minorityhealth.hhs.gov,TRUE
oig.hhs.gov,TRUE
surgeongeneral.gov,TRUE
fitness.gov,TRUE
cdp.dhs.gov,TRUE
us-cert.gov,TRUE
training.fema.gov,TRUE
hsuniversityprograms.org,TRUE
bnbi.org,TRUE
floodsmart.gov,TRUE
uscg.mil,TRUE
uscga.edu,TRUE
hudoig.gov,TRUE
bja.gov,TRUE
cops.usdoj.gov,TRUE
deadiversion.usdoj.gov,TRUE
nicic.gov,TRUE
nij.gov,TRUE
ovc.gov,TRUE
smart.gov,TRUE
projectsafechildhood.gov,TRUE
doleta.gov,TRUE
travel.state.gov,TRUE
stateoig.gov,TRUE
usembassy.gov,TRUE
usun.state.gov,TRUE
gcmrc.gov,TRUE
evergladesrestoration.gov,TRUE
doioig.gov,TRUE
moneyfactory.gov,TRUE
occ.gov,TRUE
fra.dot.gov,TRUE
marad.dot.gov,TRUE
rita.dot.gov,TRUE
fordlibrarymuseum.gov,TRUE
jimmycarterlibrary.gov,TRUE
georgewbushlibrary.smu.edu,TRUE
911commission.gov,TRUE
fcic.law.stanford.edu,TRUE
historyhub.history.gov,TRUE
obamalibrary.gov,TRUE
ourdocuments.gov,TRUE
webharvest.gov,TRUE
nixonlibrary.gov,TRUE
reaganlibrary.gov,TRUE
clintonlibrary.gov,TRUE
alhurra.com,TRUE
nmb.gov,TRUE
npic.orst.edu,TRUE
martinoticias.com,TRUE
investor.gov,TRUE
osc.gov,TRUE
opic.gov,TRUE
pclob.gov,TRUE
rfa.org,TRUE
rferl.org,TRUE
stb.gov,TRUE
tva.gov,TRUE
usip.gov,TRUE
postalinspectors.uspis.gov,TRUE
ustda.gov,TRUE
vef.gov,TRUE
bostonfed.org,TRUE
newyorkfed.org,TRUE
philadelphiafed.org,TRUE
clevelandfed.org,TRUE
richmondfed.org,TRUE
frbatlanta.org,TRUE
chicagofed.org,TRUE
stlouisfed.org,TRUE
minneapolisfed.org,TRUE
kansascityfed.org,TRUE
dallasfed.org,TRUE
frbsf.org,TRUE
kennedy-center.org,TRUE
constitutioncenter.org,TRUE
wilsoncenter.org,TRUE
ustr.gov,TRUE
goldwater.scholarsapply.org,TRUE
about.usps.com,TRUE
cep.gov,TRUE
otexa.trade.gov,TRUE
juvenilecouncil.gov,TRUE
dra.gov,TRUE
eisenhowermemorial.gov,TRUE
endangered.fws.gov,TRUE
fasab.gov,TRUE
mymoney.gov,TRUE
ffb.treasury.gov,TRUE
nces.ed.gov,TRUE
federallabs.org,TRUE
lcweb.loc.gov,TRUE
eca.state.gov,TRUE
truman.gov,TRUE
ich.gov,TRUE
jamesmadison.gov,TRUE
mvd.usace.army.mil,TRUE
inspire2serve.gov,TRUE
ncd.gov,TRUE
nationalparks.org,TRUE
nwcouncil.org,TRUE
presidio.gov,TRUE
srbc.net,TRUE
access-board.gov,TRUE
heritageabroad.gov,TRUE
worldwar1centennial.org,TRUE
armfor.uscourts.gov,TRUE
cafc.uscourts.gov,TRUE
ustaxcourt.gov,TRUE
clerk.house.gov,TRUE
compliance.gov,TRUE
stennis.gov,TRUE
visitthecapitol.gov,TRUE
houselive.gov,TRUE
africanamericanhistorymonth.gov,TRUE
americaslibrary.gov,TRUE
asianpacificheritage.gov,TRUE
hispanicheritagemonth.gov,TRUE
jewishheritagemonth.gov,TRUE
nativeamericanheritagemonth.gov,TRUE
read.gov,TRUE
section108.gov,TRUE
womenshistorymonth.gov,TRUE
wdl.org,TRUE
nrd.gov,TRUE
budgetlob.max.gov,TRUE
childstats.gov,TRUE
cendi.gov,TRUE
hydrogen.gov,TRUE
youth.gov,TRUE
grants.gov,TRUE
agingstats.gov,TRUE
foodsafety.gov,TRUE
grantsolutions.gov,TRUE
stopalcoholabuse.gov,TRUE
usability.gov,TRUE
tox21.gov,TRUE
psc.gov,TRUE
mentalhealth.gov,TRUE
govloans.gov,TRUE
iawg.gov,TRUE
pepfar.gov,TRUE
regionals.service-now.com,TRUE
foreignassistance.gov,TRUE
acwi.gov,TRUE
anstaskforce.gov,TRUE
safecom.gov,TRUE
utahfireinfo.gov,TRUE
landimaging.gov,TRUE
volunteer.gov,TRUE
marine.gov,TRUE
alaskacenters.gov,TRUE
snap.gov,TRUE
wildlifeadaptationstrategy.gov,TRUE
lacoast.gov,TRUE
lca.gov,TRUE
lmvsci.gov,TRUE
watermonitor.gov,TRUE
wlci.gov,TRUE
sierrawild.gov,TRUE
klamathrestoration.gov,TRUE
ethicsburg.gov,TRUE
usaspending.gov,TRUE
911.gov,TRUE
fedcenter.gov,TRUE
frtr.gov,TRUE
regulations.gov,TRUE
ceq.doe.gov,TRUE
paymentaccuracy.gov,TRUE
max.gov,TRUE
code.gov,TRUE
uscurrency.gov,TRUE
18f.gsa.gov,TRUE
facadatabase.gov,TRUE
buyaccessible.gov,TRUE
computersforlearning.gov,TRUE
presidentialinnovationfellows.gov,TRUE
section508.gov,TRUE
apps.gov,TRUE
citizenscience.gov,TRUE
login.gov,TRUE
digitaldashboard.gov,TRUE
fpc.gov,TRUE
govsales.gov,TRUE
gsaauctions.gov,TRUE
pic.gov,TRUE
search.gov,TRUE
performance.gov,TRUE
plainlanguage.gov,TRUE
fbo.gov,TRUE
sftool.gov,TRUE
cao.gov,TRUE
challenge.gov,TRUE
dotgov.gov,TRUE
vote.gov,TRUE
sbst.gov,TRUE
fsd.gov,TRUE
reginfo.gov,TRUE
digital.gov,TRUE
gsaadvantage.gov,TRUE
ussm.gov,TRUE
restorethegulf.gov,TRUE
scijinks.gov,TRUE
globe.gov,TRUE
sac.gov,TRUE
intelligencecareers.gov,TRUE
chcoc.gov,TRUE
nbib.gov,TRUE
cybercareers.gov,TRUE
feedthefuture.gov,TRUE
recreation.gov,TRUE
ibmp.info,TRUE
binational.net,TRUE
fews.net,TRUE
bioenergycenter.org,TRUE
servirglobal.net,TRUE
poweringag.org,TRUE
forestryimages.org,TRUE
globalnetplatform.org,TRUE
chds.us,TRUE
sedarweb.org,TRUE
18f.gov,TRUE
9-11commission.gov,TRUE
accessibility.gov,TRUE
acf.gov,TRUE
act.org,TRUE
ahcpr.gov,TRUE
americathebeautifulquarters.gov,TRUE
aoa.gov,TRUE
budgetlob.gov,TRUE
buildingpeace.org,TRUE
business.gov,TRUE
cfda.gov,TRUE
cfpb.gov,TRUE
challenges.gov,TRUE
cns.gov,TRUE
collegenavigator.gov,TRUE
comptrollerofthecurrency.gov,TRUE
connect.gov,TRUE
cybercrime.gov,TRUE
democraticleader.gov,TRUE
democraticwhip.gov,TRUE
dhhs.gov,TRUE
disasterhousing.gov,TRUE
doc.gov,TRUE
dod.gov,TRUE
doe.gov,TRUE
dot.gov,TRUE
ecr.gov,TRUE
eia.doe.gov,TRUE
epic.gov,TRUE
esa.doc.gov,TRUE
fafsa.gov,TRUE
fcic.gov,TRUE
fdsys.gov,TRUE
fedbizopps.gov,TRUE
federalcourts.gov,TRUE
fha.gov,TRUE
firstgov.gov,TRUE
flu.gov,TRUE
fsgb.gov,TRUE
fsoc.gov,TRUE
georgewbushlibrary.gov,TRUE
globalhealth.gov,TRUE
greatagain.gov,TRUE
hhsoig.gov,TRUE
history.gov,TRUE
homelandsecurity.gov,TRUE
housedemocrats.gov,TRUE
huduser.org,TRUE
indianaffairs.gov,TRUE
innovation.gov,TRUE
interior.gov,TRUE
interpol.gov,TRUE
isotopes.gov,TRUE
itrd.gov,TRUE
jewishheritage.gov,TRUE
jwod.gov,TRUE
libraryofcongress.gov,TRUE
lis.gov,TRUE
literacy.gov,TRUE
loctps.gov,TRUE
mail.gov,TRUE
mha.gov,TRUE
msb.gov,TRUE
nara.gov,TRUE
nationalresourcedirectory.gov,TRUE
nbc.gov,TRUE
nea.gov,TRUE
nepa.gov,TRUE
nhtsa.dot.gov,TRUE
niosh.gov,TRUE
nlm.gov,TRUE
nmfs.noaa.gov,TRUE
obamawhitehouse.gov,TRUE
odni.gov,TRUE
omb.gov,TRUE
ostp.gov,TRUE
pif.gov,TRUE
pnl.gov,TRUE
preserveamerica.gov,TRUE
safetyvideos.gov,TRUE
scra.gov,TRUE
socialsecurity.gov,TRUE
stats.bls.gov,TRUE
stopfraud.gov,TRUE
supremecourtus.gov,TRUE
tigta.gov,TRUE
treas.gov,TRUE
tribaljusticeandsafety.gov,TRUE
usdigitalservice.gov,TRUE
usdoj.gov,TRUE
usmc.mil,TRUE
usmission.gov,TRUE
usuhs.edu,TRUE
vets.gov,TRUE
whitehousedrugpolicy.gov,TRUE
ai.gov,TRUE
budget.gov,TRUE
cfpa.gov,TRUE
cncs.gov,TRUE
digitalgov.gov,TRUE
ffb.gov,TRUE
housedems.gov,TRUE
nationalhousing.gov,TRUE
ondcp.gov,TRUE
pentagon.gov,TRUE
servicemembers.gov,TRUE
thomas.gov,TRUE
tps.gov,TRUE
unitedstates.gov,TRUE
usalearning.gov,TRUE
usps.gov,TRUE
ustreas.gov,TRUE
2020census.gov,TRUE
abmceducation.org,TRUE
africacenter.org,TRUE
agrilinks.org,TRUE
airuniversity.af.edu,TRUE
alzheimers.gov,TRUE
amberalert.gov,TRUE
amtrakoig.gov,TRUE
amver.com,TRUE
anchorit.gov,TRUE
apcss.org,TRUE
apprenticeship.gov,TRUE
arba.army.pentagon.mil,TRUE
armywarcollege.edu,TRUE
aviationweather.gov,TRUE
banknet.gov,TRUE
bbg.gov,TRUE
beta.sam.gov,TRUE
biopreferred.gov,TRUE
bosque.gov,TRUE
boulder.doc.gov,TRUE
brac.gov,TRUE
buyusa.gov,TRUE
campusdrugprevention.gov,TRUE
capitol.gov,TRUE
capmed.mil,TRUE
changingourcampus.org,TRUE
childcare.gov,TRUE
childhealthdata.org,TRUE
chinacommission.gov,TRUE
choosemyplate.gov,TRUE
clinicaltrials.gov,TRUE
cloud.gov,TRUE
clu-in.org,TRUE
collegedrinkingprevention.gov,TRUE
consumer.gov,TRUE
consumidor.gov,TRUE
crimesolutions.gov,TRUE
crimevictims.gov,TRUE
crisisnextdoor.gov,TRUE
crt2014-2024review.gov,TRUE
cuidadodesalud.gov,TRUE
cupcao.gov,TRUE
dantes.doded.mil,TRUE
dcpas.osd.mil,TRUE
dietaryguidelines.gov,TRUE
digitalliteracy.gov,TRUE
disasterassistance.gov,TRUE
dlielc.edu,TRUE
dlnseo.org,TRUE
dmdc.osd.mil,TRUE
donaciondeorganos.gov,TRUE
donotcall.gov,TRUE
dspo.mil,TRUE
dtcenter.org,TRUE
earthsystemprediction.gov,TRUE
economicinclusion.gov,TRUE
econsumer.gov,TRUE
e-enterprise.gov,TRUE
employer.gov,TRUE
empowhr.gov,TRUE
endingthedocumentgame.gov,TRUE
es.ndu.edu,TRUE
e-verify.gov,TRUE
everykidinapark.gov,TRUE
export.gov,TRUE
faasafety.gov,TRUE
fbijobs.gov,TRUE
fd.org,TRUE
fdicig.gov,TRUE
fdicseguro.gov,TRUE
fea.gov,TRUE
federalreserveconsumerhelp.gov,TRUE
federalreserveeducation.org,TRUE
fedpartnership.gov,TRUE
fhfaoig.gov,TRUE
financialaidtoolkit.ed.gov,TRUE
findyourpark.com,TRUE
fireleadership.gov,TRUE
firstnet.gov,TRUE
firstobserver.com,TRUE
flightschoolcandidates.gov,TRUE
foia.gov,TRUE
forfeiture.gov,TRUE
fpntc.org,TRUE
frederick.cancer.gov,TRUE
ftccomplaintassistant.gov,TRUE
fueleconomy.gov,TRUE
g5.gov,TRUE
geoplatform.gov,TRUE
getsmartaboutdrugs.gov,TRUE
girlshealth.gov,TRUE
gocivilairpatrol.com,TRUE
gocoastguard.com,TRUE
godirect.gov,TRUE
gsaig.gov,TRUE
gsaxcess.gov,TRUE
harp.gov,TRUE
healthdata.gov,TRUE
healthfinder.gov,TRUE
helpwithmybank.gov,TRUE
hirevets.gov,TRUE
hudhomestore.com,TRUE
icecores.org,TRUE
insurekidsnow.gov,TRUE
intel.gov,TRUE
invasivespecies.gov,TRUE
ipm.gov,TRUE
irsvideos.gov,TRUE
itdashboard.gov,TRUE
jccs.gov,TRUE
justthinktwice.gov,TRUE
land-links.org,TRUE
leadcenter.org,TRUE
learnatf.gov,TRUE
listo.gov,TRUE
locatorplus.gov,TRUE
malwareinvestigator.gov,TRUE
manufacturing.gov,TRUE
marinecadastre.gov,TRUE
marketlinks.org,TRUE
medicare.gov,TRUE
medlineplus.gov,TRUE
mimm.gov,TRUE
mojavedata.gov,TRUE
move.mil,TRUE
mycreditunion.gov,TRUE
mynavyexchange.com,TRUE
myra.gov,TRUE
nationsreportcard.gov,TRUE
ncar.ucar.edu,TRUE
ncics.org,TRUE
ncifrederick.cancer.gov,TRUE
nctc.gov,TRUE
nesa-center.org,TRUE
nesare.org,TRUE
neup.inl.gov,TRUE
ng.mil,TRUE
nnlm.gov,TRUE
nnss.gov,TRUE
northcentralsare.org,TRUE
nps.edu,TRUE
nsep.gov,TRUE
ntrc.gov,TRUE
nutrition.gov,TRUE
openei.org,TRUE
opioids.gov,TRUE
orise.orau.gov,TRUE
osepideasthatwork.org,TRUE
oversight.gov,TRUE
pacer.gov,TRUE
papahanaumokuakea.gov,TRUE
pay.gov,TRUE
peatworks.org,TRUE
poolsafely.gov,TRUE
poweringhealth.org,TRUE
prearesourcecenter.org,TRUE
pscr.gov,TRUE
public-blog.nrc-gateway.gov,TRUE
radresource.net,TRUE
recalls.gov,TRUE
recoverymonth.gov,TRUE
research.gov,TRUE
rmportal.net,TRUE
ruralhealthinfo.org,TRUE
safeocs.gov,TRUE
saferproducts.gov,TRUE
safertruck.gov,TRUE
safetyact.gov,TRUE
salmonrecovery.gov,TRUE
sare.org,TRUE
science.gov,TRUE
science360.gov,TRUE
selectusa.gov,TRUE
serdp-estcp.org,TRUE
share.america.gov,TRUE
sharetheexperience.org,TRUE
shopcgx.com,TRUE
shopmyexchange.com,TRUE
smartcheck.gov,TRUE
smarterskies.gov,TRUE
smartgrid.gov,TRUE
smokefree.gov,TRUE
smokeybear.com,TRUE
solardecathlon.gov,TRUE
solarfuelshub.org,TRUE
southernsare.org,TRUE
stopbullying.gov,TRUE
stopfakes.gov,TRUE
studentloans.gov,TRUE
sworm.gov,TRUE
symbols.gov,TRUE
techcamp.america.gov,TRUE
telework.gov,TRUE
thecoolspot.gov,TRUE
time.gov,TRUE
tricare.mil,TRUE
tsunami.gov,TRUE
tvaoig.gov,TRUE
ucrdatatool.gov,TRUE
unlocktalent.gov,TRUE
urban-links.org,TRUE
usajobs.gov,TRUE
uscgboating.org,TRUE
usdebitcard.gov,TRUE
usmcu.edu,TRUE
usnwc.edu,TRUE
uspsoig.gov,TRUE
vaccines.gov,TRUE
vehiclehistory.gov,TRUE
veterans.gov,TRUE
vistacampus.gov,TRUE
wdol.gov,TRUE
whistleblower.gov,TRUE
whitehouseconferenceonaging.gov,TRUE
worker.gov,TRUE
wrapsnet.org,TRUE
wrp.gov,TRUE
youthrules.gov,TRUE
smokeybear.gov,TRUE
financialaidtoolkit.ed.gov,TRUE
elderjustice.gov,TRUE
share.america.gov,TRUE
amtrakoig.gov,TRUE
ncsc.gov,TRUE
public-blog.nrc-gateway.gov,TRUE
votebymail.gov,TRUE
arba.army.pentagon.mil,TRUE
techcamp.america.gov,TRUE
shopcgx.com,TRUE
18f.us,TRUE
3riverscfc.org,TRUE
aal.army,TRUE
academyadmissions.com,TRUE
adlnet.org,TRUE
afneurope.net,TRUE
afnpacific.net,TRUE
afpmb.org,TRUE
afreserve.com,TRUE
afthunderbirds.com,TRUE
ag.unr.edu,TRUE
agfirst.com,TRUE
agribank.com,TRUE
airdefenseartillery.com,TRUE
airforce.com,TRUE
airspacemag.com,TRUE
ajb.org,TRUE
alaskacfc.org,TRUE
alhurra.com,TRUE
americanpresidents.org,TRUE
americorpsconnect.org,TRUE
amtrak.com,TRUE
amver.com,TRUE
annualcreditreport.com,TRUE
armedforcessports.com,TRUE
armyfuturescommand.com,TRUE
askjan.org,TRUE
atlanticcoastcfc.org,TRUE
auxpa.org,TRUE
aww.aww-sp.com,TRUE
badgerlandcfc.org,TRUE
benefeds.com,TRUE
bie.edu,TRUE
bobber.info,TRUE
bushlibrary.tamu.edu,TRUE
buyaccessible.net,TRUE
capmembers.com,TRUE
careerinfonet.org,TRUE
careeronestop.org,TRUE
cbacfc.org,TRUE
cbp-ntep.info,TRUE
ccitoolsforfeds.org,TRUE
cdcnpin.org,TRUE
cdse.edu,TRUE
centralcaliforniacfc.org,TRUE
centralpacfc.org,TRUE
centraltexascfc.org,TRUE
cf-cfc.org,TRUE
cfc-centralok.org,TRUE
cfcaaga.org,TRUE
cfcaz.org,TRUE
cfccoastalga.org,TRUE
cfcforthood.org,TRUE
cfcgive.org,TRUE
cfcgno.org,TRUE
cfcgreaterarkansas.org,TRUE
cfcgreaternc.org,TRUE
cfcindiana.org,TRUE
cfcmaine.org,TRUE
cfcmidsouth.org,TRUE
cfcmontereysantacruz.org,TRUE
cfcnca.org,TRUE
cfcnexus.org,TRUE
cfcnnj.org,TRUE
cfcnorthtexas.org,TRUE
cfcnps.org,TRUE
cfcofcva.org,TRUE
cfcofgreatersocal.org,TRUE
cfcofthecsra.org,TRUE
cfcredrivervalley.org,TRUE
cfcsanantonio.org,TRUE
cfcsemi.org,TRUE
cfcshr.org,TRUE
cfcsnj.org,TRUE
cfctexasgulfcoast.org,TRUE
cfcvp.org,TRUE
cfcwesternmichigan.org,TRUE
cfcwesternmontana.org,TRUE
cfcwnc.com,TRUE
cfe-dmha.org,TRUE
cga.edu,TRUE
cgaux.org,TRUE
cge.concursolutions.com,TRUE
chattanoogacfc.org,TRUE
chemcatbio.org,TRUE
chicagocfc.net,TRUE
chicagofed.org,TRUE
cidi.org,TRUE
cipm.info,TRUE
cldcentral.usalearning.net,TRUE
clevelandfed.org,TRUE
clu-in.org,TRUE
coastalbendareacfc.org,TRUE
coastalcarolinacfc.org,TRUE
cobank.com,TRUE
columbusbenningcfc.org,TRUE
commissaries.com,TRUE
cooperativepatentclassification.org,TRUE
cooperhewitt.org,TRUE
cowvcfc.org,TRUE
ctandwmacfc.org,TRUE
cvand29palmscfc.org,TRUE
d11nuscgaux.info,TRUE
d13cgaux.com,TRUE
dallasfed.org,TRUE
deamuseum.org,TRUE
defensetv.tv,TRUE
dfwmetroplexcfc.org,TRUE
dhs-summit.us,TRUE
digitalvaults.org,TRUE
docsteach.org,TRUE
dodccrp.org,TRUE
dodea.edu,TRUE
dodsbir.net,TRUE
dodstarbase.org,TRUE
dvbic.org,TRUE
dvidshub.net,TRUE
e2.gov.cwtsatotravel.com,TRUE
earthkam.ucsd.edu,TRUE
earthsystemcog.org,TRUE
earthsystemmodeling.org,TRUE
easternmasscfc.org,TRUE
elcivicsonline.org,TRUE
eng.embassyusa.cn,TRUE
enviroflash.info,TRUE
epa.maps.arcgis.com,TRUE
epancic.org,TRUE
epaosc.org,TRUE
epcfc.org,TRUE
ertsupport.org,TRUE
ertvideo.org,TRUE
escarosacfc.org,TRUE
fairhousingfirst.org,TRUE
fanniemae.com,TRUE
farmcreditbank.com,TRUE
farmermac.com,TRUE
fbiacademy.edu,TRUE
fcc.us,TRUE
fd.org,TRUE
fdrlibrary.marist.edu,TRUE
fed.us,TRUE
federalrelay.us,TRUE
federalreserveeducation.org,TRUE
fedrcc.us,TRUE
fhlb-of.com,TRUE
fhlb-pgh.com,TRUE
fhlb.com,TRUE
fhlbanks.com,TRUE
fhlbatl.com,TRUE
fhlbboston.com,TRUE
fhlbc.com,TRUE
fhlbcin.com,TRUE
fhlbdm.com,TRUE
fhlbi.com,TRUE
fhlbny.com,TRUE
fhlbsea.com,TRUE
fhlbsf.com,TRUE
fhlbtopeka.com,TRUE
findtbresources.org,TRUE
firelab.org,TRUE
fmjfee.com,TRUE
forestryimages.org,TRUE
frbatlanta.org,TRUE
frbsf.org,TRUE
freddiemac.com,TRUE
freefilefillableforms.com,TRUE
fsafeds.com,TRUE
ftcampbellareacfc.org,TRUE
gatewaycfc.org,TRUE
georgewbushlibrary.smu.edu,TRUE
getsmartaboutdrugs.com,TRUE
glnpo.net,TRUE
goang.com,TRUE
goarmy.com,TRUE
gocivilairpatrol.com,TRUE
gocoastguard.com,TRUE
godirect.org,TRUE
gopcfc.org,TRUE
greaterhartfordcfc.org,TRUE
greatermscfc.org,TRUE
greaterwicfc.org,TRUE
greencountrycfc.org,TRUE
heartlandcfc.org,TRUE
heartofalabamacfc.org,TRUE
heartofthemidlandscfc.org,TRUE
homelandsecurity.conferenceon.tv,TRUE
hsdl.org,TRUE
hubblesite.org,TRUE
hudexchange.info,TRUE
hudhomestore.com,TRUE
hudhre.info,TRUE
hudnsphelp.info,TRUE
huduser.org,TRUE
igs.org,TRUE
iipdigital.ait.org.tw,TRUE
illowacfc.org,TRUE
insidevoa.com,TRUE
intermountaincfc.org,TRUE
inwcfc.org,TRUE
jamrs.org,TRUE
jfklibrary.org,TRUE
jlab.org,TRUE
johnsoncity-mountainhomecfc.org,TRUE
kansascfc.org,TRUE
kb.cert.org,TRUE
kcp.com,TRUE
kennedy-center.org,TRUE
knowitall.org,TRUE
knowyouroptions.com,TRUE
kosmetica.kiev.ua,TRUE
ktcfc.org,TRUE
lbjlibrary.org,TRUE
leopold.wilderness.net,TRUE
lifeasamarine.com,TRUE
literacydirectory.org,TRUE
livingmemorialsproject.net,TRUE
locationaffordability.info,TRUE
makersinspaces.org,TRUE
manufacturingusa.com,TRUE
maricopacfc.org,TRUE
marineforlife.org,TRUE
marinemarathon.com,TRUE
marines.com,TRUE
marshallcenter.org,TRUE
martinoticias.com,TRUE
mcmregistration.com,TRUE
mdacareers.com,TRUE
metrodenvercfc.org,TRUE
miamivalleycfc.org,TRUE
micanaldepanama.com,TRUE
michcfc.org,TRUE
midlandsareacfc.org,TRUE
minneapolisfed.org,TRUE
moneyfactory.com,TRUE
myedaccount.com,TRUE
myfuture.com,TRUE
mymcx.com,TRUE
mynextmove.org,TRUE
myskillsmyfuture.org,TRUE
nagb.org,TRUE
nahyp.org,TRUE
nasa-usa.de,TRUE
nasa.orau.org,TRUE
nasarealworldinworld.org,TRUE
nationalatlas.com,TRUE
nationalatlas.org,TRUE
nationalguard.com,TRUE
nationalserviceresources.org,TRUE
nationalzoostore.tamretail.net,TRUE
navy.com,TRUE
navyoutreach.org,TRUE
navyreserve.com,TRUE
nccicevents.org,TRUE
ncjrs.org,TRUE
ncwvcfc.org,TRUE
ndu.edu,TRUE
neabigread.org,TRUE
necfuture.com,TRUE
nefl-sega-cfc.org,TRUE
nepacfc.org,TRUE
nevadacfc.org,TRUE
newhire-reporting.com,TRUE
newmexicocfc.org,TRUE
newyorkfed.org,TRUE
niamsp2b2.com,TRUE
nianet.org,TRUE
niapublications.org,TRUE
noradsanta.org,TRUE
norcalcfc.org,TRUE
northcoastcfc.org,TRUE
northernlightscfc.org,TRUE
northernnewenglandcfc.org,TRUE
northwestfloridacfc.org,TRUE
nps.edu,TRUE
nsopw.org,TRUE
nutmegcfc.org,TRUE
nwguardian.com,TRUE
nyccfc.org,TRUE
okaloosa-waltoncfc.org,TRUE
onecpd.info,TRUE
onetonline.org,TRUE
onslowcountycfc.org,TRUE
opengovplatform.org,TRUE
orvcfc.org,TRUE
oup.org,TRUE
ownyourlimits.org,TRUE
pacificnwcfc.org,TRUE
pancanal.com,TRUE
pantex.com,TRUE
pbgc.org,TRUE
pcaobus.org,TRUE
peakcfc.com,TRUE
pepfar.net,TRUE
philadelphiafed.org,TRUE
phpartners.org,TRUE
plswebportal.org,TRUE
potomaccfc.org,TRUE
predict.org,TRUE
project-open-data.github.io,TRUE
psctool.us,TRUE
r3coastal.com,TRUE
radiosawa.com,TRUE
railroadersleep.org,TRUE
reagan.utexas.edu,TRUE
reaganfoundation.org,TRUE
realwarriors.net,TRUE
reirs.com,TRUE
rewardsforjustice.net,TRUE
rfa.org,TRUE
rferl.org,TRUE
riandsemacfc.org,TRUE
richmondfed.org,TRUE
rkb.us,TRUE
rmrs.nau.edu,TRUE
rockymountaincfc.org,TRUE
sanangelocfc.org,TRUE
senccfc.org,TRUE
sepa-lehighcfc.org,TRUE
sftool.ecomedes.com,TRUE
si.edu,TRUE
slaa.airprojects.org,TRUE
smithsonian.com,TRUE
smithsonian.org,TRUE
smithsonianchannel.com,TRUE
smithsonianeducation.org,TRUE
smithsonianjourneys.org,TRUE
smithsonianmag.com,TRUE
smithsonianscience.org,TRUE
smithsonianstore.com,TRUE
smokeybear.com,TRUE
smokymountaincfc.org,TRUE
socalcfc.org,TRUE
southwestfloridacfc.org,TRUE
spaceappschallenge.org,TRUE
stripes.com,TRUE
suicidepreventionlifeline.org,TRUE
suncoastcfc.org,TRUE
supportportal.com,TRUE
t2health.org,TRUE
teexwmdcampus.com,TRUE
thecommunityguide.org,TRUE
theshoalscfc.org,TRUE
tnregionalcfc.org,TRUE
todaysdocument.tumblr.com,TRUE
todaysmilitary.com,TRUE
trainex.org,TRUE
trumanlibrary.org,TRUE
tva.com,TRUE
tvaed.com,TRUE
tvars.com,TRUE
us-mission.ch,TRUE
usafa.edu,TRUE
usafservices.com,TRUE
usarmyjrotc.com,TRUE
usarmymars.org,TRUE
uscga.edu,TRUE
uscgalaska.com,TRUE
uscgaux.info,TRUE
uscgboating.org,TRUE
uscgnews.com,TRUE
uschs.org,TRUE
usda.mannlib.cornell.edu,TRUE
usdirectexpress.com,TRUE
usembassy-china.org.cn,TRUE
usma.edu,TRUE
usmc-mccs.org,TRUE
usmcu.edu,TRUE
usmma.edu,TRUE
usna.edu,TRUE
usps.com,TRUE
usresponserestoration.wordpress.com,TRUE
ustraveldocs.com,TRUE
usu.edu,TRUE
usuhs.edu,TRUE
vasc.org,TRUE
vcn.org,TRUE
veteranscrisisline.net,TRUE
veteranshealthlibrary.org,TRUE
voanews.com,TRUE
voatour.com,TRUE
war-on-pineapple.com,TRUE
waterqualitydata.us,TRUE
westernmacfc.org,TRUE
westernmarylandcfc.org,TRUE
westpoint.edu,TRUE
whitehousehistory.org,TRUE
wibeaches.us,TRUE
ycq2.org,TRUE
yes-abroad.org,TRUE
yesprograms.org,TRUE
midas.18f.us,TRUE
academyadmissions.com,TRUE
afneurope.net,TRUE
airforce.com,TRUE
airspacemag.com,TRUE
alaskacfc.org,TRUE
annualcreditreport.com,TRUE
armedforcessports.com,TRUE
atlanticcoastcfc.org,TRUE
auxpa.org,TRUE
badgerlandcfc.org,TRUE
benefeds.com,TRUE
cbacfc.org,TRUE
centralcaliforniacfc.org,TRUE
centralpacfc.org,TRUE
cf-cfc.org,TRUE
cfc-centralok.org,TRUE
cfcaaga.org,TRUE
cfccoastalga.org,TRUE
cfcforthood.org,TRUE
cfcgno.org,TRUE
cfcgreaternc.org,TRUE
givecfc.org,TRUE
wp.northernnewenglandcfc.org,TRUE
cfcmontereysantacruz.org,TRUE
cfcnexus.org,TRUE
dfwmetroplexcfc.org,TRUE
cfcnps.org,TRUE
cfcofcva.org,TRUE
cfcofgreatersocal.org,TRUE
cfcofthecsra.org,TRUE
cfcredrivervalley.org,TRUE
cfcsanantonio.org,TRUE
cfcsemi.org,TRUE
cfcshr.org,TRUE
cfcsnj.org,TRUE
cfctexasgulfcoast.org,TRUE
cfcvp.org,TRUE
cfe-dmha.org,TRUE
cga.edu,TRUE
chattanoogacfc.org,TRUE
chemcatbio.org,TRUE
chicagocfc.net,TRUE
cidi.org,TRUE
coastalbendareacfc.org,TRUE
cooperativepatentclassification.org,TRUE
cooperhewitt.org,TRUE
earthsystemcog.org,TRUE
enviroflash.info,TRUE
epaosc.org,TRUE
epcfc.org,TRUE
ertsupport.org,TRUE
ertvideo.org,TRUE
floridapanhandle-cfc.org,TRUE
farmcreditbank.com,TRUE
fbilibrary.fbiacademy.edu,TRUE
fhlb-pgh.com,TRUE
corp.fhlbatl.com,TRUE
fhlbboston.com,TRUE
fhlbc.com,TRUE
web.fhlbcin.com,TRUE
fhlbi.com,TRUE
fhlbny.com,TRUE
fhlbsea.com,TRUE
freefilefillableforms.com,TRUE
ftcampbellareacfc.org,TRUE
gatewaycfc.org,TRUE
cfc0921.org,TRUE
greatermscfc.org,TRUE
greaterwicfc.org,TRUE
greencountrycfc.org,TRUE
heartlandcfc.org,TRUE
heartofthemidlandscfc.org,TRUE
illowacfc.org,TRUE
insidevoa.com,TRUE
inwcfc.org,TRUE
johnsoncity-mountainhomecfc.org,TRUE
kb.cert.org,TRUE
lifeasamarine.com,TRUE
locationaffordability.info,TRUE
makersinspaces.org,TRUE
manufacturingusa.com,TRUE
marineforlife.org,TRUE
marinemarathon.com,TRUE
jobs.mdacareers.com,TRUE
metrodenvercfc.org,TRUE
miamivalleycfc.org,TRUE
palmettostatecfc.org,TRUE
myfuture.com,TRUE
mynextmove.org,TRUE
nagb.org,TRUE
nahyp.org,TRUE
nationalguard.com,TRUE
navy.com,TRUE
navyoutreach.org,TRUE
neabigread.org,TRUE
desertswcfc.org,TRUE
niamsp2b2.com,TRUE
nia-cms.nianet.org,TRUE
newcart.niapublications.org,TRUE
noradsanta.org,TRUE
norcalcfc.org,TRUE
northcoastcfc.org,TRUE
northernlightscfc.org,TRUE
nwguardian.com,TRUE
nyccfc.org,TRUE
onecpd.info,TRUE
onslowcountycfc.org,TRUE
orvcfc.org,TRUE
ownyourlimits.org,TRUE
peakcfc.com,TRUE
data.pepfar.net,TRUE
plswebportal.org,TRUE
potomaccfc.org,TRUE
radiosawa.com,TRUE
railroadersleep.org,TRUE
reagan.utexas.edu,TRUE
realwarriors.net,TRUE
reirs.com,TRUE
rmrs.nau.edu,TRUE
rockymountaincfc.org,TRUE
senccfc.org,TRUE
smithsonian.com,TRUE
smithsonianchannel.com,TRUE
smithsonianjourneys.org,TRUE
smithsonianmag.com,TRUE
smithsonianstore.com,TRUE
smokymountaincfc.org,TRUE
southwestfloridacfc.org,TRUE
suncoastcfc.org,TRUE
theshoalscfc.org,TRUE
usafservices.com,TRUE
usarmyjrotc.com,TRUE
usarmymars.org,TRUE
uscgalaska.com,TRUE
uscgaux.info,TRUE
uscgnews.com,TRUE
usdirectexpress.com,TRUE
guides.grc.usmcu.edu,TRUE
ustraveldocs.com,TRUE
veteranscrisisline.net,TRUE
veteranshealthlibrary.org,TRUE
war-on-pineapple.com,TRUE
westpoint.edu,TRUE
wibeaches.us,TRUE
ycq2.org,TRUE
yesprograms.org,TRUE