target_url,base_domain,branch,agency,agency_code,bureau,bureau_code,source_list_federal_domains,source_list_dap,source_list_pulse,source_manually_added
airuniversity.af.edu,af.edu,Executive,,,,,FALSE,TRUE,FALSE,FALSE
101arw.ang.af.mil,af.mil,Executive,,,,,FALSE,TRUE,FALSE,FALSE
102iw.ang.af.mil,af.mil,Executive,,,,,FALSE,TRUE,FALSE,FALSE
103aw.ang.af.mil,af.mil,Executive,,,,,FALSE,TRUE,FALSE,FALSE
104fw.ang.af.mil,af.mil,Executive,,,,,FALSE,TRUE,FALSE,FALSE
105aw.ang.af.mil,af.mil,Executive,,,,,FALSE,TRUE,FALSE,FALSE
106rqw.ang.af.mil,af.mil,Executive,,,,,FALSE,TRUE,FALSE,FALSE
107attackwing.ang.af.mil,af.mil,Executive,,,,,FALSE,TRUE,FALSE,FALSE
108thwing.ang.af.mil,af.mil,Executive,,,,,FALSE,TRUE,FALSE,FALSE
109aw.ang.af.mil,af.mil,Executive,,,,,FALSE,TRUE,FALSE,FALSE
10af.afrc.af.mil,af.mil,Executive,,,,,FALSE,TRUE,FALSE,FALSE
110wg.ang.af.mil,af.mil,Executive,,,,,FALSE,TRUE,FALSE,FALSE
111attackwing.ang.af.mil,af.mil,Executive,,,,,FALSE,TRUE,FALSE,FALSE
113wg.ang.af.mil,af.mil,Executive,,,,,FALSE,TRUE,FALSE,FALSE
114fw.ang.af.mil,af.mil,Executive,,,,,FALSE,TRUE,FALSE,FALSE
115fw.ang.af.mil,af.mil,Executive,,,,,FALSE,TRUE,FALSE,FALSE
116acw.ang.af.mil,af.mil,Executive,,,,,FALSE,TRUE,FALSE,FALSE
117arw.ang.af.mil,af.mil,Executive,,,,,FALSE,TRUE,FALSE,FALSE
118wg.ang.af.mil,af.mil,Executive,,,,,FALSE,TRUE,FALSE,FALSE
119wg.ang.af.mil,af.mil,Executive,,,,,FALSE,TRUE,FALSE,FALSE
120thairliftwing.ang.af.mil,af.mil,Executive,,,,,FALSE,TRUE,FALSE,FALSE
121arw.ang.af.mil,af.mil,Executive,,,,,FALSE,TRUE,FALSE,FALSE
122fw.ang.af.mil,af.mil,Executive,,,,,FALSE,TRUE,FALSE,FALSE
123aw.ang.af.mil,af.mil,Executive,,,,,FALSE,TRUE,FALSE,FALSE
124thfighterwing.ang.af.mil,af.mil,Executive,,,,,FALSE,TRUE,FALSE,FALSE
125fw.ang.af.mil,af.mil,Executive,,,,,FALSE,TRUE,FALSE,FALSE
126arw.ang.af.mil,af.mil,Executive,,,,,FALSE,TRUE,FALSE,FALSE
127wg.ang.af.mil,af.mil,Executive,,,,,FALSE,TRUE,FALSE,FALSE
128arw.ang.af.mil,af.mil,Executive,,,,,FALSE,TRUE,FALSE,FALSE
129rqw.ang.af.mil,af.mil,Executive,,,,,FALSE,TRUE,FALSE,FALSE
12af.acc.af.mil,af.mil,Executive,,,,,FALSE,TRUE,FALSE,FALSE
12ftw.af.mil,af.mil,Executive,,,,,FALSE,TRUE,FALSE,FALSE
130aw.ang.af.mil,af.mil,Executive,,,,,FALSE,TRUE,FALSE,FALSE
131bw.ang.af.mil,af.mil,Executive,,,,,FALSE,TRUE,FALSE,FALSE
132dwing.ang.af.mil,af.mil,Executive,,,,,FALSE,TRUE,FALSE,FALSE
133aw.ang.af.mil,af.mil,Executive,,,,,FALSE,TRUE,FALSE,FALSE
134arw.ang.af.mil,af.mil,Executive,,,,,FALSE,TRUE,FALSE,FALSE
136aw.ang.af.mil,af.mil,Executive,,,,,FALSE,TRUE,FALSE,FALSE
137sow.ang.af.mil,af.mil,Executive,,,,,FALSE,TRUE,FALSE,FALSE
138fw.ang.af.mil,af.mil,Executive,,,,,FALSE,TRUE,FALSE,FALSE
139aw.ang.af.mil,af.mil,Executive,,,,,FALSE,TRUE,FALSE,FALSE
140wg.ang.af.mil,af.mil,Executive,,,,,FALSE,TRUE,FALSE,FALSE
141arw.ang.af.mil,af.mil,Executive,,,,,FALSE,TRUE,FALSE,FALSE
142wg.ang.af.mil,af.mil,Executive,,,,,FALSE,TRUE,FALSE,FALSE
143aw.ang.af.mil,af.mil,Executive,,,,,FALSE,TRUE,FALSE,FALSE
144fw.ang.af.mil,af.mil,Executive,,,,,FALSE,TRUE,FALSE,FALSE
145aw.ang.af.mil,af.mil,Executive,,,,,FALSE,TRUE,FALSE,FALSE
146aw.ang.af.mil,af.mil,Executive,,,,,FALSE,TRUE,FALSE,FALSE
147atkw.ang.af.mil,af.mil,Executive,,,,,FALSE,TRUE,FALSE,FALSE
148fw.ang.af.mil,af.mil,Executive,,,,,FALSE,TRUE,FALSE,FALSE
149fw.ang.af.mil,af.mil,Executive,,,,,FALSE,TRUE,FALSE,FALSE
150sow.ang.af.mil,af.mil,Executive,,,,,FALSE,TRUE,FALSE,FALSE
151arw.ang.af.mil,af.mil,Executive,,,,,FALSE,TRUE,FALSE,FALSE
152aw.ang.af.mil,af.mil,Executive,,,,,FALSE,TRUE,FALSE,FALSE
153aw.ang.af.mil,af.mil,Executive,,,,,FALSE,TRUE,FALSE,FALSE
154wg.ang.af.mil,af.mil,Executive,,,,,FALSE,TRUE,FALSE,FALSE
155arw.ang.af.mil,af.mil,Executive,,,,,FALSE,TRUE,FALSE,FALSE
156wg.ang.af.mil,af.mil,Executive,,,,,FALSE,TRUE,FALSE,FALSE
157arw.ang.af.mil,af.mil,Executive,,,,,FALSE,TRUE,FALSE,FALSE
158fw.ang.af.mil,af.mil,Executive,,,,,FALSE,TRUE,FALSE,FALSE
159fw.ang.af.mil,af.mil,Executive,,,,,FALSE,TRUE,FALSE,FALSE
15af.acc.af.mil,af.mil,Executive,,,,,FALSE,TRUE,FALSE,FALSE
15wing.af.mil,af.mil,Executive,,,,,FALSE,TRUE,FALSE,FALSE
161arw.ang.af.mil,af.mil,Executive,,,,,FALSE,TRUE,FALSE,FALSE
162wing.ang.af.mil,af.mil,Executive,,,,,FALSE,TRUE,FALSE,FALSE
163atkw.ang.af.mil,af.mil,Executive,,,,,FALSE,TRUE,FALSE,FALSE
164aw.ang.af.mil,af.mil,Executive,,,,,FALSE,TRUE,FALSE,FALSE
165aw.ang.af.mil,af.mil,Executive,,,,,FALSE,TRUE,FALSE,FALSE
166aw.ang.af.mil,af.mil,Executive,,,,,FALSE,TRUE,FALSE,FALSE
167aw.ang.af.mil,af.mil,Executive,,,,,FALSE,TRUE,FALSE,FALSE
168wg.ang.af.mil,af.mil,Executive,,,,,FALSE,TRUE,FALSE,FALSE
169fw.ang.af.mil,af.mil,Executive,,,,,FALSE,TRUE,FALSE,FALSE
16af.af.mil,af.mil,Executive,,,,,FALSE,TRUE,FALSE,FALSE
171arw.ang.af.mil,af.mil,Executive,,,,,FALSE,TRUE,FALSE,FALSE
172aw.ang.af.mil,af.mil,Executive,,,,,FALSE,TRUE,FALSE,FALSE
173fw.ang.af.mil,af.mil,Executive,,,,,FALSE,TRUE,FALSE,FALSE
174attackwing.ang.af.mil,af.mil,Executive,,,,,FALSE,TRUE,FALSE,FALSE
175wg.ang.af.mil,af.mil,Executive,,,,,FALSE,TRUE,FALSE,FALSE
176wg.ang.af.mil,af.mil,Executive,,,,,FALSE,TRUE,FALSE,FALSE
177fw.ang.af.mil,af.mil,Executive,,,,,FALSE,TRUE,FALSE,FALSE
178wing.ang.af.mil,af.mil,Executive,,,,,FALSE,TRUE,FALSE,FALSE
179aw.ang.af.mil,af.mil,Executive,,,,,FALSE,TRUE,FALSE,FALSE
180fw.ang.af.mil,af.mil,Executive,,,,,FALSE,TRUE,FALSE,FALSE
181iw.ang.af.mil,af.mil,Executive,,,,,FALSE,TRUE,FALSE,FALSE
182aw.ang.af.mil,af.mil,Executive,,,,,FALSE,TRUE,FALSE,FALSE
183wg.ang.af.mil,af.mil,Executive,,,,,FALSE,TRUE,FALSE,FALSE
184iw.ang.af.mil,af.mil,Executive,,,,,FALSE,TRUE,FALSE,FALSE
185arw.ang.af.mil,af.mil,Executive,,,,,FALSE,TRUE,FALSE,FALSE
186arw.ang.af.mil,af.mil,Executive,,,,,FALSE,TRUE,FALSE,FALSE
187fw.ang.af.mil,af.mil,Executive,,,,,FALSE,TRUE,FALSE,FALSE
188wg.ang.af.mil,af.mil,Executive,,,,,FALSE,TRUE,FALSE,FALSE
189aw.ang.af.mil,af.mil,Executive,,,,,FALSE,TRUE,FALSE,FALSE
18af.amc.af.mil,af.mil,Executive,,,,,FALSE,TRUE,FALSE,FALSE
190arw.ang.af.mil,af.mil,Executive,,,,,FALSE,TRUE,FALSE,FALSE
192wg.ang.af.mil,af.mil,Executive,,,,,FALSE,TRUE,FALSE,FALSE
193sow.ang.af.mil,af.mil,Executive,,,,,FALSE,TRUE,FALSE,FALSE
194wg.ang.af.mil,af.mil,Executive,,,,,FALSE,TRUE,FALSE,FALSE
195wg.ang.af.mil,af.mil,Executive,,,,,FALSE,TRUE,FALSE,FALSE
1af.acc.af.mil,af.mil,Executive,,,,,FALSE,TRUE,FALSE,FALSE
20af.af.mil,af.mil,Executive,,,,,FALSE,TRUE,FALSE,FALSE
22af.afrc.af.mil,af.mil,Executive,,,,,FALSE,TRUE,FALSE,FALSE
2af.aetc.af.mil,af.mil,Executive,,,,,FALSE,TRUE,FALSE,FALSE
301fw.afrc.af.mil,af.mil,Executive,,,,,FALSE,TRUE,FALSE,FALSE
302aw.afrc.af.mil,af.mil,Executive,,,,,FALSE,TRUE,FALSE,FALSE
307bw.afrc.af.mil,af.mil,Executive,,,,,FALSE,TRUE,FALSE,FALSE
310sw.afrc.af.mil,af.mil,Executive,,,,,FALSE,TRUE,FALSE,FALSE
315aw.afrc.af.mil,af.mil,Executive,,,,,FALSE,TRUE,FALSE,FALSE
33fw.af.mil,af.mil,Executive,,,,,FALSE,TRUE,FALSE,FALSE
340ftg.afrc.af.mil,af.mil,Executive,,,,,FALSE,TRUE,FALSE,FALSE
349amw.afrc.af.mil,af.mil,Executive,,,,,FALSE,TRUE,FALSE,FALSE
352sow.af.mil,af.mil,Executive,,,,,FALSE,TRUE,FALSE,FALSE
353sow.af.mil,af.mil,Executive,,,,,FALSE,TRUE,FALSE,FALSE
37trw.af.mil,af.mil,Executive,,,,,FALSE,TRUE,FALSE,FALSE
388fw.acc.af.mil,af.mil,Executive,,,,,FALSE,TRUE,FALSE,FALSE
403wg.afrc.af.mil,af.mil,Executive,,,,,FALSE,TRUE,FALSE,FALSE
413ftg.afrc.af.mil,af.mil,Executive,,,,,FALSE,TRUE,FALSE,FALSE
419fw.afrc.af.mil,af.mil,Executive,,,,,FALSE,TRUE,FALSE,FALSE
433aw.afrc.af.mil,af.mil,Executive,,,,,FALSE,TRUE,FALSE,FALSE
442fw.afrc.af.mil,af.mil,Executive,,,,,FALSE,TRUE,FALSE,FALSE
445aw.afrc.af.mil,af.mil,Executive,,,,,FALSE,TRUE,FALSE,FALSE
446aw.afrc.af.mil,af.mil,Executive,,,,,FALSE,TRUE,FALSE,FALSE
459arw.afrc.af.mil,af.mil,Executive,,,,,FALSE,TRUE,FALSE,FALSE
477fg.afrc.af.mil,af.mil,Executive,,,,,FALSE,TRUE,FALSE,FALSE
492sow.af.mil,af.mil,Executive,,,,,FALSE,TRUE,FALSE,FALSE
4af.afrc.af.mil,af.mil,Executive,,,,,FALSE,TRUE,FALSE,FALSE
501csw.usafe.af.mil,af.mil,Executive,,,,,FALSE,TRUE,FALSE,FALSE
505ccw.acc.af.mil,af.mil,Executive,,,,,FALSE,TRUE,FALSE,FALSE
507arw.afrc.af.mil,af.mil,Executive,,,,,FALSE,TRUE,FALSE,FALSE
512aw.afrc.af.mil,af.mil,Executive,,,,,FALSE,TRUE,FALSE,FALSE
514amw.afrc.af.mil,af.mil,Executive,,,,,FALSE,TRUE,FALSE,FALSE
521amow.af.mil,af.mil,Executive,,,,,FALSE,TRUE,FALSE,FALSE
53rdwing.af.mil,af.mil,Executive,,,,,FALSE,TRUE,FALSE,FALSE
552acw.acc.af.mil,af.mil,Executive,,,,,FALSE,TRUE,FALSE,FALSE
557weatherwing.af.mil,af.mil,Executive,,,,,FALSE,TRUE,FALSE,FALSE
59mdw.af.mil,af.mil,Executive,,,,,FALSE,TRUE,FALSE,FALSE
5af.pacaf.af.mil,af.mil,Executive,,,,,FALSE,TRUE,FALSE,FALSE
618tacc.amc.af.mil,af.mil,Executive,,,,,FALSE,TRUE,FALSE,FALSE
624rsg.afrc.af.mil,af.mil,Executive,,,,,FALSE,TRUE,FALSE,FALSE
7af.pacaf.af.mil,af.mil,Executive,,,,,FALSE,TRUE,FALSE,FALSE
8af.af.mil,af.mil,Executive,,,,,FALSE,TRUE,FALSE,FALSE
908aw.afrc.af.mil,af.mil,Executive,,,,,FALSE,TRUE,FALSE,FALSE
913ag.afrc.af.mil,af.mil,Executive,,,,,FALSE,TRUE,FALSE,FALSE
916arw.afrc.af.mil,af.mil,Executive,,,,,FALSE,TRUE,FALSE,FALSE
919sow.afrc.af.mil,af.mil,Executive,,,,,FALSE,TRUE,FALSE,FALSE
920rqw.afrc.af.mil,af.mil,Executive,,,,,FALSE,TRUE,FALSE,FALSE
926wing.afrc.af.mil,af.mil,Executive,,,,,FALSE,TRUE,FALSE,FALSE
927arw.afrc.af.mil,af.mil,Executive,,,,,FALSE,TRUE,FALSE,FALSE
931arw.afrc.af.mil,af.mil,Executive,,,,,FALSE,TRUE,FALSE,FALSE
932aw.afrc.af.mil,af.mil,Executive,,,,,FALSE,TRUE,FALSE,FALSE
940arw.afrc.af.mil,af.mil,Executive,,,,,FALSE,TRUE,FALSE,FALSE
944fw.afrc.af.mil,af.mil,Executive,,,,,FALSE,TRUE,FALSE,FALSE
960cyber.afrc.af.mil,af.mil,Executive,,,,,FALSE,TRUE,FALSE,FALSE
aatc.ang.af.mil,af.mil,Executive,,,,,FALSE,TRUE,FALSE,FALSE
acc.af.mil,af.mil,Executive,,,,,FALSE,TRUE,FALSE,FALSE
adr.af.mil,af.mil,Executive,,,,,FALSE,TRUE,FALSE,FALSE
aetc.af.mil,af.mil,Executive,,,,,FALSE,TRUE,FALSE,FALSE
af.mil,af.mil,Executive,,,,,FALSE,TRUE,FALSE,FALSE
afaa.af.mil,af.mil,Executive,,,,,FALSE,TRUE,FALSE,FALSE
afams.af.mil,af.mil,Executive,,,,,FALSE,TRUE,FALSE,FALSE
afcec.af.mil,af.mil,Executive,,,,,FALSE,TRUE,FALSE,FALSE
afcent.af.mil,af.mil,Executive,,,,,FALSE,TRUE,FALSE,FALSE
afdw.af.mil,af.mil,Executive,,,,,FALSE,TRUE,FALSE,FALSE
afgsc.af.mil,af.mil,Executive,,,,,FALSE,TRUE,FALSE,FALSE
afhistory.af.mil,af.mil,Executive,,,,,FALSE,TRUE,FALSE,FALSE
afhistoryandmuseums.af.mil,af.mil,Executive,,,,,FALSE,TRUE,FALSE,FALSE
afhra.af.mil,af.mil,Executive,,,,,FALSE,TRUE,FALSE,FALSE
afimsc.af.mil,af.mil,Executive,,,,,FALSE,TRUE,FALSE,FALSE
afinspectorgeneral.af.mil,af.mil,Executive,,,,,FALSE,TRUE,FALSE,FALSE
afjag.af.mil,af.mil,Executive,,,,,FALSE,TRUE,FALSE,FALSE
aflcmc.af.mil,af.mil,Executive,,,,,FALSE,TRUE,FALSE,FALSE
afmaa.af.mil,af.mil,Executive,,,,,FALSE,TRUE,FALSE,FALSE
afmc.af.mil,af.mil,Executive,,,,,FALSE,TRUE,FALSE,FALSE
afnwc.af.mil,af.mil,Executive,,,,,FALSE,TRUE,FALSE,FALSE
afotec.af.mil,af.mil,Executive,,,,,FALSE,TRUE,FALSE,FALSE
afoutreach.af.mil,af.mil,Executive,,,,,FALSE,TRUE,FALSE,FALSE
afpc.af.mil,af.mil,Executive,,,,,FALSE,TRUE,FALSE,FALSE
afrc.af.mil,af.mil,Executive,,,,,FALSE,TRUE,FALSE,FALSE
afrl.af.mil,af.mil,Executive,,,,,FALSE,TRUE,FALSE,FALSE
afsbirsttr.af.mil,af.mil,Executive,,,,,FALSE,TRUE,FALSE,FALSE
afsc.af.mil,af.mil,Executive,,,,,FALSE,TRUE,FALSE,FALSE
afsfc.af.mil,af.mil,Executive,,,,,FALSE,TRUE,FALSE,FALSE
afsig.af.mil,af.mil,Executive,,,,,FALSE,TRUE,FALSE,FALSE
afsoc.af.mil,af.mil,Executive,,,,,FALSE,TRUE,FALSE,FALSE
afspc.af.mil,af.mil,Executive,,,,,FALSE,TRUE,FALSE,FALSE
aft3.af.mil,af.mil,Executive,,,,,FALSE,TRUE,FALSE,FALSE
aftc.af.mil,af.mil,Executive,,,,,FALSE,TRUE,FALSE,FALSE
afwerx.af.mil,af.mil,Executive,,,,,FALSE,TRUE,FALSE,FALSE
aiaccelerator.af.mil,af.mil,Executive,,,,,FALSE,TRUE,FALSE,FALSE
airforcebes.af.mil,af.mil,Executive,,,,,FALSE,TRUE,FALSE,FALSE
airforcehollywood.af.mil,af.mil,Executive,,,,,FALSE,TRUE,FALSE,FALSE
airforcemedicine.af.mil,af.mil,Executive,,,,,FALSE,TRUE,FALSE,FALSE
airforcesmallbiz.af.mil,af.mil,Executive,,,,,FALSE,TRUE,FALSE,FALSE
airforcespecialtactics.af.mil,af.mil,Executive,,,,,FALSE,TRUE,FALSE,FALSE
airman.af.mil,af.mil,Executive,,,,,FALSE,TRUE,FALSE,FALSE
airmanmagazine.af.mil,af.mil,Executive,,,,,FALSE,TRUE,FALSE,FALSE
alpenacrtc.ang.af.mil,af.mil,Executive,,,,,FALSE,TRUE,FALSE,FALSE
altus.af.mil,af.mil,Executive,,,,,FALSE,TRUE,FALSE,FALSE
amc.af.mil,af.mil,Executive,,,,,FALSE,TRUE,FALSE,FALSE
andersen.af.mil,af.mil,Executive,,,,,FALSE,TRUE,FALSE,FALSE
ang.af.mil,af.mil,Executive,,,,,FALSE,TRUE,FALSE,FALSE
angtec.ang.af.mil,af.mil,Executive,,,,,FALSE,TRUE,FALSE,FALSE
arnold.af.mil,af.mil,Executive,,,,,FALSE,TRUE,FALSE,FALSE
arpc.afrc.af.mil,af.mil,Executive,,,,,FALSE,TRUE,FALSE,FALSE
aviano.af.mil,af.mil,Executive,,,,,FALSE,TRUE,FALSE,FALSE
barksdale.af.mil,af.mil,Executive,,,,,FALSE,TRUE,FALSE,FALSE
basictraining.af.mil,af.mil,Executive,,,,,FALSE,TRUE,FALSE,FALSE
beale.af.mil,af.mil,Executive,,,,,FALSE,TRUE,FALSE,FALSE
beready.af.mil,af.mil,Executive,,,,,FALSE,TRUE,FALSE,FALSE
bmtflightphotos.af.mil,af.mil,Executive,,,,,FALSE,TRUE,FALSE,FALSE
cannon.af.mil,af.mil,Executive,,,,,FALSE,TRUE,FALSE,FALSE
cemm.af.mil,af.mil,Executive,,,,,FALSE,TRUE,FALSE,FALSE
columbus.af.mil,af.mil,Executive,,,,,FALSE,TRUE,FALSE,FALSE
compliance.af.mil,af.mil,Executive,,,,,FALSE,TRUE,FALSE,FALSE
creech.af.mil,af.mil,Executive,,,,,FALSE,TRUE,FALSE,FALSE
cyberspacecapabilitiescenter.af.mil,af.mil,Executive,,,,,FALSE,TRUE,FALSE,FALSE
data.af.mil,af.mil,Executive,,,,,FALSE,TRUE,FALSE,FALSE
dm.af.mil,af.mil,Executive,,,,,FALSE,TRUE,FALSE,FALSE
dobbins.afrc.af.mil,af.mil,Executive,,,,,FALSE,TRUE,FALSE,FALSE
doctrine.af.mil,af.mil,Executive,,,,,FALSE,TRUE,FALSE,FALSE
dover.af.mil,af.mil,Executive,,,,,FALSE,TRUE,FALSE,FALSE
dyess.af.mil,af.mil,Executive,,,,,FALSE,TRUE,FALSE,FALSE
e-publishing.af.mil,af.mil,Executive,,,,,FALSE,TRUE,FALSE,FALSE
eads.ang.af.mil,af.mil,Executive,,,,,FALSE,TRUE,FALSE,FALSE
edwards.af.mil,af.mil,Executive,,,,,FALSE,TRUE,FALSE,FALSE
eglin.af.mil,af.mil,Executive,,,,,FALSE,TRUE,FALSE,FALSE
eielson.af.mil,af.mil,Executive,,,,,FALSE,TRUE,FALSE,FALSE
ellsworth.af.mil,af.mil,Executive,,,,,FALSE,TRUE,FALSE,FALSE
expeditionarycenter.af.mil,af.mil,Executive,,,,,FALSE,TRUE,FALSE,FALSE
fairchild.af.mil,af.mil,Executive,,,,,FALSE,TRUE,FALSE,FALSE
futures.af.mil,af.mil,Executive,,,,,FALSE,TRUE,FALSE,FALSE
goodfellow.af.mil,af.mil,Executive,,,,,FALSE,TRUE,FALSE,FALSE
gosere.af.mil,af.mil,Executive,,,,,FALSE,TRUE,FALSE,FALSE
grandforks.af.mil,af.mil,Executive,,,,,FALSE,TRUE,FALSE,FALSE
grissom.afrc.af.mil,af.mil,Executive,,,,,FALSE,TRUE,FALSE,FALSE
gulfportcrtc.ang.af.mil,af.mil,Executive,,,,,FALSE,TRUE,FALSE,FALSE
hanscom.af.mil,af.mil,Executive,,,,,FALSE,TRUE,FALSE,FALSE
hill.af.mil,af.mil,Executive,,,,,FALSE,TRUE,FALSE,FALSE
holloman.af.mil,af.mil,Executive,,,,,FALSE,TRUE,FALSE,FALSE
homestead.afrc.af.mil,af.mil,Executive,,,,,FALSE,TRUE,FALSE,FALSE
honorguard.af.mil,af.mil,Executive,,,,,FALSE,TRUE,FALSE,FALSE
housing.af.mil,af.mil,Executive,,,,,FALSE,TRUE,FALSE,FALSE
hqrio.afrc.af.mil,af.mil,Executive,,,,,FALSE,TRUE,FALSE,FALSE
hurlburt.af.mil,af.mil,Executive,,,,,FALSE,TRUE,FALSE,FALSE
incirlik.af.mil,af.mil,Executive,,,,,FALSE,TRUE,FALSE,FALSE
jagreporter.af.mil,af.mil,Executive,,,,,FALSE,TRUE,FALSE,FALSE
jba.af.mil,af.mil,Executive,,,,,FALSE,TRUE,FALSE,FALSE
jble.af.mil,af.mil,Executive,,,,,FALSE,TRUE,FALSE,FALSE
kadena.af.mil,af.mil,Executive,,,,,FALSE,TRUE,FALSE,FALSE
keesler.af.mil,af.mil,Executive,,,,,FALSE,TRUE,FALSE,FALSE
kirtland.af.mil,af.mil,Executive,,,,,FALSE,TRUE,FALSE,FALSE
kunsan.af.mil,af.mil,Executive,,,,,FALSE,TRUE,FALSE,FALSE
lakenheath.af.mil,af.mil,Executive,,,,,FALSE,TRUE,FALSE,FALSE
laughlin.af.mil,af.mil,Executive,,,,,FALSE,TRUE,FALSE,FALSE
learningprofessionals.af.mil,af.mil,Executive,,,,,FALSE,TRUE,FALSE,FALSE
littlerock.af.mil,af.mil,Executive,,,,,FALSE,TRUE,FALSE,FALSE
luke.af.mil,af.mil,Executive,,,,,FALSE,TRUE,FALSE,FALSE
macdill.af.mil,af.mil,Executive,,,,,FALSE,TRUE,FALSE,FALSE
malmstrom.af.mil,af.mil,Executive,,,,,FALSE,TRUE,FALSE,FALSE
march.afrc.af.mil,af.mil,Executive,,,,,FALSE,TRUE,FALSE,FALSE
mars.af.mil,af.mil,Executive,,,,,FALSE,TRUE,FALSE,FALSE
maxwell.af.mil,af.mil,Executive,,,,,FALSE,TRUE,FALSE,FALSE
mcchord.af.mil,af.mil,Executive,,,,,FALSE,TRUE,FALSE,FALSE
mcconnell.af.mil,af.mil,Executive,,,,,FALSE,TRUE,FALSE,FALSE
mildenhall.af.mil,af.mil,Executive,,,,,FALSE,TRUE,FALSE,FALSE
minneapolis.afrc.af.mil,af.mil,Executive,,,,,FALSE,TRUE,FALSE,FALSE
minot.af.mil,af.mil,Executive,,,,,FALSE,TRUE,FALSE,FALSE
misawa.af.mil,af.mil,Executive,,,,,FALSE,TRUE,FALSE,FALSE
modsim.af.mil,af.mil,Executive,,,,,FALSE,TRUE,FALSE,FALSE
moody.af.mil,af.mil,Executive,,,,,FALSE,TRUE,FALSE,FALSE
mortuary.af.mil,af.mil,Executive,,,,,FALSE,TRUE,FALSE,FALSE
mountainhome.af.mil,af.mil,Executive,,,,,FALSE,TRUE,FALSE,FALSE
music.af.mil,af.mil,Executive,,,,,FALSE,TRUE,FALSE,FALSE
nasic.af.mil,af.mil,Executive,,,,,FALSE,TRUE,FALSE,FALSE
nationalmuseum.af.mil,af.mil,Executive,,,,,FALSE,TRUE,FALSE,FALSE
nellis.af.mil,af.mil,Executive,,,,,FALSE,TRUE,FALSE,FALSE
netcents.af.mil,af.mil,Executive,,,,,FALSE,TRUE,FALSE,FALSE
niagara.afrc.af.mil,af.mil,Executive,,,,,FALSE,TRUE,FALSE,FALSE
njang.ang.af.mil,af.mil,Executive,,,,,FALSE,TRUE,FALSE,FALSE
offutt.af.mil,af.mil,Executive,,,,,FALSE,TRUE,FALSE,FALSE
osan.af.mil,af.mil,Executive,,,,,FALSE,TRUE,FALSE,FALSE
osi.af.mil,af.mil,Executive,,,,,FALSE,TRUE,FALSE,FALSE
pacaf.af.mil,af.mil,Executive,,,,,FALSE,TRUE,FALSE,FALSE
pittsburgh.afrc.af.mil,af.mil,Executive,,,,,FALSE,TRUE,FALSE,FALSE
pope.af.mil,af.mil,Executive,,,,,FALSE,TRUE,FALSE,FALSE
privacy.af.mil,af.mil,Executive,,,,,FALSE,TRUE,FALSE,FALSE
publicaffairs.af.mil,af.mil,Executive,,,,,FALSE,TRUE,FALSE,FALSE
ramstein.af.mil,af.mil,Executive,,,,,FALSE,TRUE,FALSE,FALSE
recruiting.af.mil,af.mil,Executive,,,,,FALSE,TRUE,FALSE,FALSE
resilience.af.mil,af.mil,Executive,,,,,FALSE,TRUE,FALSE,FALSE
retirees.af.mil,af.mil,Executive,,,,,FALSE,TRUE,FALSE,FALSE
robins.af.mil,af.mil,Executive,,,,,FALSE,TRUE,FALSE,FALSE
safcn.af.mil,af.mil,Executive,,,,,FALSE,TRUE,FALSE,FALSE
safety.af.mil,af.mil,Executive,,,,,FALSE,TRUE,FALSE,FALSE
saffm.hq.af.mil,af.mil,Executive,,,,,FALSE,TRUE,FALSE,FALSE
safgc.hq.af.mil,af.mil,Executive,,,,,FALSE,TRUE,FALSE,FALSE
safia.hq.af.mil,af.mil,Executive,,,,,FALSE,TRUE,FALSE,FALSE
safie.hq.af.mil,af.mil,Executive,,,,,FALSE,TRUE,FALSE,FALSE
safsq.hq.af.mil,af.mil,Executive,,,,,FALSE,TRUE,FALSE,FALSE
scientificadvisoryboard.af.mil,af.mil,Executive,,,,,FALSE,TRUE,FALSE,FALSE
scott.af.mil,af.mil,Executive,,,,,FALSE,TRUE,FALSE,FALSE
search.af.mil,af.mil,Executive,,,,,FALSE,TRUE,FALSE,FALSE
secretsdeclassified.af.mil,af.mil,Executive,,,,,FALSE,TRUE,FALSE,FALSE
seymourjohnson.af.mil,af.mil,Executive,,,,,FALSE,TRUE,FALSE,FALSE
shaw.af.mil,af.mil,Executive,,,,,FALSE,TRUE,FALSE,FALSE
sheppard.af.mil,af.mil,Executive,,,,,FALSE,TRUE,FALSE,FALSE
spangdahlem.af.mil,af.mil,Executive,,,,,FALSE,TRUE,FALSE,FALSE
specialwarfaretw.af.mil,af.mil,Executive,,,,,FALSE,TRUE,FALSE,FALSE
studyguides.af.mil,af.mil,Executive,,,,,FALSE,TRUE,FALSE,FALSE
tesseract.af.mil,af.mil,Executive,,,,,FALSE,TRUE,FALSE,FALSE
tinker.af.mil,af.mil,Executive,,,,,FALSE,TRUE,FALSE,FALSE
torch.aetc.af.mil,af.mil,Executive,,,,,FALSE,TRUE,FALSE,FALSE
trademark.af.mil,af.mil,Executive,,,,,FALSE,TRUE,FALSE,FALSE
travis.af.mil,af.mil,Executive,,,,,FALSE,TRUE,FALSE,FALSE
tyndall.af.mil,af.mil,Executive,,,,,FALSE,TRUE,FALSE,FALSE
usafa.af.mil,af.mil,Executive,,,,,FALSE,TRUE,FALSE,FALSE
usafe.af.mil,af.mil,Executive,,,,,FALSE,TRUE,FALSE,FALSE
vance.af.mil,af.mil,Executive,,,,,FALSE,TRUE,FALSE,FALSE
veterans-in-blue.af.mil,af.mil,Executive,,,,,FALSE,TRUE,FALSE,FALSE
volkfield.ang.af.mil,af.mil,Executive,,,,,FALSE,TRUE,FALSE,FALSE
wads.ang.af.mil,af.mil,Executive,,,,,FALSE,TRUE,FALSE,FALSE
warren.af.mil,af.mil,Executive,,,,,FALSE,TRUE,FALSE,FALSE
wavelength.af.mil,af.mil,Executive,,,,,FALSE,TRUE,FALSE,FALSE
westover.afrc.af.mil,af.mil,Executive,,,,,FALSE,TRUE,FALSE,FALSE
whiteman.af.mil,af.mil,Executive,,,,,FALSE,TRUE,FALSE,FALSE
woundedwarrior.af.mil,af.mil,Executive,,,,,FALSE,TRUE,FALSE,FALSE
wpafb.af.mil,af.mil,Executive,,,,,FALSE,TRUE,FALSE,FALSE
ww3.safaq.hq.af.mil,af.mil,Executive,,,,,FALSE,TRUE,FALSE,FALSE
yokota.af.mil,af.mil,Executive,,,,,FALSE,TRUE,FALSE,FALSE
youngstown.afrc.af.mil,af.mil,Executive,,,,,FALSE,TRUE,FALSE,FALSE
msc.navy.afpims.mil,afpims.mil,Executive,,,,,FALSE,TRUE,FALSE,FALSE
mynavyhr.navy.afpims.mil,afpims.mil,Executive,,,,,FALSE,TRUE,FALSE,FALSE
safety.navy.afpims.mil,afpims.mil,Executive,,,,,FALSE,TRUE,FALSE,FALSE
aflink.usaf.afpimsstaging.mil,afpimsstaging.mil,Executive,,,,,FALSE,TRUE,FALSE,FALSE
music.usaf.afpimsstaging.mil,afpimsstaging.mil,Executive,,,,,FALSE,TRUE,FALSE,FALSE
ai.mil,ai.mil,Executive,,,,,FALSE,TRUE,FALSE,FALSE
airdomainintelligence.mil,airdomainintelligence.mil,Executive,,,,,FALSE,TRUE,FALSE,FALSE
alsa.mil,alsa.mil,Executive,,,,,FALSE,TRUE,FALSE,FALSE
arlingtoncemetery.mil,arlingtoncemetery.mil,Executive,,,,,FALSE,TRUE,FALSE,FALSE
education.arlingtoncemetery.mil,arlingtoncemetery.mil,Executive,,,,,FALSE,TRUE,FALSE,FALSE
10thaamdc.army.mil,army.mil,Executive,,,,,FALSE,TRUE,FALSE,FALSE
11thairbornedivision.army.mil,army.mil,Executive,,,,,FALSE,TRUE,FALSE,FALSE
12cab.army.mil,army.mil,Executive,,,,,FALSE,TRUE,FALSE,FALSE
19bcd.army.mil,army.mil,Executive,,,,,FALSE,TRUE,FALSE,FALSE
1tsc.army.mil,army.mil,Executive,,,,,FALSE,TRUE,FALSE,FALSE
20cbrne.army.mil,army.mil,Executive,,,,,FALSE,TRUE,FALSE,FALSE
21tsc.army.mil,army.mil,Executive,,,,,FALSE,TRUE,FALSE,FALSE
2cr.army.mil,army.mil,Executive,,,,,FALSE,TRUE,FALSE,FALSE
2id.korea.army.mil,army.mil,Executive,,,,,FALSE,TRUE,FALSE,FALSE
2sigbde.army.mil,army.mil,Executive,,,,,FALSE,TRUE,FALSE,FALSE
409csb.army.mil,army.mil,Executive,,,,,FALSE,TRUE,FALSE,FALSE
41fab.army.mil,army.mil,Executive,,,,,FALSE,TRUE,FALSE,FALSE
55comcam.army.mil,army.mil,Executive,,,,,FALSE,TRUE,FALSE,FALSE
7atc.army.mil,army.mil,Executive,,,,,FALSE,TRUE,FALSE,FALSE
achh.army.mil,army.mil,Executive,,,,,FALSE,TRUE,FALSE,FALSE
acpol.army.mil,army.mil,Executive,,,,,FALSE,TRUE,FALSE,FALSE
aepubs.eur.army.mil,army.mil,Executive,,,,,FALSE,TRUE,FALSE,FALSE
afod.eur.army.mil,army.mil,Executive,,,,,FALSE,TRUE,FALSE,FALSE
afsbeurope.army.mil,army.mil,Executive,,,,,FALSE,TRUE,FALSE,FALSE
agc.army.mil,army.mil,Executive,,,,,FALSE,TRUE,FALSE,FALSE
ahrpo.amedd.army.mil,army.mil,Executive,,,,,FALSE,TRUE,FALSE,FALSE
amc.army.mil,army.mil,Executive,,,,,FALSE,TRUE,FALSE,FALSE
amlc.army.mil,army.mil,Executive,,,,,FALSE,TRUE,FALSE,FALSE
ancadmin.army.mil,army.mil,Executive,,,,,FALSE,TRUE,FALSE,FALSE
ancadminstg.army.mil,army.mil,Executive,,,,,FALSE,TRUE,FALSE,FALSE
ancpublicstg.army.mil,army.mil,Executive,,,,,FALSE,TRUE,FALSE,FALSE
arcp.army.mil,army.mil,Executive,,,,,FALSE,TRUE,FALSE,FALSE
arcyber.army.mil,army.mil,Executive,,,,,FALSE,TRUE,FALSE,FALSE
armycemeteries.army.mil,army.mil,Executive,,,,,FALSE,TRUE,FALSE,FALSE
armyhealthfacilities.amedd.army.mil,army.mil,Executive,,,,,FALSE,TRUE,FALSE,FALSE
armypubs-test.army.mil,army.mil,Executive,,,,,FALSE,TRUE,FALSE,FALSE
armypubs.army.mil,army.mil,Executive,,,,,FALSE,TRUE,FALSE,FALSE
armyupress.army.mil,army.mil,Executive,,,,,FALSE,TRUE,FALSE,FALSE
arnorth.army.mil,army.mil,Executive,,,,,FALSE,TRUE,FALSE,FALSE
arsouth.army.mil,army.mil,Executive,,,,,FALSE,TRUE,FALSE,FALSE
asafm.army.mil,army.mil,Executive,,,,,FALSE,TRUE,FALSE,FALSE
asb.army.mil,army.mil,Executive,,,,,FALSE,TRUE,FALSE,FALSE
aschq.army.mil,army.mil,Executive,,,,,FALSE,TRUE,FALSE,FALSE
avmc.army.mil,army.mil,Executive,,,,,FALSE,TRUE,FALSE,FALSE
awg.army.mil,army.mil,Executive,,,,,FALSE,TRUE,FALSE,FALSE
band.eur.army.mil,army.mil,Executive,,,,,FALSE,TRUE,FALSE,FALSE
cac.amedd.army.mil,army.mil,Executive,,,,,FALSE,TRUE,FALSE,FALSE
cascom-dev.lee.army.mil,army.mil,Executive,,,,,FALSE,TRUE,FALSE,FALSE
cascom.army.mil,army.mil,Executive,,,,,FALSE,TRUE,FALSE,FALSE
ccad.army.mil,army.mil,Executive,,,,,FALSE,TRUE,FALSE,FALSE
crg.amedd.army.mil,army.mil,Executive,,,,,FALSE,TRUE,FALSE,FALSE
crgcm.amedd.army.mil,army.mil,Executive,,,,,FALSE,TRUE,FALSE,FALSE
cyber.army.mil,army.mil,Executive,,,,,FALSE,TRUE,FALSE,FALSE
cyberdefensereview.army.mil,army.mil,Executive,,,,,FALSE,TRUE,FALSE,FALSE
d-armyhealthfacilities.detrick.army.mil,army.mil,Executive,,,,,FALSE,TRUE,FALSE,FALSE
daaf-wx.army.mil,army.mil,Executive,,,,,FALSE,TRUE,FALSE,FALSE
dasadec.army.mil,army.mil,Executive,,,,,FALSE,TRUE,FALSE,FALSE
eeo.amedd.army.mil,army.mil,Executive,,,,,FALSE,TRUE,FALSE,FALSE
efmp.amedd.army.mil,army.mil,Executive,,,,,FALSE,TRUE,FALSE,FALSE
erdc.usace.army.mil,army.mil,Executive,,,,,FALSE,TRUE,FALSE,FALSE
europeafrica.army.mil,army.mil,Executive,,,,,FALSE,TRUE,FALSE,FALSE
first.army.mil,army.mil,Executive,,,,,FALSE,TRUE,FALSE,FALSE
goarmysof.army.mil,army.mil,Executive,,,,,FALSE,TRUE,FALSE,FALSE
gomo.army.mil,army.mil,Executive,,,,,FALSE,TRUE,FALSE,FALSE
hnc.usace.army.mil,army.mil,Executive,,,,,FALSE,TRUE,FALSE,FALSE
hrcoe.amedd.army.mil,army.mil,Executive,,,,,FALSE,TRUE,FALSE,FALSE
ig.army.mil,army.mil,Executive,,,,,FALSE,TRUE,FALSE,FALSE
il.ngb.army.mil,army.mil,Executive,,,,,FALSE,TRUE,FALSE,FALSE
innovation.army.mil,army.mil,Executive,,,,,FALSE,TRUE,FALSE,FALSE
iwr.usace.army.mil,army.mil,Executive,,,,,FALSE,TRUE,FALSE,FALSE
jblmdesignstandards.army.mil,army.mil,Executive,,,,,FALSE,TRUE,FALSE,FALSE
jpeoaa.army.mil,army.mil,Executive,,,,,FALSE,TRUE,FALSE,FALSE
letterkenny.army.mil,army.mil,Executive,,,,,FALSE,TRUE,FALSE,FALSE
lrb.usace.army.mil,army.mil,Executive,,,,,FALSE,TRUE,FALSE,FALSE
lrc.usace.army.mil,army.mil,Executive,,,,,FALSE,TRUE,FALSE,FALSE
lrd.usace.army.mil,army.mil,Executive,,,,,FALSE,TRUE,FALSE,FALSE
lre.usace.army.mil,army.mil,Executive,,,,,FALSE,TRUE,FALSE,FALSE
lrh.usace.army.mil,army.mil,Executive,,,,,FALSE,TRUE,FALSE,FALSE
lrl.usace.army.mil,army.mil,Executive,,,,,FALSE,TRUE,FALSE,FALSE
lrn.usace.army.mil,army.mil,Executive,,,,,FALSE,TRUE,FALSE,FALSE
lrp.usace.army.mil,army.mil,Executive,,,,,FALSE,TRUE,FALSE,FALSE
medcoe.army.mil,army.mil,Executive,,,,,FALSE,TRUE,FALSE,FALSE
medlinet.amedd.army.mil,army.mil,Executive,,,,,FALSE,TRUE,FALSE,FALSE
mepcom.army.mil,army.mil,Executive,,,,,FALSE,TRUE,FALSE,FALSE
mrc-europe.army.mil,army.mil,Executive,,,,,FALSE,TRUE,FALSE,FALSE
mvd.usace.army.mil,army.mil,Executive,,,,,FALSE,TRUE,FALSE,FALSE
mvk.usace.army.mil,army.mil,Executive,,,,,FALSE,TRUE,FALSE,FALSE
mvm.usace.army.mil,army.mil,Executive,,,,,FALSE,TRUE,FALSE,FALSE
mvn.usace.army.mil,army.mil,Executive,,,,,FALSE,TRUE,FALSE,FALSE
mvp.usace.army.mil,army.mil,Executive,,,,,FALSE,TRUE,FALSE,FALSE
mvr.usace.army.mil,army.mil,Executive,,,,,FALSE,TRUE,FALSE,FALSE
mvs.usace.army.mil,army.mil,Executive,,,,,FALSE,TRUE,FALSE,FALSE
nab.usace.army.mil,army.mil,Executive,,,,,FALSE,TRUE,FALSE,FALSE
nad.usace.army.mil,army.mil,Executive,,,,,FALSE,TRUE,FALSE,FALSE
nae.usace.army.mil,army.mil,Executive,,,,,FALSE,TRUE,FALSE,FALSE
nan.usace.army.mil,army.mil,Executive,,,,,FALSE,TRUE,FALSE,FALSE
nao.usace.army.mil,army.mil,Executive,,,,,FALSE,TRUE,FALSE,FALSE
nap.usace.army.mil,army.mil,Executive,,,,,FALSE,TRUE,FALSE,FALSE
nau.usace.army.mil,army.mil,Executive,,,,,FALSE,TRUE,FALSE,FALSE
ncolcoe.army.mil,army.mil,Executive,,,,,FALSE,TRUE,FALSE,FALSE
ncoworldwide.army.mil,army.mil,Executive,,,,,FALSE,TRUE,FALSE,FALSE
nrmc.amedd.army.mil,army.mil,Executive,,,,,FALSE,TRUE,FALSE,FALSE
nwd.usace.army.mil,army.mil,Executive,,,,,FALSE,TRUE,FALSE,FALSE
nwk.usace.army.mil,army.mil,Executive,,,,,FALSE,TRUE,FALSE,FALSE
nwo.usace.army.mil,army.mil,Executive,,,,,FALSE,TRUE,FALSE,FALSE
nwp.usace.army.mil,army.mil,Executive,,,,,FALSE,TRUE,FALSE,FALSE
nws.usace.army.mil,army.mil,Executive,,,,,FALSE,TRUE,FALSE,FALSE
nww.usace.army.mil,army.mil,Executive,,,,,FALSE,TRUE,FALSE,FALSE
obtportal.army.mil,army.mil,Executive,,,,,FALSE,TRUE,FALSE,FALSE
p3.amedd.army.mil,army.mil,Executive,,,,,FALSE,TRUE,FALSE,FALSE
p3cm.amedd.army.mil,army.mil,Executive,,,,,FALSE,TRUE,FALSE,FALSE
peosoldier.army.mil,army.mil,Executive,,,,,FALSE,TRUE,FALSE,FALSE
phc.amedd.army.mil,army.mil,Executive,,,,,FALSE,TRUE,FALSE,FALSE
phccm.amedd.army.mil,army.mil,Executive,,,,,FALSE,TRUE,FALSE,FALSE
poa.usace.army.mil,army.mil,Executive,,,,,FALSE,TRUE,FALSE,FALSE
pod.usace.army.mil,army.mil,Executive,,,,,FALSE,TRUE,FALSE,FALSE
pof.usace.army.mil,army.mil,Executive,,,,,FALSE,TRUE,FALSE,FALSE
poh.usace.army.mil,army.mil,Executive,,,,,FALSE,TRUE,FALSE,FALSE
poj.usace.army.mil,army.mil,Executive,,,,,FALSE,TRUE,FALSE,FALSE
pscc.army.mil,army.mil,Executive,,,,,FALSE,TRUE,FALSE,FALSE
psmagazine.army.mil,army.mil,Executive,,,,,FALSE,TRUE,FALSE,FALSE
publications.usace.army.mil,army.mil,Executive,,,,,FALSE,TRUE,FALSE,FALSE
recruiting.army.mil,army.mil,Executive,,,,,FALSE,TRUE,FALSE,FALSE
rma.army.mil,army.mil,Executive,,,,,FALSE,TRUE,FALSE,FALSE
rmc.usace.army.mil,army.mil,Executive,,,,,FALSE,TRUE,FALSE,FALSE
sac.usace.army.mil,army.mil,Executive,,,,,FALSE,TRUE,FALSE,FALSE
sad.usace.army.mil,army.mil,Executive,,,,,FALSE,TRUE,FALSE,FALSE
saj.usace.army.mil,army.mil,Executive,,,,,FALSE,TRUE,FALSE,FALSE
sam.usace.army.mil,army.mil,Executive,,,,,FALSE,TRUE,FALSE,FALSE
sas.usace.army.mil,army.mil,Executive,,,,,FALSE,TRUE,FALSE,FALSE
saw.usace.army.mil,army.mil,Executive,,,,,FALSE,TRUE,FALSE,FALSE
skysoldiers.army.mil,army.mil,Executive,,,,,FALSE,TRUE,FALSE,FALSE
smdc.army.mil,army.mil,Executive,,,,,FALSE,TRUE,FALSE,FALSE
spa.usace.army.mil,army.mil,Executive,,,,,FALSE,TRUE,FALSE,FALSE
spd.usace.army.mil,army.mil,Executive,,,,,FALSE,TRUE,FALSE,FALSE
spk.usace.army.mil,army.mil,Executive,,,,,FALSE,TRUE,FALSE,FALSE
spl.usace.army.mil,army.mil,Executive,,,,,FALSE,TRUE,FALSE,FALSE
spn.usace.army.mil,army.mil,Executive,,,,,FALSE,TRUE,FALSE,FALSE
srleaders.army.mil,army.mil,Executive,,,,,FALSE,TRUE,FALSE,FALSE
swd.usace.army.mil,army.mil,Executive,,,,,FALSE,TRUE,FALSE,FALSE
swf.usace.army.mil,army.mil,Executive,,,,,FALSE,TRUE,FALSE,FALSE
swg.usace.army.mil,army.mil,Executive,,,,,FALSE,TRUE,FALSE,FALSE
swl.usace.army.mil,army.mil,Executive,,,,,FALSE,TRUE,FALSE,FALSE
swt.usace.army.mil,army.mil,Executive,,,,,FALSE,TRUE,FALSE,FALSE
t-armyhealthfacilities.detrick.army.mil,army.mil,Executive,,,,,FALSE,TRUE,FALSE,FALSE
t-efmp.detrick.army.mil,army.mil,Executive,,,,,FALSE,TRUE,FALSE,FALSE
tad.usace.army.mil,army.mil,Executive,,,,,FALSE,TRUE,FALSE,FALSE
tam.usace.army.mil,army.mil,Executive,,,,,FALSE,TRUE,FALSE,FALSE
tobyhanna.army.mil,army.mil,Executive,,,,,FALSE,TRUE,FALSE,FALSE
usace.army.mil,army.mil,Executive,,,,,FALSE,TRUE,FALSE,FALSE
usafmcom.army.mil,army.mil,Executive,,,,,FALSE,TRUE,FALSE,FALSE
usanato.army.mil,army.mil,Executive,,,,,FALSE,TRUE,FALSE,FALSE
usapc.army.mil,army.mil,Executive,,,,,FALSE,TRUE,FALSE,FALSE
usar.army.mil,army.mil,Executive,,,,,FALSE,TRUE,FALSE,FALSE
usarcent.army.mil,army.mil,Executive,,,,,FALSE,TRUE,FALSE,FALSE
usarj.army.mil,army.mil,Executive,,,,,FALSE,TRUE,FALSE,FALSE
vcorps.army.mil,army.mil,Executive,,,,,FALSE,TRUE,FALSE,FALSE
aberdeen.armymwr.com,armymwr.com,Executive,,,,,FALSE,TRUE,FALSE,FALSE
anniston.armymwr.com,armymwr.com,Executive,,,,,FALSE,TRUE,FALSE,FALSE
ansbach.armymwr.com,armymwr.com,Executive,,,,,FALSE,TRUE,FALSE,FALSE
aphill.armymwr.com,armymwr.com,Executive,,,,,FALSE,TRUE,FALSE,FALSE
armymwr.com,armymwr.com,Executive,,,,,FALSE,TRUE,FALSE,FALSE
baumholder.armymwr.com,armymwr.com,Executive,,,,,FALSE,TRUE,FALSE,FALSE
belvoir.armymwr.com,armymwr.com,Executive,,,,,FALSE,TRUE,FALSE,FALSE
benelux-region.armymwr.com,armymwr.com,Executive,,,,,FALSE,TRUE,FALSE,FALSE
benning.armymwr.com,armymwr.com,Executive,,,,,FALSE,TRUE,FALSE,FALSE
blacksea.armymwr.com,armymwr.com,Executive,,,,,FALSE,TRUE,FALSE,FALSE
bliss.armymwr.com,armymwr.com,Executive,,,,,FALSE,TRUE,FALSE,FALSE
bluegrass.armymwr.com,armymwr.com,Executive,,,,,FALSE,TRUE,FALSE,FALSE
bragg.armymwr.com,armymwr.com,Executive,,,,,FALSE,TRUE,FALSE,FALSE
brunssum.armymwr.com,armymwr.com,Executive,,,,,FALSE,TRUE,FALSE,FALSE
brussels.armymwr.com,armymwr.com,Executive,,,,,FALSE,TRUE,FALSE,FALSE
buchanan.armymwr.com,armymwr.com,Executive,,,,,FALSE,TRUE,FALSE,FALSE
campbell.armymwr.com,armymwr.com,Executive,,,,,FALSE,TRUE,FALSE,FALSE
carlisle.armymwr.com,armymwr.com,Executive,,,,,FALSE,TRUE,FALSE,FALSE
carson.armymwr.com,armymwr.com,Executive,,,,,FALSE,TRUE,FALSE,FALSE
casey.armymwr.com,armymwr.com,Executive,,,,,FALSE,TRUE,FALSE,FALSE
chievres.armymwr.com,armymwr.com,Executive,,,,,FALSE,TRUE,FALSE,FALSE
daegu.armymwr.com,armymwr.com,Executive,,,,,FALSE,TRUE,FALSE,FALSE
detrick.armymwr.com,armymwr.com,Executive,,,,,FALSE,TRUE,FALSE,FALSE
detroit.armymwr.com,armymwr.com,Executive,,,,,FALSE,TRUE,FALSE,FALSE
devens.armymwr.com,armymwr.com,Executive,,,,,FALSE,TRUE,FALSE,FALSE
drum.armymwr.com,armymwr.com,Executive,,,,,FALSE,TRUE,FALSE,FALSE
dugway.armymwr.com,armymwr.com,Executive,,,,,FALSE,TRUE,FALSE,FALSE
europe.armymwr.com,armymwr.com,Executive,,,,,FALSE,TRUE,FALSE,FALSE
garmisch.armymwr.com,armymwr.com,Executive,,,,,FALSE,TRUE,FALSE,FALSE
gordon.armymwr.com,armymwr.com,Executive,,,,,FALSE,TRUE,FALSE,FALSE
grafenwoehr.armymwr.com,armymwr.com,Executive,,,,,FALSE,TRUE,FALSE,FALSE
greely.armymwr.com,armymwr.com,Executive,,,,,FALSE,TRUE,FALSE,FALSE
hamilton.armymwr.com,armymwr.com,Executive,,,,,FALSE,TRUE,FALSE,FALSE
hawaii.armymwr.com,armymwr.com,Executive,,,,,FALSE,TRUE,FALSE,FALSE
hohenfels.armymwr.com,armymwr.com,Executive,,,,,FALSE,TRUE,FALSE,FALSE
hood.armymwr.com,armymwr.com,Executive,,,,,FALSE,TRUE,FALSE,FALSE
huachuca.armymwr.com,armymwr.com,Executive,,,,,FALSE,TRUE,FALSE,FALSE
humphreys.armymwr.com,armymwr.com,Executive,,,,,FALSE,TRUE,FALSE,FALSE
hunterliggett.armymwr.com,armymwr.com,Executive,,,,,FALSE,TRUE,FALSE,FALSE
irwin.armymwr.com,armymwr.com,Executive,,,,,FALSE,TRUE,FALSE,FALSE
italy.armymwr.com,armymwr.com,Executive,,,,,FALSE,TRUE,FALSE,FALSE
jackson.armymwr.com,armymwr.com,Executive,,,,,FALSE,TRUE,FALSE,FALSE
jblm.armymwr.com,armymwr.com,Executive,,,,,FALSE,TRUE,FALSE,FALSE
jbmhh.armymwr.com,armymwr.com,Executive,,,,,FALSE,TRUE,FALSE,FALSE
kaiserslautern.armymwr.com,armymwr.com,Executive,,,,,FALSE,TRUE,FALSE,FALSE
knox.armymwr.com,armymwr.com,Executive,,,,,FALSE,TRUE,FALSE,FALSE
kwajalein.armymwr.com,armymwr.com,Executive,,,,,FALSE,TRUE,FALSE,FALSE
leavenworth.armymwr.com,armymwr.com,Executive,,,,,FALSE,TRUE,FALSE,FALSE
lee.armymwr.com,armymwr.com,Executive,,,,,FALSE,TRUE,FALSE,FALSE
leonardwood.armymwr.com,armymwr.com,Executive,,,,,FALSE,TRUE,FALSE,FALSE
mcalester.armymwr.com,armymwr.com,Executive,,,,,FALSE,TRUE,FALSE,FALSE
mccoy.armymwr.com,armymwr.com,Executive,,,,,FALSE,TRUE,FALSE,FALSE
meade.armymwr.com,armymwr.com,Executive,,,,,FALSE,TRUE,FALSE,FALSE
miami.armymwr.com,armymwr.com,Executive,,,,,FALSE,TRUE,FALSE,FALSE
natick.armymwr.com,armymwr.com,Executive,,,,,FALSE,TRUE,FALSE,FALSE
pacific.armymwr.com,armymwr.com,Executive,,,,,FALSE,TRUE,FALSE,FALSE
parks.armymwr.com,armymwr.com,Executive,,,,,FALSE,TRUE,FALSE,FALSE
picatinny.armymwr.com,armymwr.com,Executive,,,,,FALSE,TRUE,FALSE,FALSE
pinebluff.armymwr.com,armymwr.com,Executive,,,,,FALSE,TRUE,FALSE,FALSE
polk.armymwr.com,armymwr.com,Executive,,,,,FALSE,TRUE,FALSE,FALSE
presidio.armymwr.com,armymwr.com,Executive,,,,,FALSE,TRUE,FALSE,FALSE
redcloud.armymwr.com,armymwr.com,Executive,,,,,FALSE,TRUE,FALSE,FALSE
redriver.armymwr.com,armymwr.com,Executive,,,,,FALSE,TRUE,FALSE,FALSE
redstone.armymwr.com,armymwr.com,Executive,,,,,FALSE,TRUE,FALSE,FALSE
riley.armymwr.com,armymwr.com,Executive,,,,,FALSE,TRUE,FALSE,FALSE
rockisland.armymwr.com,armymwr.com,Executive,,,,,FALSE,TRUE,FALSE,FALSE
rucker.armymwr.com,armymwr.com,Executive,,,,,FALSE,TRUE,FALSE,FALSE
sierra.armymwr.com,armymwr.com,Executive,,,,,FALSE,TRUE,FALSE,FALSE
sill.armymwr.com,armymwr.com,Executive,,,,,FALSE,TRUE,FALSE,FALSE
sotocano.armymwr.com,armymwr.com,Executive,,,,,FALSE,TRUE,FALSE,FALSE
stewarthunter.armymwr.com,armymwr.com,Executive,,,,,FALSE,TRUE,FALSE,FALSE
stuttgart.armymwr.com,armymwr.com,Executive,,,,,FALSE,TRUE,FALSE,FALSE
tobyhanna.armymwr.com,armymwr.com,Executive,,,,,FALSE,TRUE,FALSE,FALSE
tooele.armymwr.com,armymwr.com,Executive,,,,,FALSE,TRUE,FALSE,FALSE
torii.armymwr.com,armymwr.com,Executive,,,,,FALSE,TRUE,FALSE,FALSE
training.armymwr.com,armymwr.com,Executive,,,,,FALSE,TRUE,FALSE,FALSE
wainwright.armymwr.com,armymwr.com,Executive,,,,,FALSE,TRUE,FALSE,FALSE
watervliet.armymwr.com,armymwr.com,Executive,,,,,FALSE,TRUE,FALSE,FALSE
westpoint.armymwr.com,armymwr.com,Executive,,,,,FALSE,TRUE,FALSE,FALSE
whitesands.armymwr.com,armymwr.com,Executive,,,,,FALSE,TRUE,FALSE,FALSE
wiesbaden.armymwr.com,armymwr.com,Executive,,,,,FALSE,TRUE,FALSE,FALSE
yongsan.armymwr.com,armymwr.com,Executive,,,,,FALSE,TRUE,FALSE,FALSE
yuma.armymwr.com,armymwr.com,Executive,,,,,FALSE,TRUE,FALSE,FALSE
zama.armymwr.com,armymwr.com,Executive,,,,,FALSE,TRUE,FALSE,FALSE
armytenmiler.com,armytenmiler.com,Executive,,,,,FALSE,TRUE,FALSE,FALSE
armywcap.com,armywcap.com,Executive,,,,,FALSE,TRUE,FALSE,FALSE
bush41.org,bush41.org,Executive,,,,,FALSE,TRUE,FALSE,FALSE
cac.mil,cac.mil,Executive,,,,,FALSE,TRUE,FALSE,FALSE
ccpo.mil,ccpo.mil,Executive,,,,,FALSE,TRUE,FALSE,FALSE
centcom.mil,centcom.mil,Executive,,,,,FALSE,TRUE,FALSE,FALSE
cloud.mil,cloud.mil,Executive,,,,,FALSE,TRUE,FALSE,FALSE
eshhsflu.convertlanguage.com,convertlanguage.com,Executive,,,,,FALSE,TRUE,FALSE,FALSE
ac.cto.mil,cto.mil,Executive,,,,,FALSE,TRUE,FALSE,FALSE
cto.mil,cto.mil,Executive,,,,,FALSE,TRUE,FALSE,FALSE
dsb.cto.mil,cto.mil,Executive,,,,,FALSE,TRUE,FALSE,FALSE
rt.cto.mil,cto.mil,Executive,,,,,FALSE,TRUE,FALSE,FALSE
public.cyber.mil,cyber.mil,Executive,,,,,FALSE,TRUE,FALSE,FALSE
cybercom.mil,cybercom.mil,Executive,,,,,FALSE,TRUE,FALSE,FALSE
dc3.mil,dc3.mil,Executive,,,,,FALSE,TRUE,FALSE,FALSE
dcaa.mil,dcaa.mil,Executive,,,,,FALSE,TRUE,FALSE,FALSE
dcma.mil,dcma.mil,Executive,,,,,FALSE,TRUE,FALSE,FALSE
dcsa.mil,dcsa.mil,Executive,,,,,FALSE,TRUE,FALSE,FALSE
dds.mil,dds.mil,Executive,,,,,FALSE,TRUE,FALSE,FALSE
defenseculture.mil,defenseculture.mil,Executive,,,,,FALSE,TRUE,FALSE,FALSE
defensesbirsttr.mil,defensesbirsttr.mil,Executive,,,,,FALSE,TRUE,FALSE,FALSE
dfas.mil,dfas.mil,Executive,,,,,FALSE,TRUE,FALSE,FALSE
dhra.mil,dhra.mil,Executive,,,,,FALSE,TRUE,FALSE,FALSE
dia.mil,dia.mil,Executive,,,,,FALSE,TRUE,FALSE,FALSE
oig.dia.mil,dia.mil,Executive,,,,,FALSE,TRUE,FALSE,FALSE
dimoc.mil,dimoc.mil,Executive,,,,,FALSE,TRUE,FALSE,FALSE
disa.mil,disa.mil,Executive,,,,,FALSE,TRUE,FALSE,FALSE
disa.mil.apps.gcds.disa.mil,disa.mil,Executive,,,,,FALSE,TRUE,FALSE,FALSE
dsnbbs.ncr.disa.mil,disa.mil,Executive,,,,,FALSE,TRUE,FALSE,FALSE
sprs.csd.disa.mil,disa.mil,Executive,,,,,FALSE,TRUE,FALSE,FALSE
stl.disa.mil,disa.mil,Executive,,,,,FALSE,TRUE,FALSE,FALSE
dla.mil,dla.mil,Executive,,,,,FALSE,TRUE,FALSE,FALSE
dsp.dla.mil,dla.mil,Executive,,,,,FALSE,TRUE,FALSE,FALSE
dinfos.dma.mil,dma.mil,Executive,,,,,FALSE,TRUE,FALSE,FALSE
dma.mil,dma.mil,Executive,,,,,FALSE,TRUE,FALSE,FALSE
tasa.dma.mil,dma.mil,Executive,,,,,FALSE,TRUE,FALSE,FALSE
web.dma.mil,dma.mil,Executive,,,,,FALSE,TRUE,FALSE,FALSE
docsteach.org,docsteach.org,Executive,,,,,FALSE,TRUE,FALSE,FALSE
defensetravel.dod.mil,dod.mil,Executive,,,,,FALSE,TRUE,FALSE,FALSE
travel.dod.mil,dod.mil,Executive,,,,,FALSE,TRUE,FALSE,FALSE
dodcui.mil,dodcui.mil,Executive,,,,,FALSE,TRUE,FALSE,FALSE
dantes.doded.mil,doded.mil,Executive,,,,,FALSE,TRUE,FALSE,FALSE
dodig.mil,dodig.mil,Executive,,,,,FALSE,TRUE,FALSE,FALSE
jag.navylive.dodlive.mil,dodlive.mil,Executive,,,,,FALSE,TRUE,FALSE,FALSE
minationalguard.dodlive.mil,dodlive.mil,Executive,,,,,FALSE,TRUE,FALSE,FALSE
myafn.dodlive.mil,dodlive.mil,Executive,,,,,FALSE,TRUE,FALSE,FALSE
navalaviationnews.navylive.dodlive.mil,dodlive.mil,Executive,,,,,FALSE,TRUE,FALSE,FALSE
plainsguardian.dodlive.mil,dodlive.mil,Executive,,,,,FALSE,TRUE,FALSE,FALSE
purview.dodlive.mil,dodlive.mil,Executive,,,,,FALSE,TRUE,FALSE,FALSE
scnewsltr.dodlive.mil,dodlive.mil,Executive,,,,,FALSE,TRUE,FALSE,FALSE
seabeemagazine.navylive.dodlive.mil,dodlive.mil,Executive,,,,,FALSE,TRUE,FALSE,FALSE
sfb.dodlive.mil,dodlive.mil,Executive,,,,,FALSE,TRUE,FALSE,FALSE
smtc.dodlive.mil,dodlive.mil,Executive,,,,,FALSE,TRUE,FALSE,FALSE
usnhistory.navylive.dodlive.mil,dodlive.mil,Executive,,,,,FALSE,TRUE,FALSE,FALSE
warriorcare.dodlive.mil,dodlive.mil,Executive,,,,,FALSE,TRUE,FALSE,FALSE
dodmantech.mil,dodmantech.mil,Executive,,,,,FALSE,TRUE,FALSE,FALSE
dpaa.mil,dpaa.mil,Executive,,,,,FALSE,TRUE,FALSE,FALSE
dragonhilllodge.com,dragonhilllodge.com,Executive,,,,,FALSE,TRUE,FALSE,FALSE
mrsi.erdc.dren.mil,dren.mil,Executive,,,,,FALSE,TRUE,FALSE,FALSE
dspo.mil,dspo.mil,Executive,,,,,FALSE,TRUE,FALSE,FALSE
apps.dtic.mil,dtic.mil,Executive,,,,,FALSE,TRUE,FALSE,FALSE
discover.dtic.mil,dtic.mil,Executive,,,,,FALSE,TRUE,FALSE,FALSE
dodiac.dtic.mil,dtic.mil,Executive,,,,,FALSE,TRUE,FALSE,FALSE
ndia.dtic.mil,dtic.mil,Executive,,,,,FALSE,TRUE,FALSE,FALSE
dtra.mil,dtra.mil,Executive,,,,,FALSE,TRUE,FALSE,FALSE
edelweisslodgeandresort.com,edelweisslodgeandresort.com,Executive,,,,,FALSE,TRUE,FALSE,FALSE
apps.fs.fed.us,fs.fed.us,Executive,U.S. Department of Agriculture,,,,FALSE,FALSE,TRUE,FALSE
fhm.fs.fed.us,fs.fed.us,Executive,U.S. Department of Agriculture,,,,FALSE,FALSE,TRUE,FALSE
fia.fs.fed.us,fs.fed.us,Executive,U.S. Department of Agriculture,,,,FALSE,FALSE,TRUE,FALSE
forest-atlas.fs.fed.us,fs.fed.us,Executive,U.S. Department of Agriculture,,,,FALSE,FALSE,TRUE,FALSE
fpl.fs.fed.us,fs.fed.us,Executive,U.S. Department of Agriculture,,,,FALSE,FALSE,TRUE,FALSE
fs.fed.us,fs.fed.us,Executive,U.S. Department of Agriculture,,,,FALSE,FALSE,TRUE,FALSE
na.fs.fed.us,fs.fed.us,Executive,U.S. Department of Agriculture,,,,FALSE,FALSE,TRUE,FALSE
ncrs.fs.fed.us,fs.fed.us,Executive,U.S. Department of Agriculture,,,,FALSE,FALSE,TRUE,FALSE
nrs.fs.fed.us,fs.fed.us,Executive,U.S. Department of Agriculture,,,,FALSE,FALSE,TRUE,FALSE
nsl.fs.fed.us,fs.fed.us,Executive,U.S. Department of Agriculture,,,,FALSE,FALSE,TRUE,FALSE
roadless.fs.fed.us,fs.fed.us,Executive,U.S. Department of Agriculture,,,,FALSE,FALSE,TRUE,FALSE
srs.fs.fed.us,fs.fed.us,Executive,U.S. Department of Agriculture,,,,FALSE,FALSE,TRUE,FALSE
treesearch.fs.fed.us,fs.fed.us,Executive,U.S. Department of Agriculture,,,,FALSE,FALSE,TRUE,FALSE
webcam.srs.fs.fed.us,fs.fed.us,Executive,U.S. Department of Agriculture,,,,FALSE,FALSE,TRUE,FALSE
uspreventiveservicestaskforce.org.googleweblight.com,googleweblight.com,Executive,,,,,FALSE,TRUE,FALSE,FALSE
hacc.mil,hacc.mil,Executive,,,,,FALSE,TRUE,FALSE,FALSE
halekoa.com,halekoa.com,Executive,,,,,FALSE,TRUE,FALSE,FALSE
6mlmc.health.mil,health.mil,Executive,,,,,FALSE,TRUE,FALSE,FALSE
afirm.health.mil,health.mil,Executive,,,,,FALSE,TRUE,FALSE,FALSE
afrims.health.mil,health.mil,Executive,,,,,FALSE,TRUE,FALSE,FALSE
armymedicine.health.mil,health.mil,Executive,,,,,FALSE,TRUE,FALSE,FALSE
blastinjuryresearch.health.mil,health.mil,Executive,,,,,FALSE,TRUE,FALSE,FALSE
dev-cms.health.mil,health.mil,Executive,,,,,FALSE,TRUE,FALSE,FALSE
eitpmo.health.mil,health.mil,Executive,,,,,FALSE,TRUE,FALSE,FALSE
health.mil,health.mil,Executive,,,,,FALSE,TRUE,FALSE,FALSE
hearing.health.mil,health.mil,Executive,,,,,FALSE,TRUE,FALSE,FALSE
info.health.mil,health.mil,Executive,,,,,FALSE,TRUE,FALSE,FALSE
jtapic.health.mil,health.mil,Executive,,,,,FALSE,TRUE,FALSE,FALSE
jts.health.mil,health.mil,Executive,,,,,FALSE,TRUE,FALSE,FALSE
medicalmuseum.health.mil,health.mil,Executive,,,,,FALSE,TRUE,FALSE,FALSE
militarykidsconnect.health.mil,health.mil,Executive,,,,,FALSE,TRUE,FALSE,FALSE
mobile.health.mil,health.mil,Executive,,,,,FALSE,TRUE,FALSE,FALSE
mrdc-npi.health.mil,health.mil,Executive,,,,,FALSE,TRUE,FALSE,FALSE
mrdc.health.mil,health.mil,Executive,,,,,FALSE,TRUE,FALSE,FALSE
mrdg.health.mil,health.mil,Executive,,,,,FALSE,TRUE,FALSE,FALSE
nicbr.health.mil,health.mil,Executive,,,,,FALSE,TRUE,FALSE,FALSE
phcp.health.mil,health.mil,Executive,,,,,FALSE,TRUE,FALSE,FALSE
staging-armymedicine.health.mil,health.mil,Executive,,,,,FALSE,TRUE,FALSE,FALSE
staging-hearing.health.mil,health.mil,Executive,,,,,FALSE,TRUE,FALSE,FALSE
staging-mobile.health.mil,health.mil,Executive,,,,,FALSE,TRUE,FALSE,FALSE
staging-www.health.mil,health.mil,Executive,,,,,FALSE,TRUE,FALSE,FALSE
stem.health.mil,health.mil,Executive,,,,,FALSE,TRUE,FALSE,FALSE
technologytransfer.health.mil,health.mil,Executive,,,,,FALSE,TRUE,FALSE,FALSE
usaarl.health.mil,health.mil,Executive,,,,,FALSE,TRUE,FALSE,FALSE
usacehr.health.mil,health.mil,Executive,,,,,FALSE,TRUE,FALSE,FALSE
usaisr.health.mil,health.mil,Executive,,,,,FALSE,TRUE,FALSE,FALSE
usammda.health.mil,health.mil,Executive,,,,,FALSE,TRUE,FALSE,FALSE
usamrd-w.health.mil,health.mil,Executive,,,,,FALSE,TRUE,FALSE,FALSE
usamriid.health.mil,health.mil,Executive,,,,,FALSE,TRUE,FALSE,FALSE
usariem.health.mil,health.mil,Executive,,,,,FALSE,TRUE,FALSE,FALSE
vce.health.mil,health.mil,Executive,,,,,FALSE,TRUE,FALSE,FALSE
wrair.health.mil,health.mil,Executive,,,,,FALSE,TRUE,FALSE,FALSE
hexoftheturtleislands.com,hexoftheturtleislands.com,Executive,,,,,FALSE,TRUE,FALSE,FALSE
inherentresolve.mil,inherentresolve.mil,Executive,,,,,FALSE,TRUE,FALSE,FALSE
jbab.jb.mil,jb.mil,Executive,,,,,FALSE,TRUE,FALSE,FALSE
jbcharleston.jb.mil,jb.mil,Executive,,,,,FALSE,TRUE,FALSE,FALSE
jber.jb.mil,jb.mil,Executive,,,,,FALSE,TRUE,FALSE,FALSE
jbmdl.jb.mil,jb.mil,Executive,,,,,FALSE,TRUE,FALSE,FALSE
jbsa.mil,jbsa.mil,Executive,,,,,FALSE,TRUE,FALSE,FALSE
jcs.mil,jcs.mil,Executive,,,,,FALSE,TRUE,FALSE,FALSE
jcu.mil,jcu.mil,Executive,,,,,FALSE,TRUE,FALSE,FALSE
jecc.mil,jecc.mil,Executive,,,,,FALSE,TRUE,FALSE,FALSE
jfklibrary.org,jfklibrary.org,Executive,,,,,FALSE,TRUE,FALSE,FALSE
jpra.mil,jpra.mil,Executive,,,,,FALSE,TRUE,FALSE,FALSE
jtf-spacedefense.mil,jtf-spacedefense.mil,Executive,,,,,FALSE,TRUE,FALSE,FALSE
jtnc.mil,jtnc.mil,Executive,,,,,FALSE,TRUE,FALSE,FALSE
jwac.mil,jwac.mil,Executive,,,,,FALSE,TRUE,FALSE,FALSE
lbjlibrary.org,lbjlibrary.org,Executive,,,,,FALSE,TRUE,FALSE,FALSE
10thmarines.marines.mil,marines.mil,Executive,,,,,FALSE,TRUE,FALSE,FALSE
11thmeu.marines.mil,marines.mil,Executive,,,,,FALSE,TRUE,FALSE,FALSE
13thmeu.marines.mil,marines.mil,Executive,,,,,FALSE,TRUE,FALSE,FALSE
15thmeu.marines.mil,marines.mil,Executive,,,,,FALSE,TRUE,FALSE,FALSE
1stmardiv.marines.mil,marines.mil,Executive,,,,,FALSE,TRUE,FALSE,FALSE
1stmaw.marines.mil,marines.mil,Executive,,,,,FALSE,TRUE,FALSE,FALSE
1stmcd.marines.mil,marines.mil,Executive,,,,,FALSE,TRUE,FALSE,FALSE
1stmlg.marines.mil,marines.mil,Executive,,,,,FALSE,TRUE,FALSE,FALSE
22ndmeu.marines.mil,marines.mil,Executive,,,,,FALSE,TRUE,FALSE,FALSE
24thmeu.marines.mil,marines.mil,Executive,,,,,FALSE,TRUE,FALSE,FALSE
26thmeu.marines.mil,marines.mil,Executive,,,,,FALSE,TRUE,FALSE,FALSE
29palms.marines.mil,marines.mil,Executive,,,,,FALSE,TRUE,FALSE,FALSE
2ndmardiv.marines.mil,marines.mil,Executive,,,,,FALSE,TRUE,FALSE,FALSE
2ndmarines.marines.mil,marines.mil,Executive,,,,,FALSE,TRUE,FALSE,FALSE
2ndmaw.marines.mil,marines.mil,Executive,,,,,FALSE,TRUE,FALSE,FALSE
2ndmeb.marines.mil,marines.mil,Executive,,,,,FALSE,TRUE,FALSE,FALSE
2ndmlg.marines.mil,marines.mil,Executive,,,,,FALSE,TRUE,FALSE,FALSE
31stmeu.marines.mil,marines.mil,Executive,,,,,FALSE,TRUE,FALSE,FALSE
3rdmardiv.marines.mil,marines.mil,Executive,,,,,FALSE,TRUE,FALSE,FALSE
3rdmaw.marines.mil,marines.mil,Executive,,,,,FALSE,TRUE,FALSE,FALSE
3rdmeb.marines.mil,marines.mil,Executive,,,,,FALSE,TRUE,FALSE,FALSE
3rdmlg.marines.mil,marines.mil,Executive,,,,,FALSE,TRUE,FALSE,FALSE
6thmarines.marines.mil,marines.mil,Executive,,,,,FALSE,TRUE,FALSE,FALSE
6thmcd.marines.mil,marines.mil,Executive,,,,,FALSE,TRUE,FALSE,FALSE
8thmarines.marines.mil,marines.mil,Executive,,,,,FALSE,TRUE,FALSE,FALSE
9thmcd.marines.mil,marines.mil,Executive,,,,,FALSE,TRUE,FALSE,FALSE
acmc.marines.mil,marines.mil,Executive,,,,,FALSE,TRUE,FALSE,FALSE
albany.marines.mil,marines.mil,Executive,,,,,FALSE,TRUE,FALSE,FALSE
ar.marines.mil,marines.mil,Executive,,,,,FALSE,TRUE,FALSE,FALSE
aviation.marines.mil,marines.mil,Executive,,,,,FALSE,TRUE,FALSE,FALSE
barracks.marines.mil,marines.mil,Executive,,,,,FALSE,TRUE,FALSE,FALSE
beaufort.marines.mil,marines.mil,Executive,,,,,FALSE,TRUE,FALSE,FALSE
bic.marines.mil,marines.mil,Executive,,,,,FALSE,TRUE,FALSE,FALSE
cbirf.marines.mil,marines.mil,Executive,,,,,FALSE,TRUE,FALSE,FALSE
cd.marines.mil,marines.mil,Executive,,,,,FALSE,TRUE,FALSE,FALSE
cdi.marines.mil,marines.mil,Executive,,,,,FALSE,TRUE,FALSE,FALSE
cherrypoint.marines.mil,marines.mil,Executive,,,,,FALSE,TRUE,FALSE,FALSE
cmc.marines.mil,marines.mil,Executive,,,,,FALSE,TRUE,FALSE,FALSE
dmcs.marines.mil,marines.mil,Executive,,,,,FALSE,TRUE,FALSE,FALSE
drumcorps.marines.mil,marines.mil,Executive,,,,,FALSE,TRUE,FALSE,FALSE
fitness.marines.mil,marines.mil,Executive,,,,,FALSE,TRUE,FALSE,FALSE
fuji.marines.mil,marines.mil,Executive,,,,,FALSE,TRUE,FALSE,FALSE
hqmc.marines.mil,marines.mil,Executive,,,,,FALSE,TRUE,FALSE,FALSE
hrom.marines.mil,marines.mil,Executive,,,,,FALSE,TRUE,FALSE,FALSE
iandl.marines.mil,marines.mil,Executive,,,,,FALSE,TRUE,FALSE,FALSE
igmc.marines.mil,marines.mil,Executive,,,,,FALSE,TRUE,FALSE,FALSE
iiimef.marines.mil,marines.mil,Executive,,,,,FALSE,TRUE,FALSE,FALSE
iimef.marines.mil,marines.mil,Executive,,,,,FALSE,TRUE,FALSE,FALSE
imef.marines.mil,marines.mil,Executive,,,,,FALSE,TRUE,FALSE,FALSE
japan.marines.mil,marines.mil,Executive,,,,,FALSE,TRUE,FALSE,FALSE
lejeune.marines.mil,marines.mil,Executive,,,,,FALSE,TRUE,FALSE,FALSE
logcom.marines.mil,marines.mil,Executive,,,,,FALSE,TRUE,FALSE,FALSE
macg28.marines.mil,marines.mil,Executive,,,,,FALSE,TRUE,FALSE,FALSE
mag14.marines.mil,marines.mil,Executive,,,,,FALSE,TRUE,FALSE,FALSE
mag26.marines.mil,marines.mil,Executive,,,,,FALSE,TRUE,FALSE,FALSE
mag29.marines.mil,marines.mil,Executive,,,,,FALSE,TRUE,FALSE,FALSE
mag31.marines.mil,marines.mil,Executive,,,,,FALSE,TRUE,FALSE,FALSE
marcent.marines.mil,marines.mil,Executive,,,,,FALSE,TRUE,FALSE,FALSE
marcorsyscom.marines.mil,marines.mil,Executive,,,,,FALSE,TRUE,FALSE,FALSE
marforcom.marines.mil,marines.mil,Executive,,,,,FALSE,TRUE,FALSE,FALSE
marforcyber.marines.mil,marines.mil,Executive,,,,,FALSE,TRUE,FALSE,FALSE
marforeur.marines.mil,marines.mil,Executive,,,,,FALSE,TRUE,FALSE,FALSE
marfork.marines.mil,marines.mil,Executive,,,,,FALSE,TRUE,FALSE,FALSE
marforpac.marines.mil,marines.mil,Executive,,,,,FALSE,TRUE,FALSE,FALSE
marforres.marines.mil,marines.mil,Executive,,,,,FALSE,TRUE,FALSE,FALSE
marforsouth.marines.mil,marines.mil,Executive,,,,,FALSE,TRUE,FALSE,FALSE
marforstrat.marines.mil,marines.mil,Executive,,,,,FALSE,TRUE,FALSE,FALSE
marineband.marines.mil,marines.mil,Executive,,,,,FALSE,TRUE,FALSE,FALSE
marines.mil,marines.mil,Executive,,,,,FALSE,TRUE,FALSE,FALSE
marsoc.marines.mil,marines.mil,Executive,,,,,FALSE,TRUE,FALSE,FALSE
mcasfutenma.marines.mil,marines.mil,Executive,,,,,FALSE,TRUE,FALSE,FALSE
mcasiwakuni.marines.mil,marines.mil,Executive,,,,,FALSE,TRUE,FALSE,FALSE
mcasiwakunijp.marines.mil,marines.mil,Executive,,,,,FALSE,TRUE,FALSE,FALSE
mcaspendleton.marines.mil,marines.mil,Executive,,,,,FALSE,TRUE,FALSE,FALSE
mcasyuma.marines.mil,marines.mil,Executive,,,,,FALSE,TRUE,FALSE,FALSE
mcbblaz.marines.mil,marines.mil,Executive,,,,,FALSE,TRUE,FALSE,FALSE
mcbbutler.marines.mil,marines.mil,Executive,,,,,FALSE,TRUE,FALSE,FALSE
mcbhawaii.marines.mil,marines.mil,Executive,,,,,FALSE,TRUE,FALSE,FALSE
mccdc.marines.mil,marines.mil,Executive,,,,,FALSE,TRUE,FALSE,FALSE
mcesg.marines.mil,marines.mil,Executive,,,,,FALSE,TRUE,FALSE,FALSE
mcicom.marines.mil,marines.mil,Executive,,,,,FALSE,TRUE,FALSE,FALSE
mcieast.marines.mil,marines.mil,Executive,,,,,FALSE,TRUE,FALSE,FALSE
mcipac.marines.mil,marines.mil,Executive,,,,,FALSE,TRUE,FALSE,FALSE
mciwest.marines.mil,marines.mil,Executive,,,,,FALSE,TRUE,FALSE,FALSE
mcjrotc.marines.mil,marines.mil,Executive,,,,,FALSE,TRUE,FALSE,FALSE
mclbbarstow.marines.mil,marines.mil,Executive,,,,,FALSE,TRUE,FALSE,FALSE
mcrc.marines.mil,marines.mil,Executive,,,,,FALSE,TRUE,FALSE,FALSE
mcrdpi.marines.mil,marines.mil,Executive,,,,,FALSE,TRUE,FALSE,FALSE
mcrdsd.marines.mil,marines.mil,Executive,,,,,FALSE,TRUE,FALSE,FALSE
mcscg.marines.mil,marines.mil,Executive,,,,,FALSE,TRUE,FALSE,FALSE
mcsf-nola.marines.mil,marines.mil,Executive,,,,,FALSE,TRUE,FALSE,FALSE
mcsfr.marines.mil,marines.mil,Executive,,,,,FALSE,TRUE,FALSE,FALSE
mcwl.marines.mil,marines.mil,Executive,,,,,FALSE,TRUE,FALSE,FALSE
miramar-ems.marines.mil,marines.mil,Executive,,,,,FALSE,TRUE,FALSE,FALSE
miramar.marines.mil,marines.mil,Executive,,,,,FALSE,TRUE,FALSE,FALSE
music.marines.mil,marines.mil,Executive,,,,,FALSE,TRUE,FALSE,FALSE
newriver.marines.mil,marines.mil,Executive,,,,,FALSE,TRUE,FALSE,FALSE
okinawa.marines.mil,marines.mil,Executive,,,,,FALSE,TRUE,FALSE,FALSE
pendleton.marines.mil,marines.mil,Executive,,,,,FALSE,TRUE,FALSE,FALSE
peols.marines.mil,marines.mil,Executive,,,,,FALSE,TRUE,FALSE,FALSE
quantico.marines.mil,marines.mil,Executive,,,,,FALSE,TRUE,FALSE,FALSE
ready.marines.mil,marines.mil,Executive,,,,,FALSE,TRUE,FALSE,FALSE
safety.marines.mil,marines.mil,Executive,,,,,FALSE,TRUE,FALSE,FALSE
smmc.marines.mil,marines.mil,Executive,,,,,FALSE,TRUE,FALSE,FALSE
tecom.marines.mil,marines.mil,Executive,,,,,FALSE,TRUE,FALSE,FALSE
tf515.marines.mil,marines.mil,Executive,,,,,FALSE,TRUE,FALSE,FALSE
trngcmd.marines.mil,marines.mil,Executive,,,,,FALSE,TRUE,FALSE,FALSE
woundedwarrior.marines.mil,marines.mil,Executive,,,,,FALSE,TRUE,FALSE,FALSE
mda.mil,mda.mil,Executive,,,,,FALSE,TRUE,FALSE,FALSE
registered.mda.mil,mda.mil,Executive,,,,,FALSE,TRUE,FALSE,FALSE
metc.mil,metc.mil,Executive,,,,,FALSE,TRUE,FALSE,FALSE
mwrbrandcentral.com,mwrbrandcentral.com,Executive,,,,,FALSE,TRUE,FALSE,FALSE
mwrresourcecenter.com,mwrresourcecenter.com,Executive,,,,,FALSE,TRUE,FALSE,FALSE
mysymptoms.mil,mysymptoms.mil,Executive,,,,,FALSE,TRUE,FALSE,FALSE
nacarbon.org,nacarbon.org,Executive,,,,,FALSE,TRUE,FALSE,FALSE
nacp-files.nacarbon.org,nacarbon.org,Executive,,,,,FALSE,TRUE,FALSE,FALSE
i-nspires.nasaprs.com,nasaprs.com,Executive,,,,,FALSE,TRUE,FALSE,FALSE
nspires.nasaprs.com,nasaprs.com,Executive,,,,,FALSE,TRUE,FALSE,FALSE
arkansas.nationalguard.mil,nationalguard.mil,Executive,,,,,FALSE,TRUE,FALSE,FALSE
army.nationalguard.mil,nationalguard.mil,Executive,,,,,FALSE,TRUE,FALSE,FALSE
nationalguard.mil,nationalguard.mil,Executive,,,,,FALSE,TRUE,FALSE,FALSE
airlant.usff.navy.mil,navy.mil,Executive,,,,,FALSE,TRUE,FALSE,FALSE
airpac.navy.mil,navy.mil,Executive,,,,,FALSE,TRUE,FALSE,FALSE
allhands.navy.mil,navy.mil,Executive,,,,,FALSE,TRUE,FALSE,FALSE
amphib7flt.navy.mil,navy.mil,Executive,,,,,FALSE,TRUE,FALSE,FALSE
applocker.navy.mil,navy.mil,Executive,,,,,FALSE,TRUE,FALSE,FALSE
atlantic.navfac.navy.mil,navy.mil,Executive,,,,,FALSE,TRUE,FALSE,FALSE
author.history.navy.mil,navy.mil,Executive,,,,,FALSE,TRUE,FALSE,FALSE
authorqa.history.navy.mil,navy.mil,Executive,,,,,FALSE,TRUE,FALSE,FALSE
bootcamp.navy.mil,navy.mil,Executive,,,,,FALSE,TRUE,FALSE,FALSE
bracpmo.navy.mil,navy.mil,Executive,,,,,FALSE,TRUE,FALSE,FALSE
c2f.usff.navy.mil,navy.mil,Executive,,,,,FALSE,TRUE,FALSE,FALSE
c3f.navy.mil,navy.mil,Executive,,,,,FALSE,TRUE,FALSE,FALSE
c6f.navy.mil,navy.mil,Executive,,,,,FALSE,TRUE,FALSE,FALSE
c7f.navy.mil,navy.mil,Executive,,,,,FALSE,TRUE,FALSE,FALSE
ccsg15.navy.mil,navy.mil,Executive,,,,,FALSE,TRUE,FALSE,FALSE
clwp.navy.mil,navy.mil,Executive,,,,,FALSE,TRUE,FALSE,FALSE
cnic.navy.mil,navy.mil,Executive,,,,,FALSE,TRUE,FALSE,FALSE
cnmoc.usff.navy.mil,navy.mil,Executive,,,,,FALSE,TRUE,FALSE,FALSE
cnrc.navy.mil,navy.mil,Executive,,,,,FALSE,TRUE,FALSE,FALSE
cnreurafcent.cnic.navy.mil,navy.mil,Executive,,,,,FALSE,TRUE,FALSE,FALSE
cnrh.cnic.navy.mil,navy.mil,Executive,,,,,FALSE,TRUE,FALSE,FALSE
cnrj.cnic.navy.mil,navy.mil,Executive,,,,,FALSE,TRUE,FALSE,FALSE
cnrk.cnic.navy.mil,navy.mil,Executive,,,,,FALSE,TRUE,FALSE,FALSE
cnrma.cnic.navy.mil,navy.mil,Executive,,,,,FALSE,TRUE,FALSE,FALSE
cnrnw.cnic.navy.mil,navy.mil,Executive,,,,,FALSE,TRUE,FALSE,FALSE
cnrse.cnic.navy.mil,navy.mil,Executive,,,,,FALSE,TRUE,FALSE,FALSE
cnrsw.cnic.navy.mil,navy.mil,Executive,,,,,FALSE,TRUE,FALSE,FALSE
cpf.navy.mil,navy.mil,Executive,,,,,FALSE,TRUE,FALSE,FALSE
cprw1.navy.mil,navy.mil,Executive,,,,,FALSE,TRUE,FALSE,FALSE
csg4.usff.navy.mil,navy.mil,Executive,,,,,FALSE,TRUE,FALSE,FALSE
csp.navy.mil,navy.mil,Executive,,,,,FALSE,TRUE,FALSE,FALSE
cusnc.navy.mil,navy.mil,Executive,,,,,FALSE,TRUE,FALSE,FALSE
ewtgpac.navy.mil,navy.mil,Executive,,,,,FALSE,TRUE,FALSE,FALSE
exwc.navfac.navy.mil,navy.mil,Executive,,,,,FALSE,TRUE,FALSE,FALSE
fcc.navy.mil,navy.mil,Executive,,,,,FALSE,TRUE,FALSE,FALSE
ffr.cnic.navy.mil,navy.mil,Executive,,,,,FALSE,TRUE,FALSE,FALSE
fourthfleet.navy.mil,navy.mil,Executive,,,,,FALSE,TRUE,FALSE,FALSE
frcse.navair.navy.mil,navy.mil,Executive,,,,,FALSE,TRUE,FALSE,FALSE
frcsw.navair.navy.mil,navy.mil,Executive,,,,,FALSE,TRUE,FALSE,FALSE
history.navy.mil,navy.mil,Executive,,,,,FALSE,TRUE,FALSE,FALSE
insurv.usff.navy.mil,navy.mil,Executive,,,,,FALSE,TRUE,FALSE,FALSE
jrm.cnic.navy.mil,navy.mil,Executive,,,,,FALSE,TRUE,FALSE,FALSE
med.navy.mil,navy.mil,Executive,,,,,FALSE,TRUE,FALSE,FALSE
metoc.navy.mil,navy.mil,Executive,,,,,FALSE,TRUE,FALSE,FALSE
msc.usff.navy.mil,navy.mil,Executive,,,,,FALSE,TRUE,FALSE,FALSE
my.navy.mil,navy.mil,Executive,,,,,FALSE,TRUE,FALSE,FALSE
mynavyhr.navy.mil,navy.mil,Executive,,,,,FALSE,TRUE,FALSE,FALSE
navalsafetycommand.navy.mil,navy.mil,Executive,,,,,FALSE,TRUE,FALSE,FALSE
navfac.navy.mil,navy.mil,Executive,,,,,FALSE,TRUE,FALSE,FALSE
navifor.usff.navy.mil,navy.mil,Executive,,,,,FALSE,TRUE,FALSE,FALSE
navsea.navy.mil,navy.mil,Executive,,,,,FALSE,TRUE,FALSE,FALSE
navsup.navy.mil,navy.mil,Executive,,,,,FALSE,TRUE,FALSE,FALSE
navy.mil,navy.mil,Executive,,,,,FALSE,TRUE,FALSE,FALSE
navycollege.navy.mil,navy.mil,Executive,,,,,FALSE,TRUE,FALSE,FALSE
navyreserve.navy.mil,navy.mil,Executive,,,,,FALSE,TRUE,FALSE,FALSE
ncc.navfac.navy.mil,navy.mil,Executive,,,,,FALSE,TRUE,FALSE,FALSE
ncis.navy.mil,navy.mil,Executive,,,,,FALSE,TRUE,FALSE,FALSE
ndw.cnic.navy.mil,navy.mil,Executive,,,,,FALSE,TRUE,FALSE,FALSE
necc.usff.navy.mil,navy.mil,Executive,,,,,FALSE,TRUE,FALSE,FALSE
nepa.navy.mil,navy.mil,Executive,,,,,FALSE,TRUE,FALSE,FALSE
nesdnow.navy.mil,navy.mil,Executive,,,,,FALSE,TRUE,FALSE,FALSE
netc.navy.mil,navy.mil,Executive,,,,,FALSE,TRUE,FALSE,FALSE
niwcatlantic.navy.mil,navy.mil,Executive,,,,,FALSE,TRUE,FALSE,FALSE
niwcpacific.navy.mil,navy.mil,Executive,,,,,FALSE,TRUE,FALSE,FALSE
nrl.navy.mil,navy.mil,Executive,,,,,FALSE,TRUE,FALSE,FALSE
nsw.navy.mil,navy.mil,Executive,,,,,FALSE,TRUE,FALSE,FALSE
nwdc.usff.navy.mil,navy.mil,Executive,,,,,FALSE,TRUE,FALSE,FALSE
oni.navy.mil,navy.mil,Executive,,,,,FALSE,TRUE,FALSE,FALSE
onr.navy.mil,navy.mil,Executive,,,,,FALSE,TRUE,FALSE,FALSE
p2p.navy.mil,navy.mil,Executive,,,,,FALSE,TRUE,FALSE,FALSE
pacific.navfac.navy.mil,navy.mil,Executive,,,,,FALSE,TRUE,FALSE,FALSE
pzal.metoc.navy.mil,navy.mil,Executive,,,,,FALSE,TRUE,FALSE,FALSE
qa-beta.history.navy.mil,navy.mil,Executive,,,,,FALSE,TRUE,FALSE,FALSE
ready.navy.mil,navy.mil,Executive,,,,,FALSE,TRUE,FALSE,FALSE
seaport.navy.mil,navy.mil,Executive,,,,,FALSE,TRUE,FALSE,FALSE
secnav.navy.mil,navy.mil,Executive,,,,,FALSE,TRUE,FALSE,FALSE
srf.navy.mil,navy.mil,Executive,,,,,FALSE,TRUE,FALSE,FALSE
sublant.usff.navy.mil,navy.mil,Executive,,,,,FALSE,TRUE,FALSE,FALSE
surflant.usff.navy.mil,navy.mil,Executive,,,,,FALSE,TRUE,FALSE,FALSE
surfpac.navy.mil,navy.mil,Executive,,,,,FALSE,TRUE,FALSE,FALSE
ttgp.navy.mil,navy.mil,Executive,,,,,FALSE,TRUE,FALSE,FALSE
usff.navy.mil,navy.mil,Executive,,,,,FALSE,TRUE,FALSE,FALSE
capstone.ndu.edu,ndu.edu,Executive,,,,,FALSE,TRUE,FALSE,FALSE
casl.ndu.edu,ndu.edu,Executive,,,,,FALSE,TRUE,FALSE,FALSE
cco.ndu.edu,ndu.edu,Executive,,,,,FALSE,TRUE,FALSE,FALSE
cic.ndu.edu,ndu.edu,Executive,,,,,FALSE,TRUE,FALSE,FALSE
cisa.ndu.edu,ndu.edu,Executive,,,,,FALSE,TRUE,FALSE,FALSE
cjsl.ndu.edu,ndu.edu,Executive,,,,,FALSE,TRUE,FALSE,FALSE
es.ndu.edu,ndu.edu,Executive,,,,,FALSE,TRUE,FALSE,FALSE
inss.ndu.edu,ndu.edu,Executive,,,,,FALSE,TRUE,FALSE,FALSE
ismo.ndu.edu,ndu.edu,Executive,,,,,FALSE,TRUE,FALSE,FALSE
jfsc.ndu.edu,ndu.edu,Executive,,,,,FALSE,TRUE,FALSE,FALSE
keystone.ndu.edu,ndu.edu,Executive,,,,,FALSE,TRUE,FALSE,FALSE
ndu.edu,ndu.edu,Executive,,,,,FALSE,TRUE,FALSE,FALSE
ndupress.ndu.edu,ndu.edu,Executive,,,,,FALSE,TRUE,FALSE,FALSE
nwc.ndu.edu,ndu.edu,Executive,,,,,FALSE,TRUE,FALSE,FALSE
pinnacle.ndu.edu,ndu.edu,Executive,,,,,FALSE,TRUE,FALSE,FALSE
rcnsc.ndu.edu,ndu.edu,Executive,,,,,FALSE,TRUE,FALSE,FALSE
wmdcenter.ndu.edu,ndu.edu,Executive,,,,,FALSE,TRUE,FALSE,FALSE
ak.ng.mil,ng.mil,Executive,,,,,FALSE,TRUE,FALSE,FALSE
al.ng.mil,ng.mil,Executive,,,,,FALSE,TRUE,FALSE,FALSE
atterburymuscatatuck.in.ng.mil,ng.mil,Executive,,,,,FALSE,TRUE,FALSE,FALSE
campedwards.ng.mil,ng.mil,Executive,,,,,FALSE,TRUE,FALSE,FALSE
co.ng.mil,ng.mil,Executive,,,,,FALSE,TRUE,FALSE,FALSE
ct.ng.mil,ng.mil,Executive,,,,,FALSE,TRUE,FALSE,FALSE
dc.ng.mil,ng.mil,Executive,,,,,FALSE,TRUE,FALSE,FALSE
de.ng.mil,ng.mil,Executive,,,,,FALSE,TRUE,FALSE,FALSE
ftig.ng.mil,ng.mil,Executive,,,,,FALSE,TRUE,FALSE,FALSE
ga.ng.mil,ng.mil,Executive,,,,,FALSE,TRUE,FALSE,FALSE
gu.ng.mil,ng.mil,Executive,,,,,FALSE,TRUE,FALSE,FALSE
in.ng.mil,ng.mil,Executive,,,,,FALSE,TRUE,FALSE,FALSE
ky.ng.mil,ng.mil,Executive,,,,,FALSE,TRUE,FALSE,FALSE
me.ng.mil,ng.mil,Executive,,,,,FALSE,TRUE,FALSE,FALSE
ngbpmc.ng.mil,ng.mil,Executive,,,,,FALSE,TRUE,FALSE,FALSE
nh.ng.mil,ng.mil,Executive,,,,,FALSE,TRUE,FALSE,FALSE
ok.ng.mil,ng.mil,Executive,,,,,FALSE,TRUE,FALSE,FALSE
pa.ng.mil,ng.mil,Executive,,,,,FALSE,TRUE,FALSE,FALSE
ri.ng.mil,ng.mil,Executive,,,,,FALSE,TRUE,FALSE,FALSE
scguard.ng.mil,ng.mil,Executive,,,,,FALSE,TRUE,FALSE,FALSE
ut.ng.mil,ng.mil,Executive,,,,,FALSE,TRUE,FALSE,FALSE
va.ng.mil,ng.mil,Executive,,,,,FALSE,TRUE,FALSE,FALSE
vi.ng.mil,ng.mil,Executive,,,,,FALSE,TRUE,FALSE,FALSE
vt.public.ng.mil,ng.mil,Executive,,,,,FALSE,TRUE,FALSE,FALSE
wv.ng.mil,ng.mil,Executive,,,,,FALSE,TRUE,FALSE,FALSE
info.nga.mil,nga.mil,Executive,,,,,FALSE,TRUE,FALSE,FALSE
nga.mil,nga.mil,Executive,,,,,FALSE,TRUE,FALSE,FALSE
moguard.ngb.mil,ngb.mil,Executive,,,,,FALSE,TRUE,FALSE,FALSE
norad.mil,norad.mil,Executive,,,,,FALSE,TRUE,FALSE,FALSE
jtfcs.northcom.mil,northcom.mil,Executive,,,,,FALSE,TRUE,FALSE,FALSE
jtfn.northcom.mil,northcom.mil,Executive,,,,,FALSE,TRUE,FALSE,FALSE
northcom.mil,northcom.mil,Executive,,,,,FALSE,TRUE,FALSE,FALSE
oldcc.mil,oldcc.mil,Executive,,,,,FALSE,TRUE,FALSE,FALSE
acq.osd.mil,osd.mil,Executive,,,,,FALSE,TRUE,FALSE,FALSE
constitutionday.cpms.osd.mil,osd.mil,Executive,,,,,FALSE,TRUE,FALSE,FALSE
cool.osd.mil,osd.mil,Executive,,,,,FALSE,TRUE,FALSE,FALSE
dodsoco.ogc.osd.mil,osd.mil,Executive,,,,,FALSE,TRUE,FALSE,FALSE
doha.ogc.osd.mil,osd.mil,Executive,,,,,FALSE,TRUE,FALSE,FALSE
dote.osd.mil,osd.mil,Executive,,,,,FALSE,TRUE,FALSE,FALSE
milgears.osd.mil,osd.mil,Executive,,,,,FALSE,TRUE,FALSE,FALSE
ogc.osd.mil,osd.mil,Executive,,,,,FALSE,TRUE,FALSE,FALSE
skillbridge.osd.mil,osd.mil,Executive,,,,,FALSE,TRUE,FALSE,FALSE
staging-businessdefense.acq.osd.mil,osd.mil,Executive,,,,,FALSE,TRUE,FALSE,FALSE
staging-www.acq.osd.mil,osd.mil,Executive,,,,,FALSE,TRUE,FALSE,FALSE
test-evaluation.osd.mil,osd.mil,Executive,,,,,FALSE,TRUE,FALSE,FALSE
usmap.osd.mil,osd.mil,Executive,,,,,FALSE,TRUE,FALSE,FALSE
wageandsalary.dcpas.osd.mil,osd.mil,Executive,,,,,FALSE,TRUE,FALSE,FALSE
pacom.mil,pacom.mil,Executive,,,,,FALSE,TRUE,FALSE,FALSE
pfpa.mil,pfpa.mil,Executive,,,,,FALSE,TRUE,FALSE,FALSE
clinton.presidentiallibraries.us,presidentiallibraries.us,Executive,,,,,FALSE,TRUE,FALSE,FALSE
prs.mil,prs.mil,Executive,,,,,FALSE,TRUE,FALSE,FALSE
psoppc.org,psoppc.org,Executive,,,,,FALSE,TRUE,FALSE,FALSE
repi.mil,repi.mil,Executive,,,,,FALSE,TRUE,FALSE,FALSE
sda.mil,sda.mil,Executive,,,,,FALSE,TRUE,FALSE,FALSE
shadesofgreen.org,shadesofgreen.org,Executive,,,,,FALSE,TRUE,FALSE,FALSE
sigar.mil,sigar.mil,Executive,,,,,FALSE,TRUE,FALSE,FALSE
jiatfs.southcom.mil,southcom.mil,Executive,,,,,FALSE,TRUE,FALSE,FALSE
jtfb.southcom.mil,southcom.mil,Executive,,,,,FALSE,TRUE,FALSE,FALSE
jtfgtmo.southcom.mil,southcom.mil,Executive,,,,,FALSE,TRUE,FALSE,FALSE
southcom.mil,southcom.mil,Executive,,,,,FALSE,TRUE,FALSE,FALSE
spacecom.mil,spacecom.mil,Executive,,,,,FALSE,TRUE,FALSE,FALSE
buckley.spaceforce.mil,spaceforce.mil,Executive,,,,,FALSE,TRUE,FALSE,FALSE
losangeles.spaceforce.mil,spaceforce.mil,Executive,,,,,FALSE,TRUE,FALSE,FALSE
patrick.spaceforce.mil,spaceforce.mil,Executive,,,,,FALSE,TRUE,FALSE,FALSE
schriever.spaceforce.mil,spaceforce.mil,Executive,,,,,FALSE,TRUE,FALSE,FALSE
spacebasedelta1.spaceforce.mil,spaceforce.mil,Executive,,,,,FALSE,TRUE,FALSE,FALSE
spaceforce.mil,spaceforce.mil,Executive,,,,,FALSE,TRUE,FALSE,FALSE
spoc.spaceforce.mil,spaceforce.mil,Executive,,,,,FALSE,TRUE,FALSE,FALSE
ssc.spaceforce.mil,spaceforce.mil,Executive,,,,,FALSE,TRUE,FALSE,FALSE
starcom.spaceforce.mil,spaceforce.mil,Executive,,,,,FALSE,TRUE,FALSE,FALSE
vandenberg.spaceforce.mil,spaceforce.mil,Executive,,,,,FALSE,TRUE,FALSE,FALSE
chemapps.stolaf.edu,stolaf.edu,Executive,,,,,FALSE,TRUE,FALSE,FALSE
stratcom.mil,stratcom.mil,Executive,,,,,FALSE,TRUE,FALSE,FALSE
swcs.mil,swcs.mil,Executive,,,,,FALSE,TRUE,FALSE,FALSE
bush41library.tamu.edu,tamu.edu,Executive,,,,,FALSE,TRUE,FALSE,FALSE
cco-ndu-edu.translate.goog,translate.goog,Executive,,,,,FALSE,TRUE,FALSE,FALSE
inss-ndu-edu.translate.goog,translate.goog,Executive,,,,,FALSE,TRUE,FALSE,FALSE
ndupress-ndu-edu.translate.goog,translate.goog,Executive,,,,,FALSE,TRUE,FALSE,FALSE
nwc-ndu-edu.translate.goog,translate.goog,Executive,,,,,FALSE,TRUE,FALSE,FALSE
www-ndu-edu.translate.goog,translate.goog,Executive,,,,,FALSE,TRUE,FALSE,FALSE
airforceacademy.tricare.mil,tricare.mil,Executive,,,,,FALSE,TRUE,FALSE,FALSE
altus.tricare.mil,tricare.mil,Executive,,,,,FALSE,TRUE,FALSE,FALSE
anacostiabolling.tricare.mil,tricare.mil,Executive,,,,,FALSE,TRUE,FALSE,FALSE
andersen.tricare.mil,tricare.mil,Executive,,,,,FALSE,TRUE,FALSE,FALSE
andrews.tricare.mil,tricare.mil,Executive,,,,,FALSE,TRUE,FALSE,FALSE
annapolis.tricare.mil,tricare.mil,Executive,,,,,FALSE,TRUE,FALSE,FALSE
aviano.tricare.mil,tricare.mil,Executive,,,,,FALSE,TRUE,FALSE,FALSE
bamc.tricare.mil,tricare.mil,Executive,,,,,FALSE,TRUE,FALSE,FALSE
barksdale.tricare.mil,tricare.mil,Executive,,,,,FALSE,TRUE,FALSE,FALSE
barquist.tricare.mil,tricare.mil,Executive,,,,,FALSE,TRUE,FALSE,FALSE
bassett-wainwright.tricare.mil,tricare.mil,Executive,,,,,FALSE,TRUE,FALSE,FALSE
bayne-jones.tricare.mil,tricare.mil,Executive,,,,,FALSE,TRUE,FALSE,FALSE
beale.tricare.mil,tricare.mil,Executive,,,,,FALSE,TRUE,FALSE,FALSE
beaufort.tricare.mil,tricare.mil,Executive,,,,,FALSE,TRUE,FALSE,FALSE
belvoirhospital.tricare.mil,tricare.mil,Executive,,,,,FALSE,TRUE,FALSE,FALSE
bg-crawford.tricare.mil,tricare.mil,Executive,,,,,FALSE,TRUE,FALSE,FALSE
blanchfield.tricare.mil,tricare.mil,Executive,,,,,FALSE,TRUE,FALSE,FALSE
bremerton.tricare.mil,tricare.mil,Executive,,,,,FALSE,TRUE,FALSE,FALSE
briandallgood.tricare.mil,tricare.mil,Executive,,,,,FALSE,TRUE,FALSE,FALSE
buckley.tricare.mil,tricare.mil,Executive,,,,,FALSE,TRUE,FALSE,FALSE
calmed.tricare.mil,tricare.mil,Executive,,,,,FALSE,TRUE,FALSE,FALSE
camp-lejeune.tricare.mil,tricare.mil,Executive,,,,,FALSE,TRUE,FALSE,FALSE
camp-pendleton.tricare.mil,tricare.mil,Executive,,,,,FALSE,TRUE,FALSE,FALSE
cannon.tricare.mil,tricare.mil,Executive,,,,,FALSE,TRUE,FALSE,FALSE
charleston.tricare.mil,tricare.mil,Executive,,,,,FALSE,TRUE,FALSE,FALSE
cherrypoint.tricare.mil,tricare.mil,Executive,,,,,FALSE,TRUE,FALSE,FALSE
columbus.tricare.mil,tricare.mil,Executive,,,,,FALSE,TRUE,FALSE,FALSE
corpuschristi.tricare.mil,tricare.mil,Executive,,,,,FALSE,TRUE,FALSE,FALSE
darnall.tricare.mil,tricare.mil,Executive,,,,,FALSE,TRUE,FALSE,FALSE
davismonthan.tricare.mil,tricare.mil,Executive,,,,,FALSE,TRUE,FALSE,FALSE
desmond-doss.tricare.mil,tricare.mil,Executive,,,,,FALSE,TRUE,FALSE,FALSE
diegogarcia.tricare.mil,tricare.mil,Executive,,,,,FALSE,TRUE,FALSE,FALSE
dover.tricare.mil,tricare.mil,Executive,,,,,FALSE,TRUE,FALSE,FALSE
dunham.tricare.mil,tricare.mil,Executive,,,,,FALSE,TRUE,FALSE,FALSE
dyess.tricare.mil,tricare.mil,Executive,,,,,FALSE,TRUE,FALSE,FALSE
edwards.tricare.mil,tricare.mil,Executive,,,,,FALSE,TRUE,FALSE,FALSE
eglin.tricare.mil,tricare.mil,Executive,,,,,FALSE,TRUE,FALSE,FALSE
eielson.tricare.mil,tricare.mil,Executive,,,,,FALSE,TRUE,FALSE,FALSE
eisenhower.tricare.mil,tricare.mil,Executive,,,,,FALSE,TRUE,FALSE,FALSE
ellsworth.tricare.mil,tricare.mil,Executive,,,,,FALSE,TRUE,FALSE,FALSE
elmendorfrichardson.tricare.mil,tricare.mil,Executive,,,,,FALSE,TRUE,FALSE,FALSE
evans.tricare.mil,tricare.mil,Executive,,,,,FALSE,TRUE,FALSE,FALSE
fairchild.tricare.mil,tricare.mil,Executive,,,,,FALSE,TRUE,FALSE,FALSE
fewarren.tricare.mil,tricare.mil,Executive,,,,,FALSE,TRUE,FALSE,FALSE
goodfellow.tricare.mil,tricare.mil,Executive,,,,,FALSE,TRUE,FALSE,FALSE
grandforks.tricare.mil,tricare.mil,Executive,,,,,FALSE,TRUE,FALSE,FALSE
guam.tricare.mil,tricare.mil,Executive,,,,,FALSE,TRUE,FALSE,FALSE
guantanamo.tricare.mil,tricare.mil,Executive,,,,,FALSE,TRUE,FALSE,FALSE
guthrie.tricare.mil,tricare.mil,Executive,,,,,FALSE,TRUE,FALSE,FALSE
hanscom.tricare.mil,tricare.mil,Executive,,,,,FALSE,TRUE,FALSE,FALSE
hill.tricare.mil,tricare.mil,Executive,,,,,FALSE,TRUE,FALSE,FALSE
holloman.tricare.mil,tricare.mil,Executive,,,,,FALSE,TRUE,FALSE,FALSE
hurlburt.tricare.mil,tricare.mil,Executive,,,,,FALSE,TRUE,FALSE,FALSE
incirlik.tricare.mil,tricare.mil,Executive,,,,,FALSE,TRUE,FALSE,FALSE
ireland.tricare.mil,tricare.mil,Executive,,,,,FALSE,TRUE,FALSE,FALSE
irwin.tricare.mil,tricare.mil,Executive,,,,,FALSE,TRUE,FALSE,FALSE
jacksonville.tricare.mil,tricare.mil,Executive,,,,,FALSE,TRUE,FALSE,FALSE
kadena.tricare.mil,tricare.mil,Executive,,,,,FALSE,TRUE,FALSE,FALSE
keesler.tricare.mil,tricare.mil,Executive,,,,,FALSE,TRUE,FALSE,FALSE
keller.tricare.mil,tricare.mil,Executive,,,,,FALSE,TRUE,FALSE,FALSE
kenner.tricare.mil,tricare.mil,Executive,,,,,FALSE,TRUE,FALSE,FALSE
kimbrough.tricare.mil,tricare.mil,Executive,,,,,FALSE,TRUE,FALSE,FALSE
kirk.tricare.mil,tricare.mil,Executive,,,,,FALSE,TRUE,FALSE,FALSE
kirtland.tricare.mil,tricare.mil,Executive,,,,,FALSE,TRUE,FALSE,FALSE
kunsan.tricare.mil,tricare.mil,Executive,,,,,FALSE,TRUE,FALSE,FALSE
landstuhl.tricare.mil,tricare.mil,Executive,,,,,FALSE,TRUE,FALSE,FALSE
langleyeustis.tricare.mil,tricare.mil,Executive,,,,,FALSE,TRUE,FALSE,FALSE
laughlin.tricare.mil,tricare.mil,Executive,,,,,FALSE,TRUE,FALSE,FALSE
lemoore.tricare.mil,tricare.mil,Executive,,,,,FALSE,TRUE,FALSE,FALSE
leonard-wood.tricare.mil,tricare.mil,Executive,,,,,FALSE,TRUE,FALSE,FALSE
lewismcchord.tricare.mil,tricare.mil,Executive,,,,,FALSE,TRUE,FALSE,FALSE
littlerock.tricare.mil,tricare.mil,Executive,,,,,FALSE,TRUE,FALSE,FALSE
losangeles.tricare.mil,tricare.mil,Executive,,,,,FALSE,TRUE,FALSE,FALSE
luke.tricare.mil,tricare.mil,Executive,,,,,FALSE,TRUE,FALSE,FALSE
lyster.tricare.mil,tricare.mil,Executive,,,,,FALSE,TRUE,FALSE,FALSE
macdill.tricare.mil,tricare.mil,Executive,,,,,FALSE,TRUE,FALSE,FALSE
madigan.tricare.mil,tricare.mil,Executive,,,,,FALSE,TRUE,FALSE,FALSE
malmstrom.tricare.mil,tricare.mil,Executive,,,,,FALSE,TRUE,FALSE,FALSE
martin.tricare.mil,tricare.mil,Executive,,,,,FALSE,TRUE,FALSE,FALSE
maxwell.tricare.mil,tricare.mil,Executive,,,,,FALSE,TRUE,FALSE,FALSE
mcconnell.tricare.mil,tricare.mil,Executive,,,,,FALSE,TRUE,FALSE,FALSE
mcdonald.tricare.mil,tricare.mil,Executive,,,,,FALSE,TRUE,FALSE,FALSE
mcguiredixlakehurst.tricare.mil,tricare.mil,Executive,,,,,FALSE,TRUE,FALSE,FALSE
mhs-europe.tricare.mil,tricare.mil,Executive,,,,,FALSE,TRUE,FALSE,FALSE
minot.tricare.mil,tricare.mil,Executive,,,,,FALSE,TRUE,FALSE,FALSE
misawa.tricare.mil,tricare.mil,Executive,,,,,FALSE,TRUE,FALSE,FALSE
moncrief.tricare.mil,tricare.mil,Executive,,,,,FALSE,TRUE,FALSE,FALSE
moody.tricare.mil,tricare.mil,Executive,,,,,FALSE,TRUE,FALSE,FALSE
mountainhome.tricare.mil,tricare.mil,Executive,,,,,FALSE,TRUE,FALSE,FALSE
munson.tricare.mil,tricare.mil,Executive,,,,,FALSE,TRUE,FALSE,FALSE
naples.tricare.mil,tricare.mil,Executive,,,,,FALSE,TRUE,FALSE,FALSE
nellis.tricare.mil,tricare.mil,Executive,,,,,FALSE,TRUE,FALSE,FALSE
newengland.tricare.mil,tricare.mil,Executive,,,,,FALSE,TRUE,FALSE,FALSE
newsroom.tricare.mil,tricare.mil,Executive,,,,,FALSE,TRUE,FALSE,FALSE
nhc-charleston.tricare.mil,tricare.mil,Executive,,,,,FALSE,TRUE,FALSE,FALSE
nhchawaii.tricare.mil,tricare.mil,Executive,,,,,FALSE,TRUE,FALSE,FALSE
ninetwo.tricare.mil,tricare.mil,Executive,,,,,FALSE,TRUE,FALSE,FALSE
oakharbor.tricare.mil,tricare.mil,Executive,,,,,FALSE,TRUE,FALSE,FALSE
offutt.tricare.mil,tricare.mil,Executive,,,,,FALSE,TRUE,FALSE,FALSE
okinawa.tricare.mil,tricare.mil,Executive,,,,,FALSE,TRUE,FALSE,FALSE
osan.tricare.mil,tricare.mil,Executive,,,,,FALSE,TRUE,FALSE,FALSE
patrick.tricare.mil,tricare.mil,Executive,,,,,FALSE,TRUE,FALSE,FALSE
paxriver.tricare.mil,tricare.mil,Executive,,,,,FALSE,TRUE,FALSE,FALSE
pearlharborhickam.tricare.mil,tricare.mil,Executive,,,,,FALSE,TRUE,FALSE,FALSE
pensacola.tricare.mil,tricare.mil,Executive,,,,,FALSE,TRUE,FALSE,FALSE
peterson.tricare.mil,tricare.mil,Executive,,,,,FALSE,TRUE,FALSE,FALSE
pope.tricare.mil,tricare.mil,Executive,,,,,FALSE,TRUE,FALSE,FALSE
portsmouth.tricare.mil,tricare.mil,Executive,,,,,FALSE,TRUE,FALSE,FALSE
quantico.tricare.mil,tricare.mil,Executive,,,,,FALSE,TRUE,FALSE,FALSE
rader.tricare.mil,tricare.mil,Executive,,,,,FALSE,TRUE,FALSE,FALSE
rafalconbury.tricare.mil,tricare.mil,Executive,,,,,FALSE,TRUE,FALSE,FALSE
rafcroughton.tricare.mil,tricare.mil,Executive,,,,,FALSE,TRUE,FALSE,FALSE
raflakenheath.tricare.mil,tricare.mil,Executive,,,,,FALSE,TRUE,FALSE,FALSE
ramstein.tricare.mil,tricare.mil,Executive,,,,,FALSE,TRUE,FALSE,FALSE
raymond-bliss.tricare.mil,tricare.mil,Executive,,,,,FALSE,TRUE,FALSE,FALSE
redstone.tricare.mil,tricare.mil,Executive,,,,,FALSE,TRUE,FALSE,FALSE
reynolds.tricare.mil,tricare.mil,Executive,,,,,FALSE,TRUE,FALSE,FALSE
robins.tricare.mil,tricare.mil,Executive,,,,,FALSE,TRUE,FALSE,FALSE
rodriguez.tricare.mil,tricare.mil,Executive,,,,,FALSE,TRUE,FALSE,FALSE
rota.tricare.mil,tricare.mil,Executive,,,,,FALSE,TRUE,FALSE,FALSE
sandiego.tricare.mil,tricare.mil,Executive,,,,,FALSE,TRUE,FALSE,FALSE
scott.tricare.mil,tricare.mil,Executive,,,,,FALSE,TRUE,FALSE,FALSE
seymourjohnson.tricare.mil,tricare.mil,Executive,,,,,FALSE,TRUE,FALSE,FALSE
shaw.tricare.mil,tricare.mil,Executive,,,,,FALSE,TRUE,FALSE,FALSE
sheppard.tricare.mil,tricare.mil,Executive,,,,,FALSE,TRUE,FALSE,FALSE
sigonella.tricare.mil,tricare.mil,Executive,,,,,FALSE,TRUE,FALSE,FALSE
southcomclinic.tricare.mil,tricare.mil,Executive,,,,,FALSE,TRUE,FALSE,FALSE
spangdahlem.tricare.mil,tricare.mil,Executive,,,,,FALSE,TRUE,FALSE,FALSE
staging-cms.tricare.mil,tricare.mil,Executive,,,,,FALSE,TRUE,FALSE,FALSE
staging-www.tricare.mil,tricare.mil,Executive,,,,,FALSE,TRUE,FALSE,FALSE
tinker.tricare.mil,tricare.mil,Executive,,,,,FALSE,TRUE,FALSE,FALSE
travis.tricare.mil,tricare.mil,Executive,,,,,FALSE,TRUE,FALSE,FALSE
tricare.mil,tricare.mil,Executive,,,,,FALSE,TRUE,FALSE,FALSE
tripler.tricare.mil,tricare.mil,Executive,,,,,FALSE,TRUE,FALSE,FALSE
twentynine-palms.tricare.mil,tricare.mil,Executive,,,,,FALSE,TRUE,FALSE,FALSE
tyndall.tricare.mil,tricare.mil,Executive,,,,,FALSE,TRUE,FALSE,FALSE
vance.tricare.mil,tricare.mil,Executive,,,,,FALSE,TRUE,FALSE,FALSE
vandenberg.tricare.mil,tricare.mil,Executive,,,,,FALSE,TRUE,FALSE,FALSE
walterreed.tricare.mil,tricare.mil,Executive,,,,,FALSE,TRUE,FALSE,FALSE
weed-irwin.tricare.mil,tricare.mil,Executive,,,,,FALSE,TRUE,FALSE,FALSE
whiteman.tricare.mil,tricare.mil,Executive,,,,,FALSE,TRUE,FALSE,FALSE
wilfordhall.tricare.mil,tricare.mil,Executive,,,,,FALSE,TRUE,FALSE,FALSE
william-beaumont.tricare.mil,tricare.mil,Executive,,,,,FALSE,TRUE,FALSE,FALSE
winn.tricare.mil,tricare.mil,Executive,,,,,FALSE,TRUE,FALSE,FALSE
womack.tricare.mil,tricare.mil,Executive,,,,,FALSE,TRUE,FALSE,FALSE
wrightpatterson.tricare.mil,tricare.mil,Executive,,,,,FALSE,TRUE,FALSE,FALSE
yokosuka.tricare.mil,tricare.mil,Executive,,,,,FALSE,TRUE,FALSE,FALSE
yokota.tricare.mil,tricare.mil,Executive,,,,,FALSE,TRUE,FALSE,FALSE
unc.mil,unc.mil,Executive,,,,,FALSE,TRUE,FALSE,FALSE
atlanticarea.uscg.mil,uscg.mil,Executive,,,,,FALSE,TRUE,FALSE,FALSE
dcms.uscg.mil,uscg.mil,Executive,,,,,FALSE,TRUE,FALSE,FALSE
dco.uscg.mil,uscg.mil,Executive,,,,,FALSE,TRUE,FALSE,FALSE
forcecom.uscg.mil,uscg.mil,Executive,,,,,FALSE,TRUE,FALSE,FALSE
history.uscg.mil,uscg.mil,Executive,,,,,FALSE,TRUE,FALSE,FALSE
mycg.uscg.mil,uscg.mil,Executive,,,,,FALSE,TRUE,FALSE,FALSE
ncgm.uscg.mil,uscg.mil,Executive,,,,,FALSE,TRUE,FALSE,FALSE
news.uscg.mil,uscg.mil,Executive,,,,,FALSE,TRUE,FALSE,FALSE
pacificarea.uscg.mil,uscg.mil,Executive,,,,,FALSE,TRUE,FALSE,FALSE
reserve.uscg.mil,uscg.mil,Executive,,,,,FALSE,TRUE,FALSE,FALSE
uscg.mil,uscg.mil,Executive,,,,,FALSE,TRUE,FALSE,FALSE
usfj.mil,usfj.mil,Executive,,,,,FALSE,TRUE,FALSE,FALSE
usfk.mil,usfk.mil,Executive,,,,,FALSE,TRUE,FALSE,FALSE
usmint.com,usmint.com,Executive,,,,,FALSE,TRUE,FALSE,FALSE
uspreventiveservicestaskforce.org,uspreventiveservicestaskforce.org,Executive,,,,,FALSE,TRUE,FALSE,FALSE
about.usps.com,usps.com,Executive,,,,,FALSE,TRUE,FALSE,FALSE
cat-tools.usps.com,usps.com,Executive,,,,,FALSE,TRUE,FALSE,FALSE
catpx-custreg.usps.com,usps.com,Executive,,,,,FALSE,TRUE,FALSE,FALSE
cfo.usps.com,usps.com,Executive,,,,,FALSE,TRUE,FALSE,FALSE
cns.usps.com,usps.com,Executive,,,,,FALSE,TRUE,FALSE,FALSE
dbcalc.usps.com,usps.com,Executive,,,,,FALSE,TRUE,FALSE,FALSE
dbcalcsm.usps.com,usps.com,Executive,,,,,FALSE,TRUE,FALSE,FALSE
ecom-cat.usps.com,usps.com,Executive,,,,,FALSE,TRUE,FALSE,FALSE
eddm.usps.com,usps.com,Executive,,,,,FALSE,TRUE,FALSE,FALSE
eddmr-cat.usps.com,usps.com,Executive,,,,,FALSE,TRUE,FALSE,FALSE
emailus.usps.com,usps.com,Executive,,,,,FALSE,TRUE,FALSE,FALSE
es-reg.usps.com,usps.com,Executive,,,,,FALSE,TRUE,FALSE,FALSE
es-store.usps.com,usps.com,Executive,,,,,FALSE,TRUE,FALSE,FALSE
es-tools.usps.com,usps.com,Executive,,,,,FALSE,TRUE,FALSE,FALSE
es.usps.com,usps.com,Executive,,,,,FALSE,TRUE,FALSE,FALSE
faq.usps.com,usps.com,Executive,,,,,FALSE,TRUE,FALSE,FALSE
fast-tem.usps.com,usps.com,Executive,,,,,FALSE,TRUE,FALSE,FALSE
gab.usps.com,usps.com,Executive,,,,,FALSE,TRUE,FALSE,FALSE
gateway.usps.com,usps.com,Executive,,,,,FALSE,TRUE,FALSE,FALSE
holdmail.usps.com,usps.com,Executive,,,,,FALSE,TRUE,FALSE,FALSE
ibcalc.usps.com,usps.com,Executive,,,,,FALSE,TRUE,FALSE,FALSE
ibcalcea.usps.com,usps.com,Executive,,,,,FALSE,TRUE,FALSE,FALSE
ibcalcsm.usps.com,usps.com,Executive,,,,,FALSE,TRUE,FALSE,FALSE
informeddelivery.usps.com,usps.com,Executive,,,,,FALSE,TRUE,FALSE,FALSE
internationalclaims.usps.com,usps.com,Executive,,,,,FALSE,TRUE,FALSE,FALSE
loyalty.usps.com,usps.com,Executive,,,,,FALSE,TRUE,FALSE,FALSE
m.usps.com,usps.com,Executive,,,,,FALSE,TRUE,FALSE,FALSE
missingmail.usps.com,usps.com,Executive,,,,,FALSE,TRUE,FALSE,FALSE
onlineclaims.usps.com,usps.com,Executive,,,,,FALSE,TRUE,FALSE,FALSE
origin-catpx-about.usps.com,usps.com,Executive,,,,,FALSE,TRUE,FALSE,FALSE
pe.usps.com,usps.com,Executive,,,,,FALSE,TRUE,FALSE,FALSE
pfsr.usps.com,usps.com,Executive,,,,,FALSE,TRUE,FALSE,FALSE
poboxes.usps.com,usps.com,Executive,,,,,FALSE,TRUE,FALSE,FALSE
postalpro.usps.com,usps.com,Executive,,,,,FALSE,TRUE,FALSE,FALSE
postcalc.usps.com,usps.com,Executive,,,,,FALSE,TRUE,FALSE,FALSE
postcalcea.usps.com,usps.com,Executive,,,,,FALSE,TRUE,FALSE,FALSE
postcalcsm.usps.com,usps.com,Executive,,,,,FALSE,TRUE,FALSE,FALSE
printerdirectory.usps.com,usps.com,Executive,,,,,FALSE,TRUE,FALSE,FALSE
prodpx-promotool.usps.com,usps.com,Executive,,,,,FALSE,TRUE,FALSE,FALSE
programregistration.usps.com,usps.com,Executive,,,,,FALSE,TRUE,FALSE,FALSE
realmail.usps.com,usps.com,Executive,,,,,FALSE,TRUE,FALSE,FALSE
reg.usps.com,usps.com,Executive,,,,,FALSE,TRUE,FALSE,FALSE
retail-pi.usps.com,usps.com,Executive,,,,,FALSE,TRUE,FALSE,FALSE
servicerefunds.usps.com,usps.com,Executive,,,,,FALSE,TRUE,FALSE,FALSE
special.usps.com,usps.com,Executive,,,,,FALSE,TRUE,FALSE,FALSE
stage-cns.usps.com,usps.com,Executive,,,,,FALSE,TRUE,FALSE,FALSE
stage-poboxes.usps.com,usps.com,Executive,,,,,FALSE,TRUE,FALSE,FALSE
stage-www.usps.com,usps.com,Executive,,,,,FALSE,TRUE,FALSE,FALSE
store.usps.com,usps.com,Executive,,,,,FALSE,TRUE,FALSE,FALSE
tools.usps.com,usps.com,Executive,,,,,FALSE,TRUE,FALSE,FALSE
usps.com,usps.com,Executive,,,,,FALSE,TRUE,FALSE,FALSE
zh-reg.usps.com,usps.com,Executive,,,,,FALSE,TRUE,FALSE,FALSE
zh-store.usps.com,usps.com,Executive,,,,,FALSE,TRUE,FALSE,FALSE
zh-tools.usps.com,usps.com,Executive,,,,,FALSE,TRUE,FALSE,FALSE
zh.usps.com,usps.com,Executive,,,,,FALSE,TRUE,FALSE,FALSE
whitehousecommsagency.mil,whitehousecommsagency.mil,Executive,,,,,FALSE,TRUE,FALSE,FALSE
esd.whs.mil,whs.mil,Executive,,,,,FALSE,TRUE,FALSE,FALSE
pac.whs.mil,whs.mil,Executive,,,,,FALSE,TRUE,FALSE,FALSE
whs.mil,whs.mil,Executive,,,,,FALSE,TRUE,FALSE,FALSE
