target_url,source_list_dod_public
cdse.edu,TRUE
ndu.edu,TRUE
cic.ndu.edu,TRUE
usmcu.edu,TRUE
jfsc.ndu.edu,TRUE
pavilion.dinfos.edu,TRUE
dodmwrandresalepolicy.defense.gov,TRUE
dbb.defense.gov,TRUE
actuary.defense.gov,TRUE
dodsioo.defense.gov,TRUE
nro.gov,TRUE
dpcld.defense.gov,TRUE
nmio.ise.gov,TRUE
armedforcessports.defense.gov,TRUE
business.defense.gov,TRUE
dcips.defense.gov,TRUE
2021dodtransition.defense.gov,TRUE
cmts.gov,TRUE
basicresearch.defense.gov,TRUE
whs.mil,TRUE
asbca.mil,TRUE
cac.mil,TRUE
dia.mil,TRUE
dodmantech.mil,TRUE
inherentresolve.mil,TRUE
sigar.mil,TRUE
unc.mil,TRUE
lrd.usace.army.mil,TRUE
skysoldiers.army.mil,TRUE
nau.usace.army.mil,TRUE
nao.usace.army.mil,TRUE
amc.army.mil,TRUE
ok.ng.mil,TRUE
arnorth.army.mil,TRUE
ky.ng.mil,TRUE
tad.usace.army.mil,TRUE
mvd.usace.army.mil,TRUE
41fab.army.mil,TRUE
mvn.usace.army.mil,TRUE
minationalguard.dodlive.mil,TRUE
ftig.ng.mil,TRUE
lre.usace.army.mil,TRUE
wi.ng.mil,TRUE
arcyber.army.mil,TRUE
al.ng.mil,TRUE
afsbeurope.army.mil,TRUE
europeafrica.army.mil,TRUE
2sigbde.army.mil,TRUE
smdc.army.mil,TRUE
wv.ng.mil,TRUE
aec.army.mil,TRUE
poj.usace.army.mil,TRUE
h2f.army.mil,TRUE
il.ngb.army.mil,TRUE
mvk.usace.army.mil,TRUE
wrair.health.mil,TRUE
asc-406-lrc-belvoir.army.mil,TRUE
56ac.army.mil,TRUE
11thairbornedivision.army.mil,TRUE
nationalguard.mil,TRUE
nwk.usace.army.mil,TRUE
20cbrne.army.mil,TRUE
fl.ng.mil,TRUE
21tsc.army.mil,TRUE
forscom.army.mil,TRUE
nwo.usace.army.mil,TRUE
spl.usace.army.mil,TRUE
peoc3n.army.mil,TRUE
68tmc.army.mil,TRUE
1stio.army.mil,TRUE
nwd.usace.army.mil,TRUE
edis.army.mil,TRUE
nv.ng.mil,TRUE
saw.usace.army.mil,TRUE
sac.usace.army.mil,TRUE
t2.army.mil,TRUE
nwp.usace.army.mil,TRUE
cid.army.mil,TRUE
ncoworldwide.army.mil,TRUE
de.ng.mil,TRUE
usanca.army.mil,TRUE
swl.usace.army.mil,TRUE
usar.army.mil,TRUE
2id.korea.army.mil,TRUE
agc.army.mil,TRUE
usace.army.mil,TRUE
co.ng.mil,TRUE
efmp.amedd.army.mil,TRUE
arkansas.nationalguard.mil,TRUE
dcsa.mil,TRUE
dfas.mil,TRUE
quantico.tricare.mil,TRUE
rodriguez.tricare.mil,TRUE
corpuschristi.tricare.mil,TRUE
barquist.tricare.mil,TRUE
tripler.tricare.mil,TRUE
afrims.health.mil,TRUE
diegogarcia.tricare.mil,TRUE
mcdonald.tricare.mil,TRUE
newsroom.tricare.mil,TRUE
sigonella.tricare.mil,TRUE
raymond-bliss.tricare.mil,TRUE
bassett-wainwright.tricare.mil,TRUE
bamc.tricare.mil,TRUE
dunham.tricare.mil,TRUE
walterreed.tricare.mil,TRUE
william-beaumont.tricare.mil,TRUE
camp-pendleton.tricare.mil,TRUE
newengland.tricare.mil,TRUE
bremerton.tricare.mil,TRUE
leonard-wood.tricare.mil,TRUE
ireland.tricare.mil,TRUE
womack.tricare.mil,TRUE
lemoore.tricare.mil,TRUE
phcp.health.mil,TRUE
aviano.tricare.mil,TRUE
darnall.tricare.mil,TRUE
airforceacademy.tricare.mil,TRUE
portsmouth.tricare.mil,TRUE
rafalconbury.tricare.mil,TRUE
hacc.mil,TRUE
dla.mil,TRUE
tasa.dma.mil,TRUE
pacific.afn.mil,TRUE
europe.afn.mil,TRUE
forcecom.uscg.mil,TRUE
reserve.uscg.mil,TRUE
pacificarea.uscg.mil,TRUE
uscg.mil,TRUE
dco.uscg.mil,TRUE
atlanticarea.uscg.mil,TRUE
news.uscg.mil,TRUE
4thmcd.marines.mil,TRUE
mcbblaz.marines.mil,TRUE
cdi.marines.mil,TRUE
ocs.marines.mil,TRUE
3rdmaw.marines.mil,TRUE
mcrc.marines.mil,TRUE
cbirf.marines.mil,TRUE
tf515.marines.mil,TRUE
matsg22.marines.mil,TRUE
1stmardiv.marines.mil,TRUE
marfork.marines.mil,TRUE
fitness.marines.mil,TRUE
soieast.marines.mil,TRUE
beaufort.marines.mil,TRUE
22ndmeu.marines.mil,TRUE
vlco.marines.mil,TRUE
imef.marines.mil,TRUE
iimef.marines.mil,TRUE
mcic.marines.mil,TRUE
tecom.marines.mil,TRUE
hqmc.marines.mil,TRUE
31stmeu.marines.mil,TRUE
music.marines.mil,TRUE
dso.marines.mil,TRUE
12thmcd.marines.mil,TRUE
mcrdpi.marines.mil,TRUE
clr2.marines.mil,TRUE
dpc-east.marines.mil,TRUE
mcbhawaii.marines.mil,TRUE
pendleton.marines.mil,TRUE
29palms.marines.mil,TRUE
mcasyuma.marines.mil,TRUE
15thmeu.marines.mil,TRUE
bic.marines.mil,TRUE
trngcmd.marines.mil,TRUE
mcieast.marines.mil,TRUE
1stmaw.marines.mil,TRUE
ppo.marines.mil,TRUE
igmc.marines.mil,TRUE
12thmlr.marines.mil,TRUE
matsg21.marines.mil,TRUE
mctssa.marines.mil,TRUE
1stmcd.marines.mil,TRUE
3rdmeb.marines.mil,TRUE
tbs.marines.mil,TRUE
newriver.marines.mil,TRUE
2ndmeb.marines.mil,TRUE
esd.whs.mil,TRUE
pac.whs.mil,TRUE
jber.jb.mil,TRUE
at.dod.mil,TRUE
jbcharleston.jb.mil,TRUE
jble.af.mil,TRUE
cultureready.mil,TRUE
warriorcare.dodlive.mil,TRUE
jbab.jb.mil,TRUE
2ndmarines.marines.mil,TRUE
amc.af.mil,TRUE
cnrk.cnic.navy.mil,TRUE
dyess.af.mil,TRUE
pod.usace.army.mil,TRUE
airforcespecialtactics.af.mil,TRUE
desmond-doss.tricare.mil,TRUE
913ag.afrc.af.mil,TRUE
barracks.marines.mil,TRUE
moguard.ngb.mil,TRUE
mcipac.marines.mil,TRUE
nwdc.usff.navy.mil,TRUE
woundedwarrior.marines.mil,TRUE
jtnc.mil,TRUE
marineband.marines.mil,TRUE
lineofdeparture.army.mil,TRUE
guam.tricare.mil,TRUE
afcent.af.mil,TRUE
mcwl.marines.mil,TRUE
miramar.marines.mil,TRUE
109aw.ang.af.mil,TRUE
2ndmaw.marines.mil,TRUE
125fw.ang.af.mil,TRUE
433aw.afrc.af.mil,TRUE
sandiego.tricare.mil,TRUE
3rdmlr.marines.mil,TRUE
navifor.usff.navy.mil,TRUE
20af.af.mil,TRUE
dsp.dla.mil,TRUE
624rsg.afrc.af.mil,TRUE
3rdmarines.marines.mil,TRUE
167aw.ang.af.mil,TRUE
mvr.usace.army.mil,TRUE
dafhistory.af.mil,TRUE
doctrine.af.mil,TRUE
peostri.army.mil,TRUE
lejeune.marines.mil,TRUE
919sow.afrc.af.mil,TRUE
navyclosuretaskforce.navy.mil,TRUE
lyster.tricare.mil,TRUE
frcsw.navair.navy.mil,TRUE
safia.hq.af.mil,TRUE
189aw.ang.af.mil,TRUE
afdw.af.mil,TRUE
107attackwing.ang.af.mil,TRUE
ssc.spaceforce.mil,TRUE
spk.usace.army.mil,TRUE
usapc.army.mil,TRUE
mcmwtc.marines.mil,TRUE
mortuary.af.mil,TRUE
144fw.ang.af.mil,TRUE
vcorps.army.mil,TRUE
mcaspendleton.marines.mil,TRUE
briandallgood.tricare.mil,TRUE
housing.af.mil,TRUE
195wg.ang.af.mil,TRUE
acc.af.mil,TRUE
fmtbnwest.marines.mil,TRUE
weed-irwin.tricare.mil,TRUE
marcorsyscom.marines.mil,TRUE
spn.usace.army.mil,TRUE
rota.tricare.mil,TRUE
drumcorps.marines.mil,TRUE
512aw.afrc.af.mil,TRUE
3rdmlg.marines.mil,TRUE
scientificadvisoryboard.af.mil,TRUE
mvm.usace.army.mil,TRUE
aaro.mil,TRUE
188wg.ang.af.mil,TRUE
ccad.army.mil,TRUE
mcasiwakuni.marines.mil,TRUE
mcrdsd.marines.mil,TRUE
jba.af.mil,TRUE
10thmarines.marines.mil,TRUE
altus.tricare.mil,TRUE
spoc.spaceforce.mil,TRUE
pacom.mil,TRUE
innovation.army.mil,TRUE
beaufort.tricare.mil,TRUE
navyreserve.navy.mil,TRUE
cnrc.navy.mil,TRUE
131bw.ang.af.mil,TRUE
music.af.mil,TRUE
154wg.ang.af.mil,TRUE
cjsl.ndu.edu,TRUE
test-evaluation.osd.mil,TRUE
3rdmardiv.marines.mil,TRUE
jcu.mil,TRUE
jtfn.northcom.mil,TRUE
malmstrom.af.mil,TRUE
aschq.army.mil,TRUE
492sow.af.mil,TRUE
arcp.army.mil,TRUE
buckley.spaceforce.mil,TRUE
irwin.tricare.mil,TRUE
jpeocbrnd.osd.mil,TRUE
aflink-test.mil,TRUE
annapolis.tricare.mil,TRUE
information.marines.mil,TRUE
179cw.ang.af.mil,TRUE
calmed.tricare.mil,TRUE
mcis.marines.mil,TRUE
me.ng.mil,TRUE
926wing.afrc.af.mil,TRUE
cnreurafcent.cnic.navy.mil,TRUE
ukraineoversight.gov,TRUE
airforcemedicine.af.mil,TRUE
shoc.af.mil,TRUE
aiaccelerator.af.mil,TRUE
nab.usace.army.mil,TRUE
vi.ng.mil,TRUE
102iw.ang.af.mil,TRUE
163atkw.ang.af.mil,TRUE
104fw.ang.af.mil,TRUE
136aw.ang.af.mil,TRUE
jacksonville.tricare.mil,TRUE
vt.public.ng.mil,TRUE
pa.ng.mil,TRUE
186arw.ang.af.mil,TRUE
comptroller.defense.gov,TRUE
jsc.defense.gov,TRUE
302aw.afrc.af.mil,TRUE
aviation.marines.mil,TRUE
trademark.marines.mil,TRUE
campedwards.ng.mil,TRUE
194wg.ang.af.mil,TRUE
aepubs.eur.army.mil,TRUE
publications.armywarcollege.edu,TRUE
477fg.afrc.af.mil,TRUE
saj.usace.army.mil,TRUE
necc.usff.navy.mil,TRUE
altus.af.mil,TRUE
sd.ng.mil,TRUE
37trw.af.mil,TRUE
nap.usace.army.mil,TRUE
amlc.army.mil,TRUE
navwar.navy.mil,TRUE
redstone.tricare.mil,TRUE
starcom.spaceforce.mil,TRUE
honorguard.af.mil,TRUE
cloud.mil,TRUE
petersonschriever.spaceforce.mil,TRUE
southcomclinic.tricare.mil,TRUE
161arw.ang.af.mil,TRUE
15af.acc.af.mil,TRUE
jwac.mil,TRUE
192wg.ang.af.mil,TRUE
cmc.marines.mil,TRUE
travis.af.mil,TRUE
erdc.usace.army.mil,TRUE
nationalmuseum.af.mil,TRUE
cyber.army.mil,TRUE
126arw.ang.af.mil,TRUE
albany.marines.mil,TRUE
shaw.af.mil,TRUE
afams.af.mil,TRUE
dhra.mil,TRUE
defensesbirsttr.mil,TRUE
dspo.mil,TRUE
mccsss.marines.mil,TRUE
winn.tricare.mil,TRUE
intelligence.marines.mil,TRUE
vwac.defense.gov,TRUE
daaf-wx.army.mil,TRUE
ar.marines.mil,TRUE
innovation.defense.gov,TRUE
1stmlg.marines.mil,TRUE
172aw.ang.af.mil,TRUE
columbus.tricare.mil,TRUE
ncis.navy.mil,TRUE
wads.ang.af.mil,TRUE
dcaa.mil,TRUE
publications.usace.army.mil,TRUE
adr.af.mil,TRUE
cnmoc.usff.navy.mil,TRUE
dodcio.defense.gov,TRUE
pope.af.mil,TRUE
wrightpatterson.tricare.mil,TRUE
2ndmlg.marines.mil,TRUE
osan.af.mil,TRUE
nasic.af.mil,TRUE
cnrsw.cnic.navy.mil,TRUE
ttgp.navy.mil,TRUE
mclbbarstow.marines.mil,TRUE
nsw.navy.mil,TRUE
6thmarines.marines.mil,TRUE
sja.marines.mil,TRUE
creech.af.mil,TRUE
c6f.navy.mil,TRUE
edwards.af.mil,TRUE
ga.ng.mil,TRUE
niwcatlantic.navy.mil,TRUE
wmdcenter.ndu.edu,TRUE
scguard.ng.mil,TRUE
blanchfield.tricare.mil,TRUE
alssa.mil,TRUE
ready.marines.mil,TRUE
ramstein.af.mil,TRUE
507arw.afrc.af.mil,TRUE
ngbpmc.ng.mil,TRUE
182aw.ang.af.mil,TRUE
safie.hq.af.mil,TRUE
usarcent.army.mil,TRUE
first.army.mil,TRUE
cybercoe.army.mil,TRUE
53rdwing.af.mil,TRUE
afmaa.af.mil,TRUE
940arw.afrc.af.mil,TRUE
nae.usace.army.mil,TRUE
mildenhall.af.mil,TRUE
cnrh.cnic.navy.mil,TRUE
phceast.health.mil,TRUE
quantico.marines.mil,TRUE
bracpmo.navy.mil,TRUE
retirees.af.mil,TRUE
csp.navy.mil,TRUE
afsoc.af.mil,TRUE
mcjrotc.marines.mil,TRUE
kunsan.af.mil,TRUE
166aw.ang.af.mil,TRUE
iandl.marines.mil,TRUE
airforcebes.af.mil,TRUE
andersen.af.mil,TRUE
jblmdesignstandards.army.mil,TRUE
340ftg.afrc.af.mil,TRUE
ct.ng.mil,TRUE
ctip.defense.gov,TRUE
avmc.army.mil,TRUE
dover.af.mil,TRUE
pensacola.tricare.mil,TRUE
paxriver.tricare.mil,TRUE
munson.tricare.mil,TRUE
ai.mil,TRUE
pacific.navfac.navy.mil,TRUE
aflcmc.af.mil,TRUE
dodcertpmo.defense.gov,TRUE
swt.usace.army.mil,TRUE
mynavyhr.navy.mil,TRUE
vance.af.mil,TRUE
ri.ng.mil,TRUE
13thmeu.marines.mil,TRUE
myafn.dodlive.mil,TRUE
usafmcom.army.mil,TRUE
ncc.navfac.navy.mil,TRUE
moncrief.tricare.mil,TRUE
hanscom.af.mil,TRUE
310sw.afrc.af.mil,TRUE
403wg.afrc.af.mil,TRUE
whs.mil,TRUE
mepcom.army.mil,TRUE
marforeur.marines.mil,TRUE
145aw.ang.af.mil,TRUE
ne.ng.mil,TRUE
134arw.ang.af.mil,TRUE
safety.marines.mil,TRUE
jtfncr.mdw.army.mil,TRUE
184iw.ang.af.mil,TRUE
16af.af.mil,TRUE
18af.amc.af.mil,TRUE
9thmcd.marines.mil,TRUE
spangdahlem.af.mil,TRUE
169fw.ang.af.mil,TRUE
mcchord.af.mil,TRUE
148fw.ang.af.mil,TRUE
secretsdeclassified.af.mil,TRUE
navalaviationnews.navylive.dodlive.mil,TRUE
dcma.mil,TRUE
marines.mil,TRUE
301fw.afrc.af.mil,TRUE
jecc.ustranscom.mil,TRUE
prs.mil,TRUE
afaccessionscenter.af.mil,TRUE
8thmcd.marines.mil,TRUE
124thfighterwing.ang.af.mil,TRUE
safcn.af.mil,TRUE
141arw.ang.af.mil,TRUE
139aw.ang.af.mil,TRUE
1af.acc.af.mil,TRUE
315aw.afrc.af.mil,TRUE
afcec.af.mil,TRUE
178wing.ang.af.mil,TRUE
132dwing.ang.af.mil,TRUE
119wg.ang.af.mil,TRUE
187fw.ang.af.mil,TRUE
pscc.army.mil,TRUE
sam.usace.army.mil,TRUE
ncopdd.edu,TRUE
oakharbor.tricare.mil,TRUE
armyupress.army.mil,TRUE
fmtbneast.marines.mil,TRUE
va.ng.mil,TRUE
cnrnw.cnic.navy.mil,TRUE
afmc.af.mil,TRUE
rader.tricare.mil,TRUE
peomlb.navy.mil,TRUE
cprw1.navy.mil,TRUE
mrc-europe.army.mil,TRUE
mcaf.marines.mil,TRUE
usarj.army.mil,TRUE
clwp.navy.mil,TRUE
macdill.af.mil,TRUE
aetc.af.mil,TRUE
bg-crawford.tricare.mil,TRUE
cusnc.navy.mil,TRUE
26thmeu.marines.mil,TRUE
afinspectorgeneral.af.mil,TRUE
nan.usace.army.mil,TRUE
swf.usace.army.mil,TRUE
180fw.ang.af.mil,TRUE
nia.navy.mil,TRUE
151wg.af.mil,TRUE
wtbn.marines.mil,TRUE
rfpb.defense.gov,TRUE
cnrj.cnic.navy.mil,TRUE
dma.mil,TRUE
webtraining.dma.mil,TRUE
navsup.navy.mil,TRUE
grandforks.af.mil,TRUE
miramar-ems.marines.mil,TRUE
115fw.ang.af.mil,TRUE
dodcui.mil,TRUE
152aw.ang.af.mil,TRUE
alpenacrtc.ang.af.mil,TRUE
dinfos.dma.mil,TRUE
mhs-europe.tricare.mil,TRUE
open.defense.gov,TRUE
afsouth.af.mil,TRUE
121arw.ang.af.mil,TRUE
nh.ng.mil,TRUE
dsca.mil,TRUE
12cab.army.mil,TRUE
105aw.ang.af.mil,TRUE
angtec.ang.af.mil,TRUE
sfb.dodlive.mil,TRUE
enterprisemanagement.army.mil,TRUE
cybercom.mil,TRUE
peogcs.army.mil,TRUE
mcesg.marines.mil,TRUE
113wg.ang.af.mil,TRUE
camp-lejeune.tricare.mil,TRUE
usainscom.army.mil,TRUE
pfpa.mil,TRUE
landstuhl.tricare.mil,TRUE
marforres.marines.mil,TRUE
metc.mil,TRUE
keller.tricare.mil,TRUE
niwcpacific.navy.mil,TRUE
arsouth.army.mil,TRUE
airpac.navy.mil,TRUE
2025dodtransition.defense.gov,TRUE
financialfrontline.mil,TRUE
nellis.tricare.mil,TRUE
travis.tricare.mil,TRUE
martin.tricare.mil,TRUE
j9.nv.ng.mil,TRUE
marcent.marines.mil,TRUE
usarpac.army.mil,TRUE
navfac.navy.mil,TRUE
goarmysof.army.mil,TRUE
manpower.marines.mil,TRUE
doha.ogc.osd.mil,TRUE
cherrypoint.marines.mil,TRUE
mccog.marines.mil,TRUE
2cr.army.mil,TRUE
1id.army.mil,TRUE
twentynine-palms.tricare.mil,TRUE
dodig.mil,TRUE
navsea.navy.mil,TRUE
7atc.army.mil,TRUE
eisenhower.tricare.mil,TRUE
c3f.navy.mil,TRUE
asafm.army.mil,TRUE
kadena.af.mil,TRUE
ak.ng.mil,TRUE
kenner.tricare.mil,TRUE
rmc.usace.army.mil,TRUE
smtc.dodlive.mil,TRUE
marforpac.marines.mil,TRUE
171arw.ang.af.mil,TRUE
jrm.cnic.navy.mil,TRUE
nhc-charleston.tricare.mil,TRUE
dodclearinghouse.osd.mil,TRUE
med.navy.mil,TRUE
fuji.marines.mil,TRUE
59mdw.af.mil,TRUE
11thmeu.marines.mil,TRUE
nsa.gov,TRUE
marsoc.marines.mil,TRUE
sapr.mil,TRUE
swcs.mil,TRUE
fewarren.tricare.mil,TRUE
10thaamdc.army.mil,TRUE
tobyhanna.army.mil,TRUE
ipps-a.army.mil,TRUE
6thmcd.marines.mil,TRUE
mcbbutler.marines.mil,TRUE
nepa.navy.mil,TRUE
band.eur.army.mil,TRUE
cotf.navy.mil,TRUE
mces.marines.mil,TRUE
bayne-jones.tricare.mil,TRUE
cherrypoint.tricare.mil,TRUE
amcom.army.mil,TRUE
jpeoaa.army.mil,TRUE
cyberdefensereview.army.mil,TRUE
ig.army.mil,TRUE
asb.army.mil,TRUE
dc.ng.mil,TRUE
belvoirhospital.tricare.mil,TRUE
wilfordhall.tricare.mil,TRUE
iiimef.marines.mil,TRUE
okinawa.tricare.mil,TRUE
usanato.army.mil,TRUE
1tsc.army.mil,TRUE
peols.marines.mil,TRUE
guthrie.tricare.mil,TRUE
netcom.army.mil,TRUE
ewtgpac.navy.mil,TRUE
lawenforcement.marines.mil,TRUE
prevention.mil,TRUE
ssi.armywarcollege.edu,TRUE
casl.ndu.edu,TRUE
cisa.ndu.edu,TRUE
es.ndu.edu,TRUE
inss.ndu.edu,TRUE
ismo.ndu.edu,TRUE
keystone.ndu.edu,TRUE
ndupress.ndu.edu,TRUE
nwc.ndu.edu,TRUE
pinnacle.ndu.edu,TRUE
capstone.ndu.edu,TRUE
rcnsc.ndu.edu,TRUE
defense.gov,TRUE
afd.defense.gov,TRUE
dacowits.defense.gov,TRUE
dam.defense.gov,TRUE
data.defense.gov,TRUE
diversity.defense.gov,TRUE
dod.defense.gov,TRUE
dpac.defense.gov,TRUE
execsec.defense.gov,TRUE
history.defense.gov,TRUE
irt.defense.gov,TRUE
jamrs.defense.gov,TRUE
jifco.defense.gov,TRUE
la.defense.gov,TRUE
militarypay.defense.gov,TRUE
minerva.defense.gov,TRUE
oig.nsa.gov,TRUE
ousdi.defense.gov,TRUE
pclt.defense.gov,TRUE
policy.defense.gov,TRUE
prhome.defense.gov,TRUE
valor.defense.gov,TRUE
dodnafaccounting.defense.gov,TRUE
ngfamily.vt.gov,TRUE
daflearning.af.mil,TRUE
incirlik.af.mil,TRUE
ww3.safaq.hq.af.mil,TRUE
101arw.ang.af.mil,TRUE
103aw.ang.af.mil,TRUE
106rqw.ang.af.mil,TRUE
108thwing.ang.af.mil,TRUE
10af.afrc.af.mil,TRUE
110wg.ang.af.mil,TRUE
111attackwing.ang.af.mil,TRUE
114fw.ang.af.mil,TRUE
116acw.ang.af.mil,TRUE
117arw.ang.af.mil,TRUE
118wg.ang.af.mil,TRUE
120thairliftwing.ang.af.mil,TRUE
122fw.ang.af.mil,TRUE
123aw.ang.af.mil,TRUE
127wg.ang.af.mil,TRUE
128arw.ang.af.mil,TRUE
129rqw.ang.af.mil,TRUE
12ftw.af.mil,TRUE
130aw.ang.af.mil,TRUE
133aw.ang.af.mil,TRUE
137sow.ang.af.mil,TRUE
138fw.ang.af.mil,TRUE
140wg.ang.af.mil,TRUE
142wg.ang.af.mil,TRUE
143aw.ang.af.mil,TRUE
146aw.ang.af.mil,TRUE
147atkw.ang.af.mil,TRUE
149fw.ang.af.mil,TRUE
150sow.ang.af.mil,TRUE
151arw.ang.af.mil,TRUE
153aw.ang.af.mil,TRUE
155arw.ang.af.mil,TRUE
156wg.ang.af.mil,TRUE
157arw.ang.af.mil,TRUE
158fw.ang.af.mil,TRUE
159fw.ang.af.mil,TRUE
15wing.af.mil,TRUE
162wing.ang.af.mil,TRUE
164aw.ang.af.mil,TRUE
165aw.ang.af.mil,TRUE
168wg.ang.af.mil,TRUE
16af.af.mil,TRUE
173fw.ang.af.mil,TRUE
174attackwing.ang.af.mil,TRUE
175wg.ang.af.mil,TRUE
176wg.ang.af.mil,TRUE
177fw.ang.af.mil,TRUE
181iw.ang.af.mil,TRUE
183wg.ang.af.mil,TRUE
185arw.ang.af.mil,TRUE
187fw.ang.af.mil,TRUE
190arw.ang.af.mil,TRUE
193sow.ang.af.mil,TRUE
194wg.ang.af.mil,TRUE
22af.afrc.af.mil,TRUE
2af.aetc.af.mil,TRUE
307bw.afrc.af.mil,TRUE
33fw.af.mil,TRUE
340ftg.afrc.af.mil,TRUE
349amw.afrc.af.mil,TRUE
350sww.af.mil,TRUE
352sow.af.mil,TRUE
353sow.af.mil,TRUE
388fw.acc.af.mil,TRUE
413ftg.afrc.af.mil,TRUE
419fw.afrc.af.mil,TRUE
442fw.afrc.af.mil,TRUE
445aw.afrc.af.mil,TRUE
446aw.afrc.af.mil,TRUE
459arw.afrc.af.mil,TRUE
492sow.af.mil,TRUE
4af.afrc.af.mil,TRUE
501csw.usafe.af.mil,TRUE
505ccw.acc.af.mil,TRUE
514amw.afrc.af.mil,TRUE
521amow.af.mil,TRUE
53rdwing.af.mil,TRUE
552acw.acc.af.mil,TRUE
557weatherwing.af.mil,TRUE
5af.pacaf.af.mil,TRUE
7af.pacaf.af.mil,TRUE
8af.af.mil,TRUE
908ftw.afrc.af.mil,TRUE
916arw.afrc.af.mil,TRUE
920rqw.afrc.af.mil,TRUE
927arw.afrc.af.mil,TRUE
931arw.afrc.af.mil,TRUE
932aw.afrc.af.mil,TRUE
944fw.afrc.af.mil,TRUE
960cyber.afrc.af.mil,TRUE
aatc.ang.af.mil,TRUE
af.mil,TRUE
afaa.af.mil,TRUE
afaccessionscenter.af.mil,TRUE
afgsc.af.mil,TRUE
afhistory.af.mil,TRUE
afhistoryandmuseums.af.mil,TRUE
afhra.af.mil,TRUE
afimsc.af.mil,TRUE
afinspectorgeneral.af.mil,TRUE
afjag.af.mil,TRUE
aflcmc.af.mil,TRUE
afmaa.af.mil,TRUE
afnwc.af.mil,TRUE
afotec.af.mil,TRUE
afpc.af.mil,TRUE
afrc.af.mil,TRUE
afrl.af.mil,TRUE
afsc.af.mil,TRUE
afsfc.af.mil,TRUE
aft3.af.mil,TRUE
aftc.af.mil,TRUE
airforcesmallbiz.af.mil,TRUE
airman.af.mil,TRUE
airmanmagazine.af.mil,TRUE
airuniversity.af.edu,TRUE
ang.af.mil,TRUE
arnold.af.mil,TRUE
arpc.afrc.af.mil,TRUE
aviano.af.mil,TRUE
barksdale.af.mil,TRUE
basictraining.af.mil,TRUE
beale.af.mil,TRUE
beready.af.mil,TRUE
bmtflightphotos.af.mil,TRUE
cannon.af.mil,TRUE
columbus.af.mil,TRUE
data.af.mil,TRUE
dm.af.mil,TRUE
dobbins.afrc.af.mil,TRUE
doctrine.af.mil,TRUE
eads.ang.af.mil,TRUE
eglin.af.mil,TRUE
eielson.af.mil,TRUE
ellsworth.af.mil,TRUE
e-publishing.af.mil,TRUE
expeditionarycenter.af.mil,TRUE
fairchild.af.mil,TRUE
foia.af.mil,TRUE
goodfellow.af.mil,TRUE
gosere.af.mil,TRUE
grissom.afrc.af.mil,TRUE
gulfportcrtc.ang.af.mil,TRUE
hill.af.mil,TRUE
holloman.af.mil,TRUE
homestead.afrc.af.mil,TRUE
hqrio.afrc.af.mil,TRUE
hurlburt.af.mil,TRUE
jagreporter.af.mil,TRUE
jbmdl.jb.mil,TRUE
keesler.af.mil,TRUE
kirtland.af.mil,TRUE
lakenheath.af.mil,TRUE
laughlin.af.mil,TRUE
learningprofessionals.af.mil,TRUE
littlerock.af.mil,TRUE
luke.af.mil,TRUE
march.afrc.af.mil,TRUE
maxwell.af.mil,TRUE
mcconnell.af.mil,TRUE
minneapolis.afrc.af.mil,TRUE
minot.af.mil,TRUE
misawa.af.mil,TRUE
modsim.af.mil,TRUE
moody.af.mil,TRUE
mountainhome.af.mil,TRUE
nellis.af.mil,TRUE
netcents.af.mil,TRUE
niagara.afrc.af.mil,TRUE
njang.ang.af.mil,TRUE
offutt.af.mil,TRUE
osi.af.mil,TRUE
pacaf.af.mil,TRUE
pittsburgh.afrc.af.mil,TRUE
privacy.af.mil,TRUE
publicaffairs.af.mil,TRUE
resilience.af.mil,TRUE
robins.af.mil,TRUE
safety.af.mil,TRUE
saffm.hq.af.mil,TRUE
safgc.hq.af.mil,TRUE
safsq.hq.af.mil,TRUE
scott.af.mil,TRUE
seymourjohnson.af.mil,TRUE
shadowsedge.mil,TRUE
sheppard.af.mil,TRUE
shoc.af.mil,TRUE
specialwarfaretw.af.mil,TRUE
studyguides.af.mil,TRUE
tesseract.af.mil,TRUE
tinker.af.mil,TRUE
torch.aetc.af.mil,TRUE
trademark.af.mil,TRUE
tyndall.af.mil,TRUE
usafa.af.mil,TRUE
usafe.af.mil,TRUE
veterans-in-blue.af.mil,TRUE
volkfield.ang.af.mil,TRUE
warren.af.mil,TRUE
wavelength.af.mil,TRUE
westover.afrc.af.mil,TRUE
whiteman.af.mil,TRUE
woundedwarrior.af.mil,TRUE
wpafb.af.mil,TRUE
yokota.af.mil,TRUE
youngstown.afrc.af.mil,TRUE
ahrpo.army.mil,TRUE
eeo.amedd.army.mil,TRUE
history.army.mil,TRUE
mrdg.health.mil,TRUE
recruiting.army.mil,TRUE
usainscom.army.mil,TRUE
wrairafrica.health.mil,TRUE
wrairwest.health.mil,TRUE
19bcd.army.mil,TRUE
409csb.army.mil,TRUE
afod.eur.army.mil,TRUE
armyhealthfacilities.amedd.army.mil,TRUE
letterkenny.army.mil,TRUE
ncolcoe.army.mil,TRUE
peosoldier.army.mil,TRUE
psmagazine.army.mil,TRUE
hnc.usace.army.mil,TRUE
iwr.usace.army.mil,TRUE
lrb.usace.army.mil,TRUE
lrc.usace.army.mil,TRUE
lrh.usace.army.mil,TRUE
lrl.usace.army.mil,TRUE
lrn.usace.army.mil,TRUE
lrp.usace.army.mil,TRUE
mvp.usace.army.mil,TRUE
mvs.usace.army.mil,TRUE
nad.usace.army.mil,TRUE
nws.usace.army.mil,TRUE
nww.usace.army.mil,TRUE
poa.usace.army.mil,TRUE
pof.usace.army.mil,TRUE
poh.usace.army.mil,TRUE
rmc.usace.army.mil,TRUE
saa.usace.army.mil,TRUE
sad.usace.army.mil,TRUE
sas.usace.army.mil,TRUE
spa.usace.army.mil,TRUE
spd.usace.army.mil,TRUE
swd.usace.army.mil,TRUE
swg.usace.army.mil,TRUE
tam.usace.army.mil,TRUE
dcms.uscg.mil,TRUE
history.uscg.mil,TRUE
mycg.uscg.mil,TRUE
reserve.uscg.mil,TRUE
anacostiabolling.tricare.mil,TRUE
andersen.tricare.mil,TRUE
andrews.tricare.mil,TRUE
barksdale.tricare.mil,TRUE
beale.tricare.mil,TRUE
buckley.tricare.mil,TRUE
cannon.tricare.mil,TRUE
charleston.tricare.mil,TRUE
davismonthan.tricare.mil,TRUE
dover.tricare.mil,TRUE
dyess.tricare.mil,TRUE
edwards.tricare.mil,TRUE
eglin.tricare.mil,TRUE
eielson.tricare.mil,TRUE
ellsworth.tricare.mil,TRUE
elmendorfrichardson.tricare.mil,TRUE
evans.tricare.mil,TRUE
fairchild.tricare.mil,TRUE
goodfellow.tricare.mil,TRUE
grandforks.tricare.mil,TRUE
guantanamo.tricare.mil,TRUE
hanscom.tricare.mil,TRUE
hill.tricare.mil,TRUE
holloman.tricare.mil,TRUE
hurlburt.tricare.mil,TRUE
incirlik.tricare.mil,TRUE
kadena.tricare.mil,TRUE
keesler.tricare.mil,TRUE
kimbrough.tricare.mil,TRUE
kirk.tricare.mil,TRUE
kirtland.tricare.mil,TRUE
kunsan.tricare.mil,TRUE
langleyeustis.tricare.mil,TRUE
laughlin.tricare.mil,TRUE
lewismcchord.tricare.mil,TRUE
littlerock.tricare.mil,TRUE
losangeles.tricare.mil,TRUE
luke.tricare.mil,TRUE
mcguiredixlakehurst.tricare.mil,TRUE
minot.tricare.mil,TRUE
misawa.tricare.mil,TRUE
moody.tricare.mil,TRUE
mountainhome.tricare.mil,TRUE
naples.tricare.mil,TRUE
nhchawaii.tricare.mil,TRUE
offutt.tricare.mil,TRUE
osan.tricare.mil,TRUE
patrick.tricare.mil,TRUE
pearlharborhickam.tricare.mil,TRUE
peterson.tricare.mil,TRUE
pope.tricare.mil,TRUE
rafcroughton.tricare.mil,TRUE
raflakenheath.tricare.mil,TRUE
ramstein.tricare.mil,TRUE
yokosuka.tricare.mil,TRUE
yokota.tricare.mil,TRUE
dodsoco.ogc.osd.mil,TRUE
macdill.tricare.mil,TRUE
madigan.tricare.mil,TRUE
malmstrom.tricare.mil,TRUE
maxwell.tricare.mil,TRUE
mcconnell.tricare.mil,TRUE
mjrp.osd.mil,TRUE
ogc.osd.mil,TRUE
purview.dodlive.mil,TRUE
reynolds.tricare.mil,TRUE
robins.tricare.mil,TRUE
scott.tricare.mil,TRUE
seymourjohnson.tricare.mil,TRUE
shaw.tricare.mil,TRUE
sheppard.tricare.mil,TRUE
spangdahlem.tricare.mil,TRUE
tinker.tricare.mil,TRUE
tyndall.tricare.mil,TRUE
vance.tricare.mil,TRUE
vandenberg.tricare.mil,TRUE
whiteman.tricare.mil,TRUE
dantes.mil,TRUE
dc3.mil,TRUE
deomi.mil,TRUE
dimoc.mil,TRUE
dlnseo.mil,TRUE
dote.osd.mil,TRUE
dpaa.mil,TRUE
dtra.mil,TRUE
milreviewbds.mil,TRUE
norad.mil,TRUE
repi.mil,TRUE
travel.dod.mil,TRUE
usfj.mil,TRUE
usfk.mil,TRUE
web.dma.mil,TRUE
plainsguardian.dodlive.mil,TRUE
centcom.mil,TRUE
jbsa.mil,TRUE
jcs.mil,TRUE
jfhq-dodin.mil,TRUE
jiatfs.southcom.mil,TRUE
jpra.mil,TRUE
jtfb.southcom.mil,TRUE
jtfcs.northcom.mil,TRUE
jtfgtmo.southcom.mil,TRUE
northcom.mil,TRUE
southcom.mil,TRUE
spacecom.mil,TRUE
spaceforces-space.mil,TRUE
stratcom.mil,TRUE
fmtbnwest.usmc.afpims.mil,TRUE
24thmeu.marines.mil,TRUE
2ndmardiv.marines.mil,TRUE
acmc.marines.mil,TRUE
cd.marines.mil,TRUE
dmcs.marines.mil,TRUE
foia.marines.mil,TRUE
hmx-1.marines.mil,TRUE
hrom.marines.mil,TRUE
japan.marines.mil,TRUE
logcom.marines.mil,TRUE
marforcom.marines.mil,TRUE
marforcyber.marines.mil,TRUE
marforsouth.marines.mil,TRUE
marforspace.marines.mil,TRUE
marforstrat.marines.mil,TRUE
matsg23.marines.mil,TRUE
mcasfutenma.marines.mil,TRUE
mcasiwakunijp.marines.mil,TRUE
mcces.marines.mil,TRUE
mccywg.marines.mil,TRUE
mcia.marines.mil,TRUE
mcicom.marines.mil,TRUE
mciwest.marines.mil,TRUE
mcsf-nola.marines.mil,TRUE
mcsfr.marines.mil,TRUE
ostc.marines.mil,TRUE
pandr.marines.mil,TRUE
smmc.marines.mil,TRUE
soiwest.marines.mil,TRUE
tf612.marines.mil,TRUE
tf763.marines.mil,TRUE
arkansas.nationalguard.mil,TRUE
co.ng.mil,TRUE
dc.ng.mil,TRUE
ri.ng.mil,TRUE
de.ng.mil,TRUE
ftig.ng.mil,TRUE
il.ngb.army.mil,TRUE
me.ng.mil,TRUE
pa.ng.mil,TRUE
scguard.ng.mil,TRUE
allhands.navy.mil,TRUE
atlantic.navfac.navy.mil,TRUE
cnrma.cnic.navy.mil,TRUE
cnrse.cnic.navy.mil,TRUE
exwc.navfac.navy.mil,TRUE
ffr.cnic.navy.mil,TRUE
frcse.navair.navy.mil,TRUE
grgb.navy.mil,TRUE
jag.navylive.dodlive.mil,TRUE
navalsafetycommand.navy.mil,TRUE
ndw.cnic.navy.mil,TRUE
outreach.navy.mil,TRUE
p2p.navy.mil,TRUE
seabeemagazine.navylive.dodlive.mil,TRUE
usnhistory.navylive.dodlive.mil,TRUE
airlant.usff.navy.mil,TRUE
amphib7flt.navy.mil,TRUE
bootcamp.navy.mil,TRUE
c2f.usff.navy.mil,TRUE
c7f.navy.mil,TRUE
ccsg15.navy.mil,TRUE
cnic.navy.mil,TRUE
cpf.navy.mil,TRUE
csg4.usff.navy.mil,TRUE
fcc.navy.mil,TRUE
ffsp.navy.mil,TRUE
fourthfleet.navy.mil,TRUE
insurv.usff.navy.mil,TRUE
msc.usff.navy.mil,TRUE
navy.mil,TRUE
netc.navy.mil,TRUE
nrl.navy.mil,TRUE
oni.navy.mil,TRUE
owa.navy.mil,TRUE
peoc4i.navy.mil,TRUE
peodigital.navy.mil,TRUE
ready.navy.mil,TRUE
ssp.navy.mil,TRUE
sublant.usff.navy.mil,TRUE
surflant.usff.navy.mil,TRUE
surfpac.navy.mil,TRUE
usff.navy.mil,TRUE
losangeles.spaceforce.mil,TRUE
patrick.spaceforce.mil,TRUE
spaceforce.mil,TRUE
vandenberg.spaceforce.mil,TRUE
ansrp.el.erdc.dren.mil,TRUE
budm.el.erdc.dren.mil,TRUE
corpslakes.erdc.dren.mil,TRUE
cw-environment.erdc.dren.mil,TRUE
dots.el.erdc.dren.mil,TRUE
erdc-library.erdc.dren.mil,TRUE
mtc.erdc.dren.mil,TRUE
ndc.ops.usace.army.mil,TRUE
odd.el.erdc.dren.mil,TRUE
operations.erdc.dren.mil,TRUE
planning.erdc.dren.mil,TRUE
riskdecision.el.erdc.dren.mil,TRUE
support.sms.erdc.dren.mil,TRUE
wetlands.el.erdc.dren.mil,TRUE
wis.erdc.dren.mil,TRUE
hci.mil,TRUE
blueroof.us,TRUE
navalwarcollege.blackboard.com,TRUE
navalwarcollege.sharepoint.com,TRUE
apgmwr.com,TRUE
dsccmwr.com,TRUE
halekoa.com,TRUE
bliss.armymwr.com,TRUE
jackson.armymwr.com,TRUE
anniston.armymwr.com,TRUE
ansbach.armymwr.com,TRUE
baumholder.armymwr.com,TRUE
bavaria.armymwr.com,TRUE
belvoir.armymwr.com,TRUE
benelux.armymwr.com,TRUE
brussels.armymwr.com,TRUE
buchanan.armymwr.com,TRUE
campbell.armymwr.com,TRUE
carlisle.armymwr.com,TRUE
carson.armymwr.com,TRUE
casey.armymwr.com,TRUE
cavazos.armymwr.com,TRUE
chievres.armymwr.com,TRUE
detrick.armymwr.com,TRUE
detroit.armymwr.com,TRUE
drum.armymwr.com,TRUE
dugway.armymwr.com,TRUE
eisenhower.armymwr.com,TRUE
fifeanddrum.army.mil,TRUE
garmisch.armymwr.com,TRUE
geospatial-usace.opendata.arcgis.com,TRUE
goarmywestpoint.com,TRUE
grafenwoehr.armymwr.com,TRUE
greely.armymwr.com,TRUE
hamilton.armymwr.com,TRUE
hawaii.armymwr.com,TRUE
hohenfels.armymwr.com,TRUE
huachuca.armymwr.com,TRUE
humphreys.armymwr.com,TRUE
hunterliggett.armymwr.com,TRUE
irwin.armymwr.com,TRUE
italy.armymwr.com,TRUE
jblmmwr.com,TRUE
jbmhh.armymwr.com,TRUE
jbsatoday.com,TRUE
johnson.armymwr.com,TRUE
kaiserslautern.armymwr.com,TRUE
knox.armymwr.com,TRUE
leavenworth.armymwr.com,TRUE
lee.armymwr.com,TRUE
leonardwood.armymwr.com,TRUE
liberty.armymwr.com,TRUE
mcalester.armymwr.com,TRUE
mccoy.armymwr.com,TRUE
meade.armymwr.com,TRUE
miami.armymwr.com,TRUE
moore.armymwr.com,TRUE
natick.armymwr.com,TRUE
parks.armymwr.com,TRUE
picatinny.armymwr.com,TRUE
pinebluff.armymwr.com,TRUE
presidio.armymwr.com,TRUE
redriver.armymwr.com,TRUE
redstone.armymwr.com,TRUE
rheinland-pfalz.armymwr.com,TRUE
riley.armymwr.com,TRUE
rockisland.armymwr.com,TRUE
rucker.armymwr.com,TRUE
schinnen.armymwr.com,TRUE
sewardmilitaryresort.com,TRUE
sierra.armymwr.com,TRUE
sill.armymwr.com,TRUE
stewarthunter.armymwr.com,TRUE
stuttgart.armymwr.com,TRUE
tobyhanna.armymwr.com,TRUE
tooele.armymwr.com,TRUE
wainwright.armymwr.com,TRUE
walker.armymwr.com,TRUE
watervliet.armymwr.com,TRUE
westpoint.armymwr.com,TRUE
whitesands.armymwr.com,TRUE
wiesbaden.armymwr.com,TRUE
armymwr.com,TRUE
dragonhilllodge.com,TRUE
edelweisslodgeandresort.com,TRUE
yuma.armymwr.com,TRUE
mobile.army.com,TRUE
experience.arcgis.com,TRUE
arcgis.com,TRUE
usace.maps.arcgis.com,TRUE
hub.arcgis.com,TRUE
sites.google.com,TRUE
westpointband.com,TRUE
westpointpress.com,TRUE
101starmyband.com,TRUE
300tharmyband.com,TRUE
americasarmy.com,TRUE
armybiznet.com,TRUE
armycareercounselor.com,TRUE
armyfieldband.com,TRUE
goarmy.com,TRUE
iowanationalguard.com,TRUE
navyregionmwrndw.com,TRUE
usarmyband.com,TRUE
usarmyjrotc.com,TRUE
rai.tradewindai.com,TRUE
commissaries.com,TRUE
corp.commissaries.com,TRUE
shop.commissaries.com,TRUE
aafes.com,TRUE
mynavyexchange.com,TRUE
shopmyexchange.com,TRUE
pprd.commissaries.com,TRUE
decacards.com,TRUE
aafesprem.imenu360.com,TRUE
github.com,TRUE
defensemwr.com,TRUE
flipsnack.com,TRUE
ala.stripes.com,TRUE
bestofgermany.stripes.com,TRUE
bestofpacific.stripes.com,TRUE
epaper.stripes.com,TRUE
epub.stripes.com,TRUE
feeds.stripes.com,TRUE
info.stripes.com,TRUE
iosauth.stripes.com,TRUE
legion.stripes.com,TRUE
letterstosanta.stripes.com,TRUE
militarychild.stripes.com,TRUE
newsletters.stripes.com,TRUE
obituaries.stripes.com,TRUE
printshop.stripes.com,TRUE
promotions.stripes.com,TRUE
stripesinfo.com,TRUE
stripesstore.com,TRUE
vfw.stripes.com,TRUE
votenow.stripes.com,TRUE
stripes.com,TRUE
veteranjobs.stripes.com,TRUE
japan.stripes.com,TRUE
ww2.stripes.com,TRUE
europe.stripes.com,TRUE
guam.stripes.com,TRUE
korea.stripes.com,TRUE
okinawa.stripes.com,TRUE
navalacademytourism.com,TRUE
aafb.militarymwrguam.com,TRUE
chinalake.navylifesw.com,TRUE
coronado.navylifesw.com,TRUE
elcentro.navylifesw.com,TRUE
everett.navylifepnw.com,TRUE
fallon.navylifesw.com,TRUE
jbphh.greatlifehawaii.com,TRUE
kitsap.navylifepnw.com,TRUE
lemoore.navylifesw.com,TRUE
medcenter.navylifesw.com,TRUE
monterey.navylifesw.com,TRUE
pmrf.greatlifehawaii.com,TRUE
pointloma.navylifesw.com,TRUE
sandiego.navylifesw.com,TRUE
sealbeach.navylifesw.com,TRUE
ventura.navylifesw.com,TRUE
whidbey.navylifepnw.com,TRUE
militarymwrguam.com,TRUE
navylifejeb.com,TRUE
navylifesw.com,TRUE
navymwrannapolis.com,TRUE
navymwratsugi.com,TRUE
navymwrbahrain.com,TRUE
navymwrbethesda.com,TRUE
navymwrbusan.com,TRUE
navymwrcapecanaveral.com,TRUE
navymwrchinhae.com,TRUE
navymwrcorpuschristi.com,TRUE
navymwrcrane.com,TRUE
navymwrdahlgren.com,TRUE
navymwrdiegogarcia.com,TRUE
navymwrearle.com,TRUE
navymwrfortworth.com,TRUE
navymwrgreatlakes.com,TRUE
navymwrguantanamobay.com,TRUE
navymwrgulfport.com,TRUE
navymwrhamptonroads.com,TRUE
navymwrindianhead.com,TRUE
navymwrjacksonville.com,TRUE
navymwrkeywest.com,TRUE
navymwrkingsbay.com,TRUE
navymwrkingsville.com,TRUE
navymwrmayport.com,TRUE
navymwrmechanicsburg.com,TRUE
navymwrmeridian.com,TRUE
navymwrmidsouth.com,TRUE
navymwrnaples.com,TRUE
navymwrnavalstationnorfolk.com,TRUE
navymwrnewlondon.com,TRUE
navymwrneworleans.com,TRUE
navymwrnewport.com,TRUE
navymwrnorfolkshipyard.com,TRUE
navymwroceanadamneck.com,TRUE
navymwrokinawa.com,TRUE
navymwrpanamacity.com,TRUE
navymwrpaxriver.com,TRUE
navymwrpensacola.com,TRUE
navymwrphiladelphia.com,TRUE
navymwrportsmouthshipyard.com,TRUE
navymwrrota.com,TRUE
navymwrsaratoga.com,TRUE
navymwrsasebo.com,TRUE
navymwrsigonella.com,TRUE
navymwrsingapore.com,TRUE
navymwrsoudabay.com,TRUE
navymwrwashington.com,TRUE
navymwrwhitingfield.com,TRUE
navymwryokosuka.com,TRUE
navymwryorktown.com,TRUE
thenewsanno.com,TRUE
go.navyonline.com,TRUE
navysports.com,TRUE
navalacademyclub.com,TRUE
navy.com,TRUE
navycs.com,TRUE
navyleapfrogs.com,TRUE
usnabsd.com,TRUE
cl.gtclapps.com to be globaltrader.dc2n.navy.mil,TRUE
ejhv.fa.us8.oraclecloud.com,TRUE
ctcc.ddxwan.com,TRUE
discovery5.deloittefed.com,TRUE
marine-corps.3yourmind.com,TRUE
nrde.onmicrosoft.com,TRUE
oniciotest.service-now.com,TRUE
peoeisinnovationcell.my.salesforce.com,TRUE
rq.cnrc.navy.mil,TRUE
sso.ssve.cloudassured.com,TRUE
usmc-mccs.csod.com,TRUE
usmcportal.phe.com,TRUE
ideservicecenter.com,TRUE
navycash.com,TRUE
piersystem.com,TRUE
usmcenviron.com,TRUE
salesforce.com,TRUE
ids.score.com,TRUE
login.pmw240.com,TRUE
navalx.my.salesforce.com,TRUE
militarychildcare.com,TRUE
todaysmilitary.com,TRUE
dodwarriorgames.com,TRUE
request.todaysmilitary.com,TRUE
stratcomds.com,TRUE
myairforcelife.com,TRUE
andrewsfss.com,TRUE
jbabfss.com,TRUE
doverfss.com,TRUE
afbpap.experience.crmforce.mil,TRUE
wrightpattfss.com,TRUE
kirtlandforcesupport.com,TRUE
lifeatthemax.us,TRUE
travisfss.com,TRUE
375fss.com,TRUE
jbleforcesupport.com,TRUE
refuelmcconnell.com,TRUE
dyessfss.com,TRUE
yourforcesupport.com,TRUE
yokota374fss.com,TRUE
thebestfss.com,TRUE
ellsworthfss.com,TRUE
dmfss.com,TRUE
vancefss.com,TRUE
macdillfss.com,TRUE
funatwarren.com,TRUE
jbcharleston.com,TRUE
gopatrickfl.com,TRUE
rockinattherock.com,TRUE
sjfss.com,TRUE
lafss.com,TRUE
21fss.com,TRUE
af.okta.mil,TRUE
hillfss.com,TRUE
eglinlife.com,TRUE
tinkerliving.com,TRUE
afciviliancareers.com,TRUE
gomdl.com,TRUE
laughlinfss.com,TRUE
niagarafss.com,TRUE
eielsonforcesupport.com,TRUE
460fss.com,TRUE
86fss.com,TRUE
nellis99fss.com,TRUE
usafasupport.com,TRUE
51fss.com,TRUE
fairchildfun.com,TRUE
50fss.com,TRUE
811pentagonfss.com,TRUE
grandforks319fss.com,TRUE
vandenbergfss.com,TRUE
barksdalelife.com,TRUE
kunsanfss.com,TRUE
gogoodfellow.com,TRUE
100fss.com,TRUE
keesler81fss.com,TRUE
marchfss.com,TRUE
offutt55fss.com,TRUE
airforcelibraries.libguides.com,TRUE
usaf.dps.mil,TRUE
parent.afcyp.com,TRUE
dodlodging.net,TRUE
dodmwrlibraries.org,TRUE
usafmarathon.com,TRUE
82cons.com,TRUE
afthunderbirds.com,TRUE
afwerx.com,TRUE
academyadmissions.com,TRUE
afaccelerators.com,TRUE
afciviliancareers.com,TRUE
afresearchlab.com,TRUE
afrotc.com,TRUE
afscciviliancareers.com,TRUE
af-ventures.com,TRUE
airforce.com,TRUE
airforceweapons.com,TRUE
dafdto.com,TRUE
hollomanafbairspaceeis.com,TRUE
innovativeairforce.com,TRUE
spaceforce.com,TRUE
gocoastguard.com,TRUE
amver.com,TRUE
shopcgx.com,TRUE
coastguardathletics.com,TRUE
mcxstore.wgiftcard.com,TRUE
mymcx.com,TRUE
marinemarathon.com,TRUE
marines.com,TRUE
engagesof.com,TRUE
sdl.nucleus.asgardgate.com,TRUE
keycloak.asgardgate.com,TRUE
keycloak.nucleus.asgardgate.com,TRUE
asgardgate.com,TRUE
auth.vitni.nucleus.asgardgate.com,TRUE
notary.vitni.nucleus.asgardgate.com,TRUE
government.github.com,TRUE
sewardresort.com,TRUE
americanforcestravel.com,TRUE
theredstonerocket.com,TRUE
issuu.com,TRUE
cavazossentinel.com,TRUE
ahec.armywarcollege.edu,TRUE
armyuniversity.edu,TRUE
asep.armywarcollege.edu,TRUE
press.armywarcollege.edu,TRUE
warroom.armywarcollege.edu,TRUE
armywarcollege.edu,TRUE
dliflc.edu,TRUE
westpoint.edu,TRUE
afnorthmhs.dodea.edu,TRUE
ameliaearhartis.dodea.edu,TRUE
andersenes.dodea.edu,TRUE
andersenms.dodea.edu,TRUE
andrelucases.dodea.edu,TRUE
ansbaches.dodea.edu,TRUE
ansbachmhs.dodea.edu,TRUE
antilleshs.dodea.edu,TRUE
aukammes.dodea.edu,TRUE
avianomhs.dodea.edu,TRUE
bahrainmhs.dodea.edu,TRUE
barkleyes.dodea.edu,TRUE
barsanties.dodea.edu,TRUE
bechteles.dodea.edu,TRUE
bitzis.dodea.edu,TRUE
boldenems.dodea.edu,TRUE
brewsterms.dodea.edu,TRUE
crossroadses.dodea.edu,TRUE
darbyes.dodea.edu,TRUE
delalioes.dodea.edu,TRUE
deverses.dodea.edu,TRUE
diamondes.dodea.edu,TRUE
dvhs.dodea.edu,TRUE
ejkingmhs.dodea.edu,TRUE
feltwelles.dodea.edu,TRUE
fortknoxmhs.dodea.edu,TRUE
garmischems.dodea.edu,TRUE
gordones.dodea.edu,TRUE
guamhs.dodea.edu,TRUE
hamptonps.dodea.edu,TRUE
heroeses.dodea.edu,TRUE
hohenfelses.dodea.edu,TRUE
irwinis.dodea.edu,TRUE
kadenaes.dodea.edu,TRUE
kadenams.dodea.edu,TRUE
kaiserslauternes.dodea.edu,TRUE
kaiserslauternhs.dodea.edu,TRUE
kaiserslauternms.dodea.edu,TRUE
kingsolveres.dodea.edu,TRUE
kinseres.dodea.edu,TRUE
kleinebrogeles.dodea.edu,TRUE
lanhames.dodea.edu,TRUE
lejeunehs.dodea.edu,TRUE
libertyis.dodea.edu,TRUE
mahaffeyms.dodea.edu,TRUE
maxwellafbems.dodea.edu,TRUE
mcperryhs.dodea.edu,TRUE
mcperryps.dodea.edu,TRUE
netzaberges.dodea.edu,TRUE
patchms.dodea.edu,TRUE
pinckneyes.dodea.edu,TRUE
poolees.dodea.edu,TRUE
quanticomhs.dodea.edu,TRUE
ramsteinhs.dodea.edu,TRUE
ramsteinis.dodea.edu,TRUE
ramsteinms.dodea.edu,TRUE
registration.dodea.edu,TRUE
ryukyums.dodea.edu,TRUE
shapems.dodea.edu,TRUE
shughartes.dodea.edu,TRUE
sigonellaes.dodea.edu,TRUE
spangdahlemhs.dodea.edu,TRUE
stowerses.dodea.edu,TRUE
sullivanses.dodea.edu,TRUE
tarawaterracees.dodea.edu,TRUE
vicenzaes.dodea.edu,TRUE
vicenzams.dodea.edu,TRUE
vilseckes.dodea.edu,TRUE
whitees.dodea.edu,TRUE
wiesbadenhs.dodea.edu,TRUE
dodea.edu,TRUE
yokosukaps.dodea.edu,TRUE
yokotahs.dodea.edu,TRUE
yokotams.dodea.edu,TRUE
yokotawestes.dodea.edu,TRUE
zamamhs.dodea.edu,TRUE
zukeranes.dodea.edu,TRUE
libguides.nps.edu,TRUE
usnwc.edu,TRUE
usna.edu,TRUE
usncc.edu,TRUE
uscga.edu,TRUE
jsou.edu,TRUE
albrittonms.dodea.edu,TRUE
antilleses.dodea.edu,TRUE
antillesms.dodea.edu,TRUE
bowleyes.dodea.edu,TRUE
dahlgren.dodea.edu,TRUE
dexteres.dodea.edu,TRUE
elliottes.dodea.edu,TRUE
faithms.dodea.edu,TRUE
fortcampbellhs.dodea.edu,TRUE
johnsonps.dodea.edu,TRUE
kessleres.dodea.edu,TRUE
marshalles.dodea.edu,TRUE
mcbridees.dodea.edu,TRUE
murrayes.dodea.edu,TRUE
parkeres.dodea.edu,TRUE
pierceterracees.dodea.edu,TRUE
ramey.dodea.edu,TRUE
scottis.dodea.edu,TRUE
shughartms.dodea.edu,TRUE
vanvoorhises.dodea.edu,TRUE
westpointes.dodea.edu,TRUE
westpointms.dodea.edu,TRUE
afnorthes.dodea.edu,TRUE
alconburyes.dodea.edu,TRUE
alconburymhs.dodea.edu,TRUE
ankaraehs.dodea.edu,TRUE
avianoes.dodea.edu,TRUE
bahraines.dodea.edu,TRUE
baumholdermhs.dodea.edu,TRUE
brusselsehs.dodea.edu,TRUE
grafenwoehres.dodea.edu,TRUE
hohenfelsmhs.dodea.edu,TRUE
lakenheathes.dodea.edu,TRUE
lakenheathhs.dodea.edu,TRUE
lakenheathms.dodea.edu,TRUE
landstuhles.dodea.edu,TRUE
livornoems.dodea.edu,TRUE
napleses.dodea.edu,TRUE
naplesmhs.dodea.edu,TRUE
netzabergms.dodea.edu,TRUE
patches.dodea.edu,TRUE
ramsteines.dodea.edu,TRUE
robinsonbarrackses.dodea.edu,TRUE
rotaes.dodea.edu,TRUE
rotamhs.dodea.edu,TRUE
sembaches.dodea.edu,TRUE
sevillaems.dodea.edu,TRUE
shapees.dodea.edu,TRUE
shapehs.dodea.edu,TRUE
sigonellamhs.dodea.edu,TRUE
smithes.dodea.edu,TRUE
spangdahlemes.dodea.edu,TRUE
spangdahlemms.dodea.edu,TRUE
stuttgartes.dodea.edu,TRUE
stuttgarths.dodea.edu,TRUE
vilseckhs.dodea.edu,TRUE
vogelwehes.dodea.edu,TRUE
wiesbadenes.dodea.edu,TRUE
wiesbadenms.dodea.edu,TRUE
arnnes.dodea.edu,TRUE
bobhopees.dodea.edu,TRUE
daegues.dodea.edu,TRUE
daegumhs.dodea.edu,TRUE
edgrenmhs.dodea.edu,TRUE
humphreyscentrales.dodea.edu,TRUE
humphreyshs.dodea.edu,TRUE
humphreysms.dodea.edu,TRUE
humphreyswestes.dodea.edu,TRUE
ikegoes.dodea.edu,TRUE
iwakuniis.dodea.edu,TRUE
iwakunims.dodea.edu,TRUE
kadenahs.dodea.edu,TRUE
killines.dodea.edu,TRUE
kinnickhs.dodea.edu,TRUE
kubasakihs.dodea.edu,TRUE
lesterms.dodea.edu,TRUE
mccoolems.dodea.edu,TRUE
mendeles.dodea.edu,TRUE
osanes.dodea.edu,TRUE
osanmhs.dodea.edu,TRUE
saseboes.dodea.edu,TRUE
sollarses.dodea.edu,TRUE
stearleyps.dodea.edu,TRUE
yokosukams.dodea.edu,TRUE
blueroof.gov,TRUE
adlnet.gov,TRUE
dod.usajobs.gov,TRUE
oldcc.gov,TRUE
businessdefense.gov,TRUE
navcen.uscg.gov,TRUE
nvmc.uscg.gov,TRUE
wrp.gov,TRUE
osc.gov,TRUE
leapcb.ncis.navy.mil,TRUE
fcg.pentagon.mil,TRUE
africom.mil,TRUE
army.mil,TRUE
tacom.army.mil,TRUE
w3.saj.usace.army.mil,TRUE
spk-wc.usace.army.mil,TRUE
navigation.usace.army.mil,TRUE
water.usace.army.mil,TRUE
jalbtcx.usace.army.mil,TRUE
aal.mil,TRUE
agewebportal.erdc.dren.mil,TRUE
anad.army.mil,TRUE
apcrp.el.erdc.dren.mil,TRUE
armyrotc.army.mil,TRUE
awm.army.mil,TRUE
bsaf.el.erdc.dren.mil,TRUE
cadbimcenter.erdc.dren.mil,TRUE
cascom.army.mil,TRUE
cecom.army.mil,TRUE
chrps.erdc.dren.mil,TRUE
chs.erdc.dren.mil,TRUE
doer.el.erdc.dren.mil,TRUE
e2d2.el.erdc.dren.mil,TRUE
ecomod.erdc.dren.mil,TRUE
education.erdc.dren.mil,TRUE
emrrp.el.erdc.dren.mil,TRUE
ewn.erdc.dren.mil,TRUE
fqacalc.erdc.dren.mil,TRUE
frfdataportal.erdc.dren.mil,TRUE
gvsc.devcom.army.mil,TRUE
home.army.mil,TRUE
iwrlibrary.sec.usace.army.mil,TRUE
medcoe.army.mil,TRUE
mrsi.erdc.dren.mil,TRUE
nano.el.erdc.dren.mil,TRUE
peoiews.army.mil,TRUE
people.army.mil,TRUE
publibrary.sec.usace.army.mil,TRUE
quartermaster.army.mil,TRUE
redriver.army.mil,TRUE
sierra.army.mil,TRUE
soldierforlife.army.mil,TRUE
speedtest.erdc.dren.mil,TRUE
talent.army.mil,TRUE
test.el.erdc.dren.mil,TRUE
tioh.army.mil,TRUE
tlp.el.erdc.dren.mil,TRUE
transportation.erdc.dren.mil,TRUE
wizards.mrsi.erdc.dren.mil,TRUE
wots.el.erdc.dren.mil,TRUE
pba.army.mil,TRUE
pica.army.mil,TRUE
sms.erdc.dren.mil,TRUE
tooele.army.mil,TRUE
wsmr.army.mil,TRUE
wva.army.mil,TRUE
wwwhpc.w.dren.mil,TRUE
dunham.nrmc.amedd.army.mil,TRUE
rader.nrmc.amedd.army.mil,TRUE
kacc.nrmc.amedd.army.mil,TRUE
bahc.nrmc.amedd.army.mil,TRUE
drum.amedd.army.mil,TRUE
usaphcapps.amedd.army.mil,TRUE
kenner.nrmc.amedd.army.mil,TRUE
mcdonald.nrmc.amedd.army.mil,TRUE
kusahc.nrmc.amedd.army.mil,TRUE
ephc.amedd.army.mil,TRUE
cdn.health.mil,TRUE
phc.amedd.army.mil,TRUE
srtsweb.amedd.army.mil,TRUE
inscom.army.mil,TRUE
ameddciviliancorps.amedd.army.mil,TRUE
usahca.medcom.amedd.army.mil,TRUE
redstone.amedd.army.mil,TRUE
korea.amedd.army.mil,TRUE
finance.army.mil,TRUE
survey.tradoc.army.mil,TRUE
armygameday.com,TRUE
ready.army.mil,TRUE
myarmybenefits.us.army.mil,TRUE
rdl.train.army.mil,TRUE
atiam.train.army.mil,TRUE
housing.army.mil,TRUE
jst.doded.mil,TRUE
actsonline.army.mil,TRUE
tjaglcs.army.mil,TRUE
api.army.mil,TRUE
darpa.mil,TRUE
dtsn.darpa.mil,TRUE
sso.darpa.mil,TRUE
addr.dencom.army.mil,TRUE
api.dencom.army.mil,TRUE
help-dental.health.mil,TRUE
gulflink.osd.mil,TRUE
tricare.mil,TRUE
ph.health.mil,TRUE
my.mhsgenesis.health.mil,TRUE
dodmerb.tricare.osd.mil,TRUE
esgr.mil,TRUE
esgr1.mil,TRUE
esgrevents.mil,TRUE
freedomaward.mil,TRUE
yellowribbon.mil,TRUE
esgrwebsite2.csd.disa.mil,TRUE
disa.mil,TRUE
help.disa.mil,TRUE
storefront.disa.mil,TRUE
pdrep.csd.disa.mil,TRUE
connect.disa.mil,TRUE
aplits.disa.mil,TRUE
eirbpt.csd.disa.mil,TRUE
emss.pac.disa.mil,TRUE
inah.pac.disa.mil,TRUE
crl.nit.disa.mil,TRUE
vssm.csd.disa.mil,TRUE
sprs.csd.disa.mil,TRUE
alm.csd.disa.mil,TRUE
almpt.csd.disa.mil,TRUE
ideas.govcloud.disa.mil,TRUE
crl.gds.disa.mil,TRUE
esgr.csd.disa.mil,TRUE
militarychildcare.csd.disa.mil,TRUE
doehrs-ih.csd.disa.mil,TRUE
dha-bcs.csd.disa.mil,TRUE
iler-test.csd.disa.mil,TRUE
miaptest.csd.disa.mil,TRUE
ice.disa.mil,TRUE
freedomaward.csd.disa.mil,TRUE
ccqas.csd.disa.mil,TRUE
amclg.csd.disa.mil,TRUE
dcast.csd.disa.mil,TRUE
wawfraid.nit.disa.mil,TRUE
test.militarychildcare.csd.disa.mil,TRUE
portal.apps.isitdown.mil,TRUE
web.git.mil,TRUE
public.sites.disa.ecs.mil,TRUE
go.ecs.mil,TRUE
wiki.apps.ccpo.ecs.mil,TRUE
usgovdod.mil,TRUE
shelflife.dla.mil,TRUE
flisancillaryu.dla.mil,TRUE
business.dla.mil,TRUE
businessportal.dla.mil,TRUE
amps.dla.mil,TRUE
dso.dla.mil,TRUE
qpldocs.dla.mil,TRUE
mebs.dla.mil,TRUE
afnconnect.myafn.dodmedia.osd.mil,TRUE
afn-now.myafn.mil,TRUE
cdn.myafn.dodmedia.osd.mil,TRUE
afn.mil,TRUE
myafn.mil,TRUE
imp.myafn.dodmedia.osd.mil,TRUE
media.myafn.dodmedia.osd.mil,TRUE
myafn.dodmedia.osd.mil,TRUE
now.afn.mil,TRUE
v3.myafn.dodmedia.osd.mil,TRUE
apps.dtic.mil,TRUE
defenseinnovationmarketplace.dtic.mil,TRUE
discover.dtic.mil,TRUE
dodiac.dtic.mil,TRUE
submit.dtic.mil,TRUE
elisa.dtsa.mil,TRUE
spanweb.dtsa.mil,TRUE
dtsa.mil,TRUE
jdrs.mil,TRUE
armyignited.army.mil,TRUE
navycollege.navy.mil,TRUE
sas.ncdc.navy.mil,TRUE
clclaims.jag.navy.mil,TRUE
jag.navy.mil,TRUE
aeronautical.nga.mil,TRUE
applicant.nga.mil,TRUE
dnc.nga.mil,TRUE
enom.nga.mil,TRUE
geonames.nga.mil,TRUE
map.nga.mil,TRUE
marhelp.nga.mil,TRUE
msi.nga.mil,TRUE
nga.mil,TRUE
dod-executiveagent.osd.mil,TRUE
mla.dmdc.osd.mil,TRUE
dmdc.osd.mil,TRUE
dave.acq.osd.mil,TRUE
dcas.dmdc.osd.mil,TRUE
dmdcrs.dmdc.osd.mil,TRUE
dtscdcwebgov.defensetravel.osd.mil,TRUE
dtsproweb.defensetravel.osd.mil,TRUE
dwp.dmdc.osd.mil,TRUE
dwr.dmdc.osd.mil,TRUE
fapss.dmdc.osd.mil,TRUE
idco.dmdc.osd.mil,TRUE
jacks.jpeocbd.osd.mil,TRUE
learning.dmdc.osd.mil,TRUE
mris.dmdc.osd.mil,TRUE
myaccess.dmdc.osd.mil,TRUE
opmverify.dmdc.osd.mil,TRUE
opsconnect.dmdc.osd.mil,TRUE
repi.osd.mil,TRUE
scra.dmdc.osd.mil,TRUE
skillbridge.osd.mil,TRUE
soes.dmdc.osd.mil,TRUE
usmap.osd.mil,TRUE
webct2.dmdc.osd.mil,TRUE
dcpas.osd.mil,TRUE
denix.osd.mil,TRUE
www1.dmea.osd.mil,TRUE
ac.cto.mil,TRUE
dsb.cto.mil,TRUE
cto.mil,TRUE
ctoinnovation.mil,TRUE
acqdemo.hci.mil,TRUE
acqweb.staging.acqebiz.mil,TRUE
indpol.staging.acqebiz.mil,TRUE
myfss.us.af.mil,TRUE
outreachrequests.hq.af.mil,TRUE
mpe.pegasus.mil,TRUE
airshows.pa.hq.af.mil,TRUE
boards.law.af.mil,TRUE
jsf.mil,TRUE
aflegalassistance.law.af.mil,TRUE
cgpaas.uscg.mil,TRUE
eucom.mil,TRUE
ustranscom.mil,TRUE
artifactory.jten.mil,TRUE
bitbucket.jten.mil,TRUE
bugzilla.jten.mil,TRUE
cac.jten.mil,TRUE
confluence-ps.jten.mil,TRUE
gitlab.jten.mil,TRUE
jten.mil,TRUE
ns4.jten.mil,TRUE
ns5.jten.mil,TRUE
jdl-otds.jten.mil,TRUE
jira-ps.jten.mil,TRUE
jkosgst-ga.jten.mil,TRUE
jtds.jten.mil,TRUE
jtims-reports.jten.mil,TRUE
jtp-mvcr.jten.mil,TRUE
jtp-sso.jten.mil,TRUE
lpds.jten.mil,TRUE
medcop.jten.mil,TRUE
nemesis.jten.mil,TRUE
secure.jten.mil,TRUE
stage.jllis.mil,TRUE
tgs-sim.jten.mil,TRUE
view.jten.mil,TRUE
vpn.jten.mil,TRUE
vpnpac.jten.mil,TRUE
alsa.mil,TRUE
arcus.mil,TRUE
arlingtoncemetery.mil,TRUE
cap.mil,TRUE
code.mil,TRUE
dctc.mil,TRUE
dds.mil,TRUE
defenseculture.mil,TRUE
dfba.mil,TRUE
diu.mil,TRUE
dodsbirsttr.mil,TRUE
dodsurveys.mil,TRUE
dodtap.mil,TRUE
dscu.mil,TRUE
ecs.mil,TRUE
esi.mil,TRUE
fedmall.mil,TRUE
gigeagle.mil,TRUE
homes.mil,TRUE
hpc.mil,TRUE
isitdown.mil,TRUE
jtf-spacedefense.mil,TRUE
lt2portal.mil,TRUE
mc.mil,TRUE
mcm.mil,TRUE
militaryonesource.mil,TRUE
nsic.mil,TRUE
nsin.mil,TRUE
opa.mil,TRUE
people.mil,TRUE
sda.mil,TRUE
serdp-estcp.mil,TRUE
soc.mil,TRUE
tapevents.mil,TRUE
tearline.mil,TRUE
vte.mil,TRUE
vts.mil,TRUE
whitehousecommsagency.mil,TRUE
p1.dso.mil,TRUE
coalition.dso.mil,TRUE
universe.bigbang.dso.mil,TRUE
websites.staging.dso.mil,TRUE
repo1.dso.mil,TRUE
corsairranch.dso.mil,TRUE
jfac.dso.mil,TRUE
jfac.apps.dso.mil,TRUE
jfac-il2.apps.dso.mil,TRUE
dto.il2.afwerx.dso.mil,TRUE
software.af.mil,TRUE
cloudone.af.mil,TRUE
info.cloudone.af.mil,TRUE
federation.prod.cce.af.mil,TRUE
chat.il2.dso.mil,TRUE
ironbank.dso.mil,TRUE
registry1.dso.mil,TRUE
learn.apps.dso.mil,TRUE
afscsoftware.dso.mil,TRUE
atm.dev.il2.afwerx.dso.mil,TRUE
arcwerx.dso.mil,TRUE
profile.ncis.navy.mil,TRUE
catch.ncis.navy.mil,TRUE
webmail16.ncis.navy.mil,TRUE
csm.ncis.navy.mil,TRUE
cleoc.ncis.navy.mil,TRUE
adfs.ncis.navy.mil,TRUE
armyresilience.army.mil,TRUE
rmda.army.mil,TRUE
jagcnet.army.mil,TRUE
jagcnet2.army.mil,TRUE
c5isrcenter.devcom.army.mil,TRUE
medlinet.amedd.army.mil,TRUE
winn.amedd.army.mil,TRUE
blanchfield.amedd.army.mil,TRUE
moncrief.amedd.army.mil,TRUE
crg.amedd.army.mil,TRUE
kach.amedd.army.mil,TRUE
lyster.amedd.army.mil,TRUE
rodriguez.amedd.army.mil,TRUE
eisenhower.amedd.army.mil,TRUE
efmpandme.militaryonesource.mil,TRUE
tribute.militaryonesource.mil,TRUE
millifelearning.militaryonesource.mil,TRUE
installations.militaryonesource.mil,TRUE
planmydeployment.militaryonesource.mil,TRUE
demographics.militaryonesource.mil,TRUE
mycaa.militaryonesource.mil,TRUE
myseco.militaryonesource.mil,TRUE
statepolicy.militaryonesource.mil,TRUE
supportrequest.militaryonesource.mil,TRUE
militaryonesourceconnect.org,TRUE
msepjobs.militaryonesource.mil,TRUE
planmymove.militaryonesource.mil,TRUE
dctc.mil,TRUE
centers.hpc.mil,TRUE
daac.hpc.mil,TRUE
ugm.hpc.mil,TRUE
reservation.hpc.mil,TRUE
erdc.hpc.mil,TRUE
ieapp.hpc.mil,TRUE
afrl.hpc.mil,TRUE
arba.army.pentagon.mil,TRUE
apacs.milcloud.mil,TRUE
public.militarychildcare.csd.disa.mil,TRUE
milgears.osd.mil,TRUE
moore.army.mil,TRUE
milsuite.mil,TRUE
dod365.sharepoint-mil.us,TRUE
digitalu.af.mil,TRUE
acquisitioninnovation.darpa.mil,TRUE
baa.darpa.mil,TRUE
baa.sco.mil,TRUE
baa-registration.darpa.mil,TRUE
baa-registration.sco.mil,TRUE
contact.darpa.mil,TRUE
criticalminerals.darpa.mil,TRUE
eei.darpa.mil,TRUE
eri-summit.darpa.mil,TRUE
extsp16.darpa.mil,TRUE
fett.darpa.mil,TRUE
forum.triagechallenge.darpa.mil,TRUE
forward.darpa.mil,TRUE
innovationfellowship.darpa.mil,TRUE
leh-baaxrevc.darpa.mil,TRUE
leh-boxc.darpa.mil,TRUE
leh-miprdc.darpa.mil,TRUE
leh-sbirc.darpa.mil,TRUE
leh-spntc.darpa.mil,TRUE
leh-stage.darpa.mil,TRUE
leh-vaultc.darpa.mil,TRUE
miprdelivery.darpa.mil,TRUE
oceanofthings.darpa.mil,TRUE
sbir.darpa.mil,TRUE
search.darpa.mil,TRUE
triagechallenge.darpa.mil,TRUE
vault.darpa.mil,TRUE
mypay.dfas.mil,TRUE
smartvoucher.dfas.mil,TRUE
corpweb1.dfas.mil,TRUE
abacusmhs.health.mil,TRUE
chfs.abausmhs.health.mil,TRUE
chfs2.abausmhs.health.mil,TRUE
e2569.abacusmhs.health.mil,TRUE
mail.dodpvtcloud.health.mil,TRUE
reporting.abacusmhs.health.mil,TRUE
ubo.abacusmhs.health.mil,TRUE
patientportal.mhsgenesis.health.mil,TRUE
mymilitary.health.mil,TRUE
crcportal.unet.dtra.mil,TRUE
dtra1mysiteportal.unet.dtra.mil,TRUE
dtra1portal.unet.dtra.mil,TRUE
hrportal.unet.dtra.mil,TRUE
altvdi.dtra.mil,TRUE
vdi.dtra.mil,TRUE
pal.dtra.mil,TRUE
remote.dtra.mil,TRUE
remote1.dtra.mil,TRUE
remote2.dtra.mil,TRUE
egis.dtra.mil,TRUE
ants.jieddo.mil,TRUE
attic.dtra.mil,TRUE
oims.dtra.mil,TRUE
nats.dtra.mil,TRUE
dnws.dtra.mil,TRUE
iwmdt.dtra.mil,TRUE
weather.dtra.mil,TRUE
weather2.dtra.mil,TRUE
weather2-public.dtra.mil,TRUE
weather-public.dtra.mil,TRUE
cbrnedss.dtra.mil,TRUE
jocconops.dtra.mil,TRUE
opscenter.dtra.mil,TRUE
mda.mil,TRUE
mynrh.navy.mil,TRUE
doncio.navy.mil,TRUE
npc.navy.mil,TRUE
aa.usno.navy.mil,TRUE
crf.usno.navy.mil,TRUE
maia.usno.navy.mil,TRUE
navyfamily.navy.mil,TRUE
blueangels.navy.mil,TRUE
history.navy.mil,TRUE
navair.navy.mil,TRUE
navyband.navy.mil,TRUE
onr.navy.mil,TRUE
secnav.navy.mil,TRUE
aim-ctx.ncdc.navy.mil,TRUE
a-pes.mmrp.usmc.mil,TRUE
webapps.mcieast.usmc.mil,TRUE
bcnr.navy.mil,TRUE
cosmos.navy.mil,TRUE
cyber.ncis.navy.mil,TRUE
dadms.cloud.navy.mil,TRUE
dfntc.nrlssc.navy.smil.mil,TRUE
ep.erp.navy.mil,TRUE
fa.hqmc.usmc.mil,TRUE
flint.nres.navy.smil.mil,TRUE
geoint.nrlssc.navy.smil.ml,TRUE
hcs.usmc.mil,TRUE
admacs.navy.mil,TRUE
citrixwi.nasjax.navy.mil,TRUE
draix01.usmc-mccs.org:7780,TRUE
draix14.usmc-mccs.org:7060,TRUE
ncors.navy.mil,TRUE
rcx.usmc-mccs.org,TRUE
ca.usff.navy.mil,TRUE
*.partybarge.blackpearl.us,TRUE
a2d1portal.navsea.navy.mil,TRUE
accesscm.navy.mil,TRUE
acts.nmci.navy.smil.mil,TRUE
ade.navy.mil,TRUE
admin.nag.navy.mil,TRUE
adss.dc3n.navy.mil,TRUE
afsas.safety.af.mil,TRUE
agp.navfac.navy.mil,TRUE
ahss.usmc.mil,TRUE
aimtc.nuwc.navy.mil,TRUE
airworthiness.navair.navy.mil,TRUE
alerts1.mcdsus.mcds.usmc.mil,TRUE
amhs.jmhs.cpf.navy.mil,TRUE
amhs.jmhs.cpf.navy.smil.mil,TRUE
ams.navair.navy.mil,TRUE
amsrrashore.csd.disa.mil,TRUE
app.mcboss.usmc.mil,TRUE
applications.navsup.navy.mil,TRUE
apps.dse.futures.army.mil,TRUE
apps.mcboss.usmc.mil,TRUE
apps.nag.navy.mil,TRUE
apps.navsea.navy.mil,TRUE
ars.navatfp.dc3n.navy.mil,TRUE
asm.navy.mil,TRUE
asm3.nmci.navy.mil,TRUE
atc.navy.mil,TRUE
autonoa.army.mil,TRUE
autosaar.usmc.mil,TRUE
avplm.services.nres.navy.mil,TRUE
awis.navair.navy.mil,TRUE
bims.navfac.navy.mil,TRUE
bol.navy.mil,TRUE
bracbims.bracpmo.navy.mil,TRUE
c4isuite.atfp.cnic.navy.mil,TRUE
c4isuite.atfp.cnic.navy.smil.mil,TRUE
cadpad.navair.navy.mil,TRUE
camis.nre.navy.mil,TRUE
cams.hqmc.usmc.smil.mil,TRUE
cats.abl.navsea.navy.mil,TRUE
cdms.navsea.navy.mil,TRUE
cdms-nf.nmci.navy.mil,TRUE
cedcchrgw.dc3n.navy.mil,TRUE
cffo.fleetforces.navy.smil.mil,TRUE
cfwebx.ports.navy.mil,TRUE
chaos.usmc.mil,TRUE
cims.nmci.navy.mil,TRUE
cimts.navair.navy.mil,TRUE
circuits.navfac.navy.mil,TRUE
cirras.dc3n.navy.mil,TRUE
civbenefits.dc3n.navy.mil,TRUE
clc2s.usmc.mil,TRUE
clear.oni.nmci.navy.smil.mil,TRUE
clnr.hqi.usmc.mil,TRUE
cloud.navy.mil,TRUE
cmas.nswcpd.navy.mil,TRUE
cmis.navair.navy.mil,TRUE
cmmainweb.dc3n.navy.mil,TRUE
cmp.ncdc.navy.mil,TRUE
cmpro.navair.navy.mil,TRUE
cmpro.navy.mil,TRUE
cmpropac.navy.mil,TRUE
cnafcs.dc3n.navy.mil,TRUE
cobra.csd.disa.mil,TRUE
codenest.dc3n.navy.mil,TRUE
connect.navyaims.net,TRUE
console.wseast.navair.navy.mil,TRUE
corp.dc3n.navy.mil,TRUE
cpesrs.navair.navy.mil,TRUE
cpm-essc.training.navy.smil.mil,TRUE
csacms.cnic.navy.mil;,TRUE
csams.dc3n.navy.mil,TRUE
csg2.navyaims.net,TRUE
cuthill.dt.navy.mil,TRUE
cv-sharp.cvnxx.mil,TRUE
cxmillprod.bol.navy.mil,TRUE
cyp.cnic.n9portal.net,TRUE
dacmmis.navy.mil,TRUE
decisionlens.cnic.navy.mil,TRUE
deckplate.navair.navy.mil,TRUE
donibsatlas.secnav.navy.mil,TRUE
drrsn.nrre.navy.smil.mil,TRUE
dscats.navy.mil,TRUE
dtt.navy.mil,TRUE
dwreports.navair.navy.mil,TRUE
ea.ekr.cprobe.army.mil,TRUE
ebusiness.submepp.navy.mil,TRUE
ecms.navfac.navy.mil,TRUE
e-commerce.dc3n.navy.mil,TRUE
ecraft.csd.disa.mil,TRUE
edw.csd.disa.mil,TRUE
efem.psns.navy.mil,TRUE
eforms.nslc.navy.mil,TRUE
eims.dc3n.navy.mil,TRUE
eims.navair.navy.smil.mil,TRUE
eis.nslc.navy.mil,TRUE
ems.logcom.usmc.mil,TRUE
encore.usmc.mil,TRUE
eprweb.cnic.navy.mil,TRUE
epx.erp.navy.mil,TRUE
eris.mceits.usmc.mil,TRUE
esams.cnic.navy.mil,TRUE
essims.navy.mil,TRUE
esso.dc3n.navy.mil,TRUE
exmis.navfac.navy.mil,TRUE
facilities-integration.usmc.mil,TRUE
factsprod.milcloud.mil,TRUE
fecd.dc3n.navy.mil,TRUE
ffsmis.cnic.navy.mil,TRUE
fist.navair.navy.mil,TRUE
flighthub.navair.navy.mil,TRUE
forms.navfac.navy.mil,TRUE
fres.cnic.navy.mil,TRUE
fsm.navsup.navy.mil,TRUE
fuse.navy.mil,TRUE
fusion.navy.mil,TRUE
fwb.metoc.navy.mil,TRUE
g2.cnic.navy.mil,TRUE
gaa351.matcom.usmc.mil,TRUE
gccsportal.mcw.ad.usmc.smil.mil,TRUE
gcssmc-sakc.usmc.mil,TRUE
gis.aw3s.navy.mil,TRUE
goes.bol.navy.mil,TRUE
govnxg.seaport.navy.mil,TRUE
harps.dc3n.navy.mil,TRUE
help.nswcphd.smil.mil,TRUE
hqmcportal.hqi.usmc.mil,TRUE
hrms.usmc-mccs.org,TRUE
hrojas.cnfj.navy.mil,TRUE
httds.dc3n.navy.mil,TRUE
ias2.ports.navy.mil,TRUE
ibons.navair.navy.mil,TRUE
ibpesprod01.navy.mil,TRUE
icrane.nmci.navy.mil,TRUE
ide.peocarriers.navy.mil,TRUE
iefacman.navfac.navy.mil,TRUE
infosec.navy.mil,TRUE
ipdm.navy.mil,TRUE
irr.mcdsus.mcds.usmc.mil,TRUE
iscsc.dc3n.navy.mil,TRUE
issf.dc3n.navy.mil,TRUE
itservices.phdnswc.nmci.navy.mil,TRUE
jaws.jecs.csd.disa.mil,TRUE
jdrs.mil,TRUE
jedmics.navair.navy.mil,TRUE
jeod.disa.smil.mil,TRUE
kokee.pmrf.navy.mil,TRUE
las.netc.ncdc.navy.mil,TRUE
las.training.navy.smil.mil,TRUE
lawc.ports.navy.mil,TRUE
lcmi.logcom.usmc.mil,TRUE
learning.nel.navy.mil,TRUE
legalfiles.cnrc.navy.mil,TRUE
lfsapps.mceits.usmc.mil,TRUE
lodgingguestportal.usmc-mccs.org,TRUE
lpds2.jten.mil,TRUE
lssat.crane.navy.mil,TRUE
main.prod.cetars.training.navy.mil,TRUE
make.nswc.navy.mil,TRUE
malseit.navair.navy.mil,TRUE
marketplace-ti.sd.spawar.navy.mil,TRUE
maximo.navfac.navy.mil,TRUE
mcalms.usmc.mil,TRUE
mcfmis.hqi.usmc.mil,TRUE
mcipacviewer.mcdsus.mcds.usmc.mil,TRUE
mcmbprod.logcom.usmc.mil,TRUE
mcpas.logcom.usmc.mil,TRUE
mcpic.bic.usmc.mil,TRUE
mcriss.marines.usmc.mil,TRUE
mcsrc.mceits.usmc.mil,TRUE
mctims.usmc.mil,TRUE
measure.navair.navy.mil,TRUE
metbenchhq01.nmci.navy.mil,TRUE
metcal.corona.nmci.navy.mil,TRUE
mfom.sscno.nmci.navy.mil,TRUE
mfrsharepoint.mcdsus.mcds.usmc.mil,TRUE
mfs.mcdsus.mcds.usmc.mil,TRUE
miap.csd.disa.mil,TRUE
milapps.mcieast.usmc.mil,TRUE
mms-stg.mceits.usmc.mil,TRUE
modelstm1web.manpower.usmc.mil,TRUE
mrabi.nmci.navy.mil,TRUE
mrrs.dc3n.navy.mil,TRUE
msada.dc3n.navy.mil,TRUE
mscjira.dc3n.navy.mil,TRUE
msharp.mceits.usmc.mil,TRUE
mssis.volpe.dot.gov,TRUE
mswp.submepp.navy.mil,TRUE
mto.logcom.usmc.mil,TRUE
my.navsup.navy.mil,TRUE
mynatec.navair.navy.mil,TRUE
mynavyassignment.dc3n.navy.mil,TRUE
mypd.nswcpd.navy.mil,TRUE
myteam.navair.navy.mil,TRUE
nasims.audit.navy.mil,TRUE
nasis.cnrc.navy.mil,TRUE
naval.oceanography.navy.mil,TRUE
naval.oceanography.navy.smil,TRUE
naval.oceanography.navy.smil.mil,TRUE
navitas.navy.mil,TRUE
navlogtd.navsses.navy.mil,TRUE
navlogtd.navy.mil,TRUE
navsea.cmpro.navy.mil,TRUE
navsea.navy.deps.mil,TRUE
navsea-ide.navy.mil,TRUE
navy.emass.apps.mil,TRUE
navynpc.my.salesforce.mil,TRUE
ncmis.cnet.navy.mil,TRUE
ncor.nioc-norfolk.navy.mil,TRUE
ndls.nwdc.navy.mil,TRUE
neas.ncdc.navy.mil,TRUE
nedcchrgw.dc3n.navy.mil,TRUE
neitsm.dc3n.navy.mil,TRUE
nepapams.usmc.mil,TRUE
nepoc.oceanography.navy.mil,TRUE
nepoc.oceanography.navy.smil.mil,TRUE
netccentral.cnet.navy.mil,TRUE
netfocus.ncdc.navy.mil,TRUE
netops.cpf.navy.smil.mil,TRUE
newportal.nwpt.nuwc.navy.mil,TRUE
newportalv2.nwpt.nuwc.navy.mil,TRUE
newportalv3.nwpt.nuwc.navy.mil,TRUE
nfact.navfac.navy.mil,TRUE
nif.nmci.navy.mil,TRUE
nights.ncdc.navy.mil,TRUE
niris.navfac.navy.mil,TRUE
nitep.navfac.navy.mil,TRUE
nitra.navair.navy.smil.mil,TRUE
nitrex.nmci.navy.mil,TRUE
niweb05.nadepni.navy.mil:1443,TRUE
niwp01.nadepni.navy.mil:2443,TRUE
njis.navy.mil,TRUE
nll.navsup.navy.mil,TRUE
nmci-wny.nmci.navy.mil,TRUE
nmpbs.dc3n.navy.mil,TRUE
nmpbs.n10.npc.navy.mil,TRUE
nmrs.dc3n.navy.mil,TRUE
nncms.cnic.navy.mil,TRUE
norm.navfac.navy.mil,TRUE
nossa.dc3n.navy.mil,TRUE
notess.cotf.navy.mil,TRUE
npccontactcenter.ahf.nmci.navy.mil,TRUE
npt.nuwc.navy.mil,TRUE
nrows.dc3n.navy.mil,TRUE
nrrm.nrre.navy.mil,TRUE
nsdsa.dc3n.navy.mil,TRUE
nsips.nmci.navy.mil,TRUE
nslcweb32.nslc.navy.mil,TRUE
nslcweb37.nslc.navy.mil,TRUE
nslcweb53.nslc.navy.mil,TRUE
nst.navair.navy.smil.mil,TRUE
nswapps.navsoc.socom.smil.mil,TRUE
nswcpcweb.dc3n.navy.mil,TRUE
ntims.nrre.navy.smil.mil,TRUE
ntira.dc3n.navy.mil,TRUE
ntmpsweb.dc3n.navy.mil,TRUE
nwdc.navy.mil,TRUE
nwdc.navy.smil.mil,TRUE
nwdc-edcss.ncte.navy.local,TRUE
nwrt.cnrc.navy.mil,TRUE
obligations.navair.navy.mil,TRUE
ocie.cran.nmci.navy.mil,TRUE
odsf.mcw.usmc.mil,TRUE
oeptools.navair.navy.mil,TRUE
ogconline.navy.mil,TRUE
ombudsmanregistry.cnic.navy.mil,TRUE
oni.nmci.navy.smil.mil,TRUE
onroutside.onr.navy.mil,TRUE
opa.navy.mil,TRUE
opas.navy.mil,TRUE
orcacoke.spawar.navy.mil,TRUE
otoolsweb.cnrc.navy.mil,TRUE
p739w001.cfms.navy.mil,TRUE
pa-net.navy.mil,TRUE
parr0901.mcdsus.mcds.usmc.mil,TRUE
passport.intelink.gov,TRUE
paxrimd1.navair.navy.mil,TRUE
pbisdb.navair.navy.smil.mil,TRUE
pbisdb2.cloud.navy.mil,TRUE
pcola-app.cnet.navy.mil,TRUE
phb.hrmc.navy.mil,TRUE
phdcis.phdnswc.nmci.navy.mil,TRUE
phintranet.phnsy.navy.mil,TRUE
phx04.phx.cpf.navy.smil.mil,TRUE
pinnacles.sd.spawar.navy.mil,TRUE
pluto.phdnswc.nmci.navy.mil,TRUE
pmd.navair.navy.mil,TRUE
pmo.chs.spawar.navy.mil,TRUE
pmohq.dc3n.navy.mil,TRUE
pmses.navy.mil,TRUE
pmsmis.navy.mil,TRUE
poms.cnic.navy.mil,TRUE
portal.cdmd.navy.mil,TRUE
portal.fnmoc.navy.mil,TRUE
portal.fnmoc.navy.smil.mil,TRUE
portal.navfac.navy.mil,TRUE
portal.nmci.navy.mil,TRUE
portal.nwdc.navy.mil,TRUE
portal.nwdc.navy.smil.mil,TRUE
portal.peoeis.navy.mil,TRUE
portal.phdnswc.nmci.navy.mil,TRUE
portal.secnav.navy.mil,TRUE
poseidon.navy.mil,TRUE
ppr.nslc.navy.mil,TRUE
prdwebserv17.navair.navy.mil,TRUE
prdwebserv8.navair.navy.mil,TRUE
prep.insight.cnic.navy.mil,TRUE
pridemod.dc3n.navy.mil\pridemod\default.aspx,TRUE
prism.nre.navy.mil,TRUE
prisms.nmci.navy.mil,TRUE
private.navyreserve.navy.mil,TRUE
prod.asixs.navy.mil,TRUE
prodhr.np2.cloud.navy.mil,TRUE
promis.navy.mil,TRUE
prt.nmci.navy.mil,TRUE
qcts.no.navy.mil,TRUE
rabbithole.dc3n.navy.mil,TRUE
ram.navair.navy.mil,TRUE
ramp.navair.navy.mil,TRUE
rapid.cnic.navy.mil,TRUE
rcrp.csd.disa.mil,TRUE
rdais.navy.mil,TRUE
readinesssuite.navsup.navy.mil,TRUE
redi.navy.mil,TRUE
reports.cse.spawar.navy.mil,TRUE
reports.dc3n.navy.mil,TRUE
repository.jpeojtrs.mil,TRUE
revs.cnic.navy.mil,TRUE
rfmt.private.navyreserve.navy.mil,TRUE
rhics.csd.disa.mil,TRUE
rims.dc3n.navy.mil,TRUE
rims.ncis.navy.mil,TRUE
rmaisweb.nmci.navy.mil,TRUE
rram.navnsup.navy.mil,TRUE
rtam.tecom.usmc.mil,TRUE
rtamms.mceits.usmc.mil,TRUE
rtar.navyreserve.navy.mil,TRUE
s2de.nmci.navy.smil.mil,TRUE
sabar.sscno.nmci.navy.mil,TRUE
sadie.nmci.navy.mil,TRUE
safe.navy.smil.mil,TRUE
sams.mceits.usmc.mil,TRUE
sarmis.secnav.navy.mil,TRUE
sdremedyweb.sd.fisc.navy.mil,TRUE
seashare.spawar.navy.mil,TRUE
seat1.cpf.navy.mil,TRUE
seat1.nmci.navy.mil,TRUE
seatracq.nslc.navy.mil,TRUE
secure.fedramp-firstdue.us,TRUE
sedir.cse.spawar.navy.mil,TRUE
sems.dc3n.navy.mil,TRUE
sems.sscno.nmci.navy.mil,TRUE
servicenow.les.mil,TRUE
sfim.cnic.navy.mil,TRUE
sharepoint.cran.nmci.navy.smil.mil,TRUE
sharp.nmci.navy.mil,TRUE
shipname.navy.smil.mil,TRUE
sims.dc3n.navy.mil,TRUE
sked.abl.navy.mil,TRUE
slicwave.crane.navy.mil,TRUE
smds.navair.navy.smil.mil,TRUE
smmis.submepp.navy.mil,TRUE
smmp-mc.usmc.mil,TRUE
sms.dc3n.navy.mil,TRUE
snasts.navy.mil,TRUE
sop.ahf.nmci.navy.mil,TRUE
sp.nis.navy.mil,TRUE
spider.navy.mil,TRUE
spiders.navfac.navy.mil,TRUE
spmide.plm.dc3n.navy.mil,TRUE
ssl2.kpt.nuwc.navy.mil,TRUE
sso.tfs.usmc.mil,TRUE
ssuesxwi.supship.navy.mil,TRUE
stan3.navy.mil,TRUE
stats.sscno.nmci.navy.mil,TRUE
stratis.usmc.mil,TRUE
swms.dc3n.navy.mil,TRUE
syapps.psns.navy.mil,TRUE
synchro.spawar-chas.navy.smil.mil,TRUE
sysm.onr.navy.mil,TRUE
t3.mcdsus.mcds.usmc.mil,TRUE
tarp.navsup.navy.mil,TRUE
tcpt.usmc.mil,TRUE
tdc.dc3n.navy.mil,TRUE
tdp.nslc.navy.mil,TRUE
teamtrack.netc.navy.mil,TRUE
telemetry.usmc.mil,TRUE
tempalt.nuwckpt.navy.smil.mil,TRUE
tfars.spawaritc.navy.mil,TRUE
tfdw-web.mceits.usmc.mil,TRUE
tfmms.dc3n.navy.mil,TRUE
tfrs.mceits.usmc.mil,TRUE
tfrtools.navair.navy.mil,TRUE
tfsms.mceits.usmc.mil,TRUE
tips.navy.mil,TRUE
titan.navair.navy.mil,TRUE
tmd.navair.navy.mil,TRUE
tmde.logcom.usmc.mil,TRUE
tomis.nwptf.nuwc.navy.mil,TRUE
toris.dc3n.navy.mil,TRUE
tracker.adr.navy.mil,TRUE
trends.nrlssc.navy.smil.mil,TRUE
triannual.cse.spawar.navy.mil,TRUE
trims.dc3n.navy.mil,TRUE
trinidad.cse.spawar.navy.mil,TRUE
trms.dc3n.navy.mil,TRUE
tscmis.spawar-chas.navy.smil.mil,TRUE
tsharp.dc3n.navy.mil,TRUE
tsm-c.dc3n.navy.mil,TRUE
tso-horizon.mcw.usmc.mil,TRUE
tsosp.usmc.mil,TRUE
tsp.nuwcnpt.navy.mil,TRUE
tubaweb.dt.navy.mil,TRUE
twms.dc3n.navy.mil,TRUE
uat-icat.usmc.mil,TRUE
ulmt.ndcsd.nmci.navy.mil,TRUE
unmirror.nmic.navy.mil,TRUE
usmap.cnet.navy.mil,TRUE
usmcmax.usmc.mil,TRUE
usmcu.edu,TRUE
v22fst.nadepcp.navy.mil,TRUE
v22fst.navair.navy.mil,TRUE
vce.tecom.usmc.mil,TRUE
vlab.chs.spawar.navy.mil,TRUE
vram.navy.mil,TRUE
waanswcdap01.nmci.navy.mil,TRUE
wamo.nmci.navy.mil,TRUE
warchest.nmic.ic.gov,TRUE
watercraft.dc3n.navy.mil,TRUE
waw.kypt.nmci.navy.mil,TRUE
wdts.supshipgc.navy.mil,TRUE
web.ports.navy.mil,TRUE
web.salts.navy.mil,TRUE
web2.cpa.navy.mil,TRUE
webapps.mcieast.usmc.mil,TRUE
webapps.nnsy.navy.mil,TRUE
webapps.trfkb.navy.mil,TRUE
webappshr.nrl.navy.mil,TRUE
webappspdms.nrl.navy.mil,TRUE
webisis.nmci.navy.mil,TRUE
webjedmics.navair.navy.mil,TRUE
weblog.navy.mil,TRUE
webmail-rear.jtf519.smil.mil,TRUE
webmass3.manpower.usmc.mil,TRUE
webotf.ahf.nmci.navy.mil,TRUE
webserd.lakehurst.navy.mil,TRUE
websteam.cnrc.navy.mil,TRUE
wess.safetycenter.navy.mil,TRUE
wfmp.navair.navy.mil,TRUE
whaleback.submepp.navy.mil,TRUE
wide.kpt.nuwc.navy.mil,TRUE
windchill.navair.navy.mil,TRUE
wls.sscpac.nmci.navy.mil,TRUE
wms.navair.navy.mil,TRUE
wssct.usmc.mil,TRUE
wtpts.cnic.navy.mil,TRUE
atav.navy.mil,TRUE
bavr.cnic.navy.mil,TRUE
bol.navy.mil,TRUE
cbrd.navy.mil,TRUE
cets.dc3n.navy.mil,TRUE
chinfo.navy.mil,TRUE
cm.navsea.navy.mil,TRUE
cno.navy.mil,TRUE
cpars.gov,TRUE
crsc.secnav.navy.mil,TRUE
csp.navy.smil.mil,TRUE
ctf74.navy.smil.mil,TRUE
deip.jmie.sgov.gov,TRUE
drrsmc.hqmc.usmc.smil.mil,TRUE
emh.housing.navy.mil,TRUE
emh.housing.navy.mil and www.homes.mil,TRUE
ep2.mcsc.usmc.mil,TRUE
etims.navy.mil,TRUE
eu.navy.mil,TRUE
fmosystems.navy.mil,TRUE
geofidelis.usmc.mil,TRUE
insidenslc.navy.mil,TRUE
iwtg.navy.smil.mil,TRUE
jtdi.mil,TRUE
linxncr.us,TRUE
maintenance.navy.mil,TRUE
manpower.usmc.mil,TRUE
marcims.org,TRUE
marinenet.usmc.mil,TRUE
mcboss.usmc.mil,TRUE
mcdss.mcboss.usmc.mil,TRUE
mceap.usmc.mil,TRUE
mcendw.marcorsyscom.usmc.mil,TRUE
muwinfodesk.navy.mil,TRUE
navy.portal.mil,TRUE
ncca.navy.mil,TRUE
nde.navy.mil,TRUE
ndp.navy.mil,TRUE
neco.navy.mil,TRUE
nescdw.navsea.navy.mil,TRUE
nipo.navy.mil,TRUE
nko.navy.mil,TRUE
nmci.nswccd.navy.smil.mil,TRUE
nrlmry.navy.mil,TRUE
nsips.cloud.navy.mil,TRUE
nslcptsmh.csd.disa.mil,TRUE
nssa.nmci.navy.mil,TRUE
nwdc.navy.mil,TRUE
oars.navsea.navy.mil,TRUE
ois.disa.mil,TRUE
onetouch.navy.mil,TRUE
paraderes.hqi.usmc.mil,TRUE
pid.cnic.navy.mil,TRUE
prbuilder.usmc.mil,TRUE
prod.caris.netc.navy.mil,TRUE
prod.edsapp.cnet.navy.smil.mil,TRUE
prod.jalis.mil,TRUE
sd.vte.training.navy.mil,TRUE
shipops.net,TRUE
siatss.navy.mil,TRUE
sldcada.dc3n.navy.mil,TRUE
smartwebmove.navsup.navy.mil,TRUE
spear.navy.mil,TRUE
techrep.navy.mil,TRUE
tiger.marcorsyscom.usmc.mil,TRUE
uar.cas.navy.smil.mil,TRUE
uarnoc.cas.navy.smil.mil,TRUE
usmc.hmms.mil,TRUE
usmcobmt.com,TRUE
vamosc.navy.mil,TRUE
www1.mcieast.usmc.mil,TRUE
www1.trfkb.navy.mil,TRUE
www2.mccll.usmc.mil,TRUE
www2.navfac.navy.mil,TRUE
www2.oix.navy.mil,TRUE
wwwdd.csd.disa.mil,TRUE
xiam.cnic.navy.mil,TRUE
yinet001.srf.local,TRUE
zathras.spawar.navy.mil,TRUE
"chianti.spawar.navy,mil",TRUE
chianti.spawar.navy.mil,TRUE
drrsn.nrre.navy.mil,TRUE
jxsrv03.nadsusea.nads.navy.mil,TRUE
militaps.nmci.navy.mil,TRUE
nrdw.navyreserve.navy.mil,TRUE
nslcweb32.nslc.navy.mil\nslcportal\main\welcome.do,TRUE
mnp.navy.mil,TRUE
intra1.nadsusea.nads.navy.mil,TRUE
ice.ncis.navy.mil,TRUE
idp.mcrissii.marines.usmc.mil,TRUE
internal ip specific.,TRUE
internally configured per site.,TRUE
itsmweb.dc3n.navy.mil,TRUE
mccast2.mceits.usmc.mil,TRUE
mcess-ams.usmc.mil,TRUE
mcicomportal.mcicom.usmc.mil,TRUE
milrec.biblivation,TRUE
minotaur.nrlssc.navy.mil,TRUE
mmt.usmc.mil,TRUE
msclogqa.dc3n.navy.mil,TRUE
msctfm.dc3n.navy.mil,TRUE
mymsctfm.dc3n.navy.mil,TRUE
nfoses.net,TRUE
nmic.navy.smil.mil,TRUE
nserc.nswc.navy.mil,TRUE
portal.onr.spawar-chas.navy.smil.mil,TRUE
ppicss.hqi.usmc.mil,TRUE
prismsweb.nmci.navy.mil,TRUE
production c27cfmscnlap61a.ncdc.navy.mil,TRUE
raven.navy.smil.mil,TRUE
safetycenter.navy.mil,TRUE
sailor.navy.mil,TRUE
alertsci.nmci.navy.mil,TRUE
ssp.nuwc.navy.mil,TRUE
supsalv.navy.mil,TRUE
swat.dc3n.navy.mil,TRUE
tecnet1.jcte.jcs.mil,TRUE
seaspace-u.nswccd.navy.mil,TRUE
usnbgtmo.navy.smil.mil,TRUE
v22ric.navy.mil,TRUE
vcloud.gun.csd.disa.mil,TRUE
anchordesk.navy.smil.mil,TRUE
builder.usmc.mil,TRUE
donhq.navy.mil,TRUE
enclave.cmil.mil,TRUE
securerelease.us,TRUE
leddex.us,TRUE
nrlssc.navy.mil,TRUE
nwc.navy.mil,TRUE
prod.etrms.netc.navy.mil,TRUE
spawar.navy.smil.mil,TRUE
spawar-maintenance.navy.mil,TRUE
supship.navy.mil,TRUE
surveys.secnav.navy.mil,TRUE
swonet.navy.mil,TRUE
training.navy.mil,TRUE
wawf.eb.mil,TRUE
cpm-aim.ncdc.navy.mil,TRUE
trmc.osd.mil,TRUE
cool.osd.mil,TRUE
acq.osd.mil,TRUE
socom.mil,TRUE
cgmix.uscg.mil,TRUE
cgcart.uscg.mil,TRUE
cgrri.uscg.mil,TRUE
homeport.uscg.mil,TRUE
sageearth.northcom.mil,TRUE
sagewind.northcom.mil,TRUE
army.dodlodging.net,TRUE
manationalguard.net,TRUE
goarmywestpoint.evenue.net,TRUE
afrts.net,TRUE
myafn.net,TRUE
afneurope.net,TRUE
afnpacific.net,TRUE
afngo.net,TRUE
api.dvidshub.net,TRUE
cms.dvidshub.net,TRUE
v2cms.dvidshub.net,TRUE
dvidshub.net,TRUE
usace.on.worldcat.org,TRUE
usace.contentdm.oclc.org,TRUE
78tharmyband.org,TRUE
thenmusa.org,TRUE
afrts.org,TRUE
africacenter.org,TRUE
masscommunicationtool.org,TRUE
afcmrs.org,TRUE
airforcetechconnect.org,TRUE
nationalcoastguardmuseum.org,TRUE
uscgboating.org,TRUE
29palms.usmc-mccs.org,TRUE
8thandi.usmc-mccs.org,TRUE
albany.usmc-mccs.org,TRUE
barstow.usmc-mccs.org,TRUE
bridgeport.usmc-mccs.org,TRUE
campfuji.usmc-mccs.org,TRUE
cherrypoint.usmc-mccs.org,TRUE
hamptonroads.usmc-mccs.org,TRUE
hawaii.usmc-mccs.org,TRUE
hendersonhall.usmc-mccs.org,TRUE
iwakuni.usmc-mccs.org,TRUE
lejeunenewriver.usmc-mccs.org,TRUE
miramar.usmc-mccs.org,TRUE
pendleton.usmc-mccs.org,TRUE
quantico.usmc-mccs.org,TRUE
sandiego.usmc-mccs.org,TRUE
southcarolina.usmc-mccs.org,TRUE
okinawa.usmc-mccs.org,TRUE
usmc-mccs.org,TRUE
yuma.usmc-mccs.org,TRUE
dlnseo.org,TRUE
safehelpline.org,TRUE
sems2.serdp-estcp.org,TRUE
39tharmyband.com,TRUE
40thidband.us,TRUE
nsin.us,TRUE
unum.nsin.us,TRUE
mda-osbp.powerappsportals.us,TRUE
dodstem.us,TRUE
dev.stargazer.teambespin.us,TRUE
main.dev.vip.teambespin.us,TRUE
feature-6234.dev.digitalu.teambespin.us,TRUE
spend.int.cloudops.teambespin.us,TRUE
feature-socom.dev.digitalu.teambespin.us,TRUE
feature-5826.dev.digitalu.teambespin.us,TRUE
epic-sql-migration.dev.digitalu.teambespin.us,TRUE
admin.prod.kinderspot.teambespin.us,TRUE
teambespin.us,TRUE
nro.gov,TRUE
nsa.gov,TRUE
recruiting.army.mil,TRUE
pfpa.mil,TRUE
dinfos.edu,TRUE
cco.ndu.edu,TRUE
oig.nsa.gov,TRUE
insider-risk.gov,TRUE
prevention.mil,TRUE
afd.defense.gov,TRUE
basicresearch.defense.gov,TRUE
dodcertpmo.defense.gov,TRUE
innovation.defense.gov,TRUE
minerva.defense.gov,TRUE
ousdi.defense.gov,TRUE
agc.army.mil,TRUE
cyberdefensereview.army.mil,TRUE
enterprisemanagement.army.mil,TRUE
peoc3t.army.mil,TRUE
phcp.health.mil,TRUE
10thaamdc.army.mil,TRUE
12cab.army.mil,TRUE
19bcd.army.mil,TRUE
1tsc.army.mil,TRUE
21tsc.army.mil,TRUE
2cr.army.mil,TRUE
2sigbde.army.mil,TRUE
409csb.army.mil,TRUE
41fab.army.mil,TRUE
7atc.army.mil,TRUE
aepubs.eur.army.mil,TRUE
afod.eur.army.mil,TRUE
afsbeurope.army.mil,TRUE
amc.army.mil,TRUE
amcom.army.mil,TRUE
amlc.army.mil,TRUE
arcyber.army.mil,TRUE
armyupress.army.mil,TRUE
asafm.army.mil,TRUE
aschq.army.mil,TRUE
band.eur.army.mil,TRUE
jpeocbrnd.osd.mil,TRUE
mepcom.army.mil,TRUE
peosoldier.army.mil,TRUE
smdc.army.mil,TRUE
tobyhanna.army.mil,TRUE
usafmcom.army.mil,TRUE
usanato.army.mil,TRUE
usarcent.army.mil,TRUE
dfas.mil,TRUE
airforceacademy.tricare.mil,TRUE
corpuschristi.tricare.mil,TRUE
eglin.tricare.mil,TRUE
health.mil,TRUE
hill.tricare.mil,TRUE
lemoore.tricare.mil,TRUE
spacebasedelta1.spaceforce.mil,TRUE
12af.acc.af.mil,TRUE
8af.af.mil,TRUE
specialwarfaretw.af.mil,TRUE
908aw.afrc.af.mil,TRUE
gulfportcrtc.ang.af.mil,TRUE
aft3.af.mil,TRUE
kesselrun.af.mil,TRUE
413ftg.afrc.af.mil,TRUE
netcents.af.mil,TRUE
airuniversity.af.mil,TRUE
shadowsedge.mil,TRUE
safety.af.mil,TRUE
learningprofessionals.af.mil,TRUE
arnold.af.mil,TRUE
4af.afrc.af.mil,TRUE
175wg.ang.af.mil,TRUE
138fw.ang.af.mil,TRUE
compliance.af.mil,TRUE
168wg.ang.af.mil,TRUE
oig.dia.mil,TRUE
cac.mil,TRUE
cloud.mil,TRUE
dc3.mil,TRUE
dcaa.mil,TRUE
dcsa.mil,TRUE
deomi.mil,TRUE
dhra.mil,TRUE
dodcui.mil,TRUE
dodig.mil,TRUE
dodnafaccounting.defense.gov,TRUE
dote.osd.mil,TRUE
metc.mil,TRUE
nmio.ise.gov,TRUE
outreach.navy.mil,TRUE
c2f.usff.navy.mil,TRUE
c3f.navy.mil,TRUE
c6f.navy.mil,TRUE
c7f.navy.mil,TRUE
ccsg15.navy.mil,TRUE
clwp.navy.mil,TRUE
cprw1.navy.mil,TRUE
csp.navy.mil,TRUE
cusnc.navy.mil,TRUE
ewtgpac.navy.mil,TRUE
ncis.navy.mil,TRUE
necc.usff.navy.mil,TRUE
nepa.navy.mil,TRUE
nsw.navy.mil,TRUE
oni.navy.mil,TRUE
ttgp.navy.mil,TRUE
afadsc.mil,TRUE
airforcesmallbiz.af.mil,TRUE
resilience.af.mil,TRUE
33fw.af.mil,TRUE
recruiting.af.mil,TRUE
557weatherwing.af.mil,TRUE
108thwing.ang.af.mil,TRUE
aftc.af.mil,TRUE
airuniversity.af.edu,TRUE
confluence-ga.jten.mil,TRUE
confluence.jten.mil,TRUE
jdl.jten.mil,TRUE
secure-qa.jten.mil,TRUE
jira.ga.jten.mil,TRUE
jira.jten.mil,TRUE
jkodirect.jten.mil,TRUE
jko.jten.mil,TRUE
jkodirectqa.jten.mil,TRUE
jkosgst-qa.jten.mil,TRUE
jkosupportqa.jten.mil,TRUE
jkosgst.jten.mil,TRUE
jkoqa.jten.mil,TRUE
lms.jten.mil,TRUE
jkosupport.jten.mil,TRUE
jtimsexer3.jten.mil,TRUE
jtimsexer6.jten.mil,TRUE
jtims-stage.jten.mil,TRUE
jtimsexer9.jten.mil,TRUE
jtimsexer8.jten.mil,TRUE
jtimsexer7.jten.mil,TRUE
jtimsexer1.jten.mil,TRUE
jtimsexer2.jten.mil,TRUE
jtimsexer5.jten.mil,TRUE
jtimsexer4.jten.mil,TRUE
jtims.jten.mil,TRUE
lps-jtp.jten.mil,TRUE
jtp-mvcr-stage.jten.mil,TRUE
jtp.jten.mil,TRUE
jtp-qa.jten.mil,TRUE
lpds-stage.jten.mil,TRUE
auth.jten.mil,TRUE
er.jten.mil,TRUE
ws.jllis.mil,TRUE
jllis.mil,TRUE
legacy.jllis.mil,TRUE
stage-jnxt.jten.mil,TRUE
ditpr-dadms.nmci.navy.mil,TRUE
ditpr.dod.mil,TRUE
ditprtest.dod.mil,TRUE
dadmstest.dod.mil,TRUE
ncorsdev.navy.mil,TRUE
ncorstest.navy.mil,TRUE
alerts1.mcdsjp.mcds.usm,TRUE
corp.csd.disa.mil,TRUE
ipdm.navy.smil.mil,TRUE
g200088.chs.spawar.navy.mil,TRUE
epm.dc3n.navy.mil,TRUE
ntmpsweb.dc3n.navy.mi,TRUE
promis-training.onr.navy.mi,TRUE
mol.tfs.usmc.mil,TRUE
confluence.ncte.dc3n.navy.mil,TRUE
jira.ncte.dc3n.navy.mil,TRUE
trimstest.dc3n.navy.mil,TRUE
corp.marmc.nmci.nav,TRUE
prod2.jalis.mil,TRUE
test.jalis.mil,TRUE
vendornxg.seaport.navy.mil,TRUE
mcsrc.mceits.usmc.smil.mil,TRUE
omis.kypt.nmci.navy.mil,TRUE
corp.kypt.nmci.navy.mil,TRUE
tsm-u.dc3n.navy.mil,TRUE
,TRUE
nrc.cissltd.com,TRUE
cgs.nrlssc.navy.smil.mil,TRUE
dev.nrlssc.navy.smil.mil,TRUE
*.partybarge.il5.blackpearl.us,TRUE
cpm-essn.training.navy.smil.mil,TRUE
fuse.navy.smil.mil,TRUE
ibpesprod02.navy.mil,TRUE
navsea1.cmpro.navy.mil,TRUE
navsea2.cmpro.navy.mil,TRUE
nflto.ncdc.navy.mil,TRUE
netfocus.netc.navy.mil,TRUE
report.dc3n.navy.mil,TRUE
sailor.navy.smil.mil,TRUE