target_url,source_list_dod_2025
100fss.com,TRUE
101starmyband.com,TRUE
110wg.ang.af.mil,TRUE
126arw.ang.af.mil,TRUE
12ftw.af.mil,TRUE
12thmlr.marines.mil,TRUE
151wg.af.mil,TRUE
175wg.ang.af.mil,TRUE
179cw.ang.af.mil,TRUE
181iw.ang.af.mil,TRUE
1id.army.mil,TRUE
1stio.army.mil,TRUE
2021dodtransition.defense.gov,TRUE
2025dodtransition.defense.gov,TRUE
21fss.com,TRUE
29palms.usmc-mccs.org,TRUE
2ndmeb.marines.mil,TRUE
300tharmyband.com,TRUE
340ftg.afrc.af.mil,TRUE
350sww.af.mil,TRUE
375fss.com,TRUE
39tharmyband.com,TRUE
3rdmarines.marines.mil,TRUE
3rdmlr.marines.mil,TRUE
40thidband.us,TRUE
460fss.com,TRUE
50fss.com,TRUE
51fss.com,TRUE
56ac.army.mil,TRUE
59mdw.af.mil,TRUE
68tmc.army.mil,TRUE
78tharmyband.org,TRUE
811pentagonfss.com,TRUE
82cons.com,TRUE
86fss.com,TRUE
8thandi.usmc-mccs.org,TRUE
908ftw.afrc.af.mil,TRUE
931arw.afrc.af.mil,TRUE
anacostiabolling.tricare.mil,TRUE
barstow.usmc-mccs.org,TRUE
elmendorfrichardson.tricare.mil,TRUE
"internalnetwork,thereisanourl",TRUE
lfsapps.mceits.usmc.mil,TRUE
langleyeustis.tricare.mil,TRUE
lewismcchord.tricare.mil,TRUE
mcguiredixlakehurst.tricare.mil,TRUE
mymsctfm.dc3n.navy.mil,TRUE
nsips.cloud.navy.mil,TRUE
pki-enabledurl:https:,TRUE
pearlharborhickam.tricare.mil,TRUE
peterson.tricare.mil,TRUE
productionhttps:,TRUE
sanclementeisland:https:,TRUE
stripes.com,TRUE
unclassifiedurl:https:\\seaspace-u.nswccd.navy.mil,TRUE
a-pes.mmrp.usmc.mil,TRUE
a2d1portal.navsea.navy.mil,TRUE
aa.usno.navy.mil,TRUE
aafb.militarymwrguam.com,TRUE
aafes.com,TRUE
aafesprem.imenu360.com,TRUE
aal.mil,TRUE
aaro.mil,TRUE
abacusmhs.health.mil,TRUE
ac.cto.mil,TRUE
academyadmissions.com,TRUE
accesscm.navy.mil,TRUE
acowits.defense.gov,TRUE
acq.osd.mil,TRUE
acqdemo.hci.mil,TRUE
acquisitioninnovation.darpa.mil,TRUE
acqweb.staging.acqebiz.mil,TRUE
acts.nmci.navy.smil.mil,TRUE
actsonline.army.mil,TRUE
addr.dencom.army.mil,TRUE
ade.navy.mil,TRUE
adfs.ncis.navy.mil,TRUE
admin.nag.navy.mil,TRUE
admin.prod.kinderspot.teambespin.us,TRUE
adss.dc3n.navy.mil,TRUE
aec.army.mil,TRUE
aeronautical.nga.mil,TRUE
af.okta.mil,TRUE
afaccelerators.com,TRUE
afaccessionscenter.af.mil,TRUE
afadsc.mil,TRUE
afbpap.experience.crmforce.mil,TRUE
afciviliancareers.com,TRUE
afcmrs.org,TRUE
afhistoryandmuseums.af.mil,TRUE
aflegalassistance.law.af.mil,TRUE
aflink-test.mil,TRUE
afn-now.myafn.mil,TRUE
afn.mil,TRUE
afnconnect.myafn.dodmedia.osd.mil,TRUE
afnorthes.dodea.edu,TRUE
afnorthmhs.dodea.edu,TRUE
afnwc.af.mil,TRUE
afresearchlab.com,TRUE
africacenter.org,TRUE
africom.mil,TRUE
afrl.af.mil,TRUE
afrl.hpc.mil,TRUE
afrotc.com,TRUE
afrts.net,TRUE
afrts.org,TRUE
afsas.safety.af.mil,TRUE
afscciviliancareers.com,TRUE
afscsoftware.dso.mil,TRUE
afsouth.af.mil,TRUE
afthunderbirds.com,TRUE
afwerx.com,TRUE
agc.army.mil,TRUE
agewebportal.erdc.dren.mil,TRUE
agp.navfac.navy.mil,TRUE
ahec.armywarcollege.edu,TRUE
ahrpo.army.mil,TRUE
ahss.usmc.mil,TRUE
ai.mil,TRUE
aim-ctx.ncdc.navy.mil,TRUE
aimtc.nuwc.navy.mil,TRUE
airforce.com,TRUE
airforcelibraries.libguides.com,TRUE
airforcespecialtactics.af.mil,TRUE
airforcetechconnect.org,TRUE
airforceweapons.com,TRUE
airshows.pa.hq.af.mil,TRUE
airuniversity.af.mil,TRUE
airworthiness.navair.navy.mil,TRUE
ala.stripes.com,TRUE
albany.usmc-mccs.org,TRUE
albrittonms.dodea.edu,TRUE
alconburyes.dodea.edu,TRUE
alconburymhs.dodea.edu,TRUE
alerts1.mcdsus.mcds.usmc.mil,TRUE
alm.csd.disa.mil,TRUE
almpt.csd.disa.mil,TRUE
alssa.mil,TRUE
altvdi.dtra.mil,TRUE
amclg.csd.disa.mil,TRUE
ameddciviliancorps.amedd.army.mil,TRUE
ameliaearhartis.dodea.edu,TRUE
americanforcestravel.com,TRUE
amhs.jmhs.cpf.navy.mil,TRUE
amhs.jmhs.cpf.navy.smil.mil,TRUE
amps.dla.mil,TRUE
amrs.defense.gov,TRUE
ams.navair.navy.mil,TRUE
amsrrashore.csd.disa.mil,TRUE
amver.com,TRUE
anad.army.mil,TRUE
anchordesk.navy.smil.mil,TRUE
andersen.af.mil,TRUE
andersenes.dodea.edu,TRUE
andersenms.dodea.edu,TRUE
andrelucases.dodea.edu,TRUE
andrewsfss.com,TRUE
ankaraehs.dodea.edu,TRUE
anniston.armymwr.com,TRUE
ansbach.armymwr.com,TRUE
ansbaches.dodea.edu,TRUE
ansbachmhs.dodea.edu,TRUE
ansrp.el.erdc.dren.mil,TRUE
antilleses.dodea.edu,TRUE
antilleshs.dodea.edu,TRUE
antillesms.dodea.edu,TRUE
ants.jieddo.mil,TRUE
apacs.milcloud.mil,TRUE
apcrp.el.erdc.dren.mil,TRUE
api.army.mil,TRUE
api.dencom.army.mil,TRUE
api.dvidshub.net,TRUE
aplits.disa.mil,TRUE
app.mcboss.usmc.mil,TRUE
applicant.nga.mil,TRUE
applications.navsup.navy.mil,TRUE
apps.dse.futures.army.mil,TRUE
apps.dtic.mil,TRUE
apps.mcboss.usmc.mil,TRUE
apps.nag.navy.mil,TRUE
apps.navsea.navy.mil,TRUE
arba.army.pentagon.mil,TRUE
arcgis.com,TRUE
arcus.mil,TRUE
arcwerx.dso.mil,TRUE
arlingtoncemetery.mil,TRUE
army.dodlodging.net,TRUE
army.mil,TRUE
armybiznet.com,TRUE
armycareercounselor.com,TRUE
armyfieldband.com,TRUE
armygameday.com,TRUE
armyhealthfacilities.amedd.army.mil,TRUE
armyignited.army.mil,TRUE
armymwr.com,TRUE
armyresilience.army.mil,TRUE
armyrotc.army.mil,TRUE
armyuniversity.edu,TRUE
armywarcollege.edu,TRUE
arnnes.dodea.edu,TRUE
ars.navatfp.dc3n.navy.mil,TRUE
artifactory.jten.mil,TRUE
asbca.mil,TRUE
asc-406-lrc-belvoir.army.mil,TRUE
asep.armywarcollege.edu,TRUE
asgardgate.com,TRUE
asm.navy.mil,TRUE
asm3.nmci.navy.mil,TRUE
atav.navy.mil,TRUE
atc.navy.mil,TRUE
atiam.train.army.mil,TRUE
atm.dev.il2.afwerx.dso.mil,TRUE
attic.dtra.mil,TRUE
aukammes.dodea.edu,TRUE
auth.vitni.nucleus.asgardgate.com,TRUE
autonoa.army.mil,TRUE
autosaar.usmc.mil,TRUE
avianoes.dodea.edu,TRUE
avianomhs.dodea.edu,TRUE
avplm.services.nres.navy.mil,TRUE
awis.navair.navy.mil,TRUE
awm.army.mil,TRUE
baa-registration.darpa.mil,TRUE
baa-registration.sco.mil,TRUE
baa.darpa.mil,TRUE
baa.sco.mil,TRUE
bahraines.dodea.edu,TRUE
bahrainmhs.dodea.edu,TRUE
barkleyes.dodea.edu,TRUE
barksdalelife.com,TRUE
barsanties.dodea.edu,TRUE
baumholder.armymwr.com,TRUE
baumholdermhs.dodea.edu,TRUE
bavaria.armymwr.com,TRUE
bavr.cnic.navy.mil,TRUE
bechteles.dodea.edu,TRUE
belvoir.armymwr.com,TRUE
benelux.armymwr.com,TRUE
bestofgermany.stripes.com,TRUE
bestofpacific.stripes.com,TRUE
bims.navfac.navy.mil,TRUE
bitbucket.jten.mil,TRUE
bitzis.dodea.edu,TRUE
bliss.armymwr.com,TRUE
blueangels.navy.mil,TRUE
boards.law.af.mil,TRUE
bobhopees.dodea.edu,TRUE
bol.navy.mil,TRUE
boldenems.dodea.edu,TRUE
bootcamp.navy.mil,TRUE
bowleyes.dodea.edu,TRUE
bracbims.bracpmo.navy.mil,TRUE
brewsterms.dodea.edu,TRUE
bridgeport.usmc-mccs.org,TRUE
brussels.armymwr.com,TRUE
brusselsehs.dodea.edu,TRUE
bsaf.el.erdc.dren.mil,TRUE
buchanan.armymwr.com,TRUE
buckley.spaceforce.mil,TRUE
budm.el.erdc.dren.mil,TRUE
bugzilla.jten.mil,TRUE
builder.usmc.mil,TRUE
business.dla.mil,TRUE
businessportal.dla.mil,TRUE
c4isuite.atfp.cnic.navy.mil,TRUE
c4isuite.atfp.cnic.navy.smil.mil,TRUE
c5isrcenter.devcom.army.mil,TRUE
cac.jten.mil,TRUE
cadbimcenter.erdc.dren.mil,TRUE
cadpad.navair.navy.mil,TRUE
camis.nre.navy.mil,TRUE
campbell.armymwr.com,TRUE
campfuji.usmc-mccs.org,TRUE
cams.hqmc.usmc.smil.mil,TRUE
cap.mil,TRUE
capstone.ndu.edu,TRUE
carlisle.armymwr.com,TRUE
carson.armymwr.com,TRUE
cascom.army.mil,TRUE
casey.armymwr.com,TRUE
casl.ndu.edu,TRUE
catch.ncis.navy.mil,TRUE
cats.abl.navsea.navy.mil,TRUE
cavazos.armymwr.com,TRUE
cavazossentinel.com,TRUE
cbrd.navy.mil,TRUE
cbrnedss.dtra.mil,TRUE
cco.ndu.edu,TRUE
ccqas.csd.disa.mil,TRUE
cdms-nf.nmci.navy.mil,TRUE
cdms.navsea.navy.mil,TRUE
cdn.myafn.dodmedia.osd.mil,TRUE
cdse.edu,TRUE
cecom.army.mil,TRUE
cedcchrgw.dc3n.navy.mil,TRUE
centers.hpc.mil,TRUE
cets.dc3n.navy.mil,TRUE
cffo.fleetforces.navy.smil.mil,TRUE
cfwebx.ports.navy.mil,TRUE
cgcart.uscg.mil,TRUE
cgmix.uscg.mil,TRUE
cgpaas.uscg.mil,TRUE
cgrri.uscg.mil,TRUE
chaos.usmc.mil,TRUE
chat.il2.dso.mil,TRUE
cherrypoint.usmc-mccs.org,TRUE
chfs.abausmhs.health.mil,TRUE
chfs2.abausmhs.health.mil,TRUE
chievres.armymwr.com,TRUE
chinalake.navylifesw.com,TRUE
chinfo.navy.mil,TRUE
chrps.erdc.dren.mil,TRUE
chs.erdc.dren.mil,TRUE
cic.ndu.edu,TRUE
cid.army.mil,TRUE
cims.nmci.navy.mil,TRUE
cimts.navair.navy.mil,TRUE
circuits.navfac.navy.mil,TRUE
cirras.dc3n.navy.mil,TRUE
cisa.ndu.edu,TRUE
civbenefits.dc3n.navy.mil,TRUE
cjsl.ndu.edu,TRUE
cl.gtclapps.comtobeglobaltrader.dc2n.navy.mil,TRUE
clc2s.usmc.mil,TRUE
clclaims.jag.navy.mil,TRUE
clear.oni.nmci.navy.smil.mil,TRUE
cleoc.ncis.navy.mil,TRUE
clnr.hqi.usmc.mil,TRUE
cloud.navy.mil,TRUE
cloudone.af.mil,TRUE
clr2.marines.mil,TRUE
cm.navsea.navy.mil,TRUE
cmas.nswcpd.navy.mil,TRUE
cmis.navair.navy.mil,TRUE
cmmainweb.dc3n.navy.mil,TRUE
cmpro.navair.navy.mil,TRUE
cmpro.navy.mil,TRUE
cmpropac.navy.mil,TRUE
cms.dvidshub.net,TRUE
cnafcs.dc3n.navy.mil,TRUE
cno.navy.mil,TRUE
coalition.dso.mil,TRUE
coastguardathletics.com,TRUE
cobra.csd.disa.mil,TRUE
code.mil,TRUE
codenest.dc3n.navy.mil,TRUE
commissaries.com,TRUE
"confluence-ps.jten.mil,confluence-ga.jten.mil,
confluence.jten.mil,",TRUE
connect.disa.mil,TRUE
connect.navyaims.net,TRUE
console.wseast.navair.navy.mil,TRUE
contact.darpa.mil,TRUE
cool.osd.mil,TRUE
coronado.navylifesw.com,TRUE
corp.commissaries.com,TRUE
corp.dc3n.navy.mil,TRUE
corpslakes.erdc.dren.mil,TRUE
corpweb1.dfas.mil,TRUE
cors.navy.mil,TRUE
corsairranch.dso.mil,TRUE
cosmos.navy.mil,TRUE
cotf.navy.mil,TRUE
cpesrs.navair.navy.mil,TRUE
cpm-aim.ncdc.navy.mil,TRUE
cpm-essc.training.navy.smil.mil;cpm-essn.training.navy.smil.mil,TRUE
crcportal.unet.dtra.mil,TRUE
crf.usno.navy.mil,TRUE
criticalminerals.darpa.mil,TRUE
crl.gds.disa.mil,TRUE
crl.nit.disa.mil,TRUE
crossroadses.dodea.edu,TRUE
crsc.secnav.navy.mil,TRUE
csacms.cnic.navy.mil;,TRUE
csams.dc3n.navy.mil,TRUE
csg2.navyaims.net,TRUE
csm.ncis.navy.mil,TRUE
csp.navy.smil.mil,TRUE
ctcc.ddxwan.com,TRUE
ctf74.navy.smil.mil,TRUE
cto.mil,TRUE
ctoinnovation.mil,TRUE
ctuary.defense.gov,TRUE
cultureready.mil,TRUE
cuthill.dt.navy.mil,TRUE
cv-sharp.cvnxx.mil,TRUE
cw-environment.erdc.dren.mil,TRUE
cx.usmc-mccs.org,TRUE
cxmillprod.bol.navy.mil,TRUE
cyber.ncis.navy.mil,TRUE
cybercoe.army.mil,TRUE
cyp.cnic.n9portal.net,TRUE
daac.hpc.mil,TRUE
dacmmis.navy.mil,TRUE
dadms.cloud.navy.mil,TRUE
daegues.dodea.edu,TRUE
daegumhs.dodea.edu,TRUE
dafdto.com,TRUE
dafhistory.af.mil,TRUE
daflearning.af.mil,TRUE
dahlgren.dodea.edu,TRUE
dantes.mil,TRUE
darbyes.dodea.edu,TRUE
darpa.mil,TRUE
data.af.mil,TRUE
dave.acq.osd.mil,TRUE
dcas.dmdc.osd.mil,TRUE
dcast.csd.disa.mil,TRUE
dcpas.osd.mil,TRUE
dctc.mil,TRUE
dds.mil,TRUE
decacards.com,TRUE
decisionlens.cnic.navy.mil,TRUE
deckplate.navair.navy.mil,TRUE
defenseinnovationmarketplace.dtic.mil,TRUE
defensemwr.com,TRUE
deip.jmie.sgov.gov,TRUE
delalioes.dodea.edu,TRUE
demographics.militaryonesource.mil,TRUE
denix.osd.mil,TRUE
deomi.mil,TRUE
detrick.armymwr.com,TRUE
detroit.armymwr.com,TRUE
dev.stargazer.teambespin.us,TRUE
deverses.dodea.edu,TRUE
dexteres.dodea.edu,TRUE
dfba.mil,TRUE
dha-bcs.csd.disa.mil,TRUE
diamondes.dodea.edu,TRUE
digitalu.af.mil,TRUE
dinfos.edu,TRUE
disa.mil,TRUE
discover.dtic.mil,TRUE
discovery5.deloittefed.com,TRUE
diu.mil,TRUE
dliflc.edu,TRUE
dlnseo.mil,TRUE
dmacs.navy.mil,TRUE
dmcs.marines.mil,TRUE
dmdc.osd.mil,TRUE
dmdcrs.dmdc.osd.mil,TRUE
dmfss.com,TRUE
dnc.nga.mil,TRUE
dnws.dtra.mil,TRUE
dod-executiveagent.osd.mil,TRUE
dod365.sharepoint-mil.us,TRUE
dodclearinghouse.osd.mil,TRUE
dodea.edu,TRUE
dodiac.dtic.mil,TRUE
dodlodging.net,TRUE
dodmerb.tricare.osd.mil,TRUE
dodmwrlibraries.org,TRUE
dodnafaccounting.defense.gov,TRUE
dodsbirsttr.mil,TRUE
dodstem.us,TRUE
dodsurveys.mil,TRUE
dodtap.mil,TRUE
dodwarriorgames.com,TRUE
doehrs-ih.csd.disa.mil,TRUE
doer.el.erdc.dren.mil,TRUE
doncio.navy.mil,TRUE
donhq.navy.mil,TRUE
donibsatlas.secnav.navy.mil,TRUE
dots.el.erdc.dren.mil,TRUE
doverfss.com,TRUE
dpc-east.marines.mil,TRUE
dragonhilllodge.com,TRUE
drrsmc.hqmc.usmc.smil.mil,TRUE
drrsn.nrre.navy.mil,TRUE
drrsn.nrre.navy.smil.mil,TRUE
drum.armymwr.com,TRUE
dsb.cto.mil,TRUE
dsca.mil,TRUE
dscats.navy.mil,TRUE
dscu.mil,TRUE
dso.dla.mil,TRUE
dso.marines.mil,TRUE
dto.il2.afwerx.dso.mil,TRUE
dtra1mysiteportal.unet.dtra.mil,TRUE
dtra1portal.unet.dtra.mil,TRUE
dtsa.mil,TRUE
dtscdcwebgov.defensetravel.osd.mil,TRUE
dtsn.darpa.mil,TRUE
dtsproweb.defensetravel.osd.mil,TRUE
dtt.navy.mil,TRUE
dugway.armymwr.com,TRUE
dvhs.dodea.edu,TRUE
dvidshub.net,TRUE
dwp.dmdc.osd.mil,TRUE
dwr.dmdc.osd.mil,TRUE
dwreports.navair.navy.mil,TRUE
dyessfss.com,TRUE
e-commerce.dc3n.navy.mil,TRUE
e2569.abacusmhs.health.mil,TRUE
e2d2.el.erdc.dren.mil,TRUE
ea.ekr.cprobe.army.mil,TRUE
ebusiness.submepp.navy.mil,TRUE
ecms.navfac.navy.mil,TRUE
ecomod.erdc.dren.mil,TRUE
ecraft.csd.disa.mil,TRUE
ecs.mil,TRUE
edelweisslodgeandresort.com,TRUE
edgrenmhs.dodea.edu,TRUE
edis.army.mil,TRUE
education.erdc.dren.mil,TRUE
edw.csd.disa.mil,TRUE
edwards.af.mil,TRUE
eei.darpa.mil,TRUE
eeo.amedd.army.mil,TRUE
efem.psns.navy.mil,TRUE
efmp.amedd.army.mil,TRUE
efmpandme.militaryonesource.mil,TRUE
eforms.nslc.navy.mil,TRUE
egis.dtra.mil,TRUE
eglinlife.com,TRUE
eielsonforcesupport.com,TRUE
eims.dc3n.navy.mil,TRUE
eims.navair.navy.smil.mil,TRUE
eirbpt.csd.disa.mil,TRUE
eis.nslc.navy.mil,TRUE
eisenhower.armymwr.com,TRUE
ejhv.fa.us8.oraclecloud.com,TRUE
ejkingmhs.dodea.edu,TRUE
elcentro.navylifesw.com,TRUE
elisa.dtsa.mil,TRUE
elliottes.dodea.edu,TRUE
ellsworthfss.com,TRUE
emh.housing.navy.mil,TRUE
emh.housing.navy.milandhttps:,TRUE
emrrp.el.erdc.dren.mil,TRUE
ems.logcom.usmc.mil,TRUE
emss.pac.disa.mil,TRUE
enclave.cmil.mil,TRUE
encore.usmc.mil,TRUE
engagesof.com,TRUE
enom.nga.mil,TRUE
enterprisemanagement.army.mil,TRUE
ep.erp.navy.mil,TRUE
ep2.mcsc.usmc.mil,TRUE
epaper.stripes.com,TRUE
ephc.amedd.army.mil,TRUE
epic-sql-migration.dev.digitalu.teambespin.us,TRUE
eprweb.cnic.navy.mil,TRUE
epub.stripes.com,TRUE
epx.erp.navy.mil,TRUE
erdc-library.erdc.dren.mil,TRUE
erdc.hpc.mil,TRUE
erdc.usace.army.mil,TRUE
eri-summit.darpa.mil,TRUE
eris.mceits.usmc.mil,TRUE
es.ndu.edu,TRUE
esams.cnic.navy.mil,TRUE
esgr.csd.disa.mil,TRUE
esgr.mil,TRUE
esgr1.mil,TRUE
esgrevents.mil,TRUE
esgrwebsite2.csd.disa.mil,TRUE
esi.mil,TRUE
essims.navy.mil,TRUE
esso.dc3n.navy.mil,TRUE
etims.navy.mil,TRUE
eu.navy.mil,TRUE
eucom.mil,TRUE
europe.afn.mil,TRUE
europe.stripes.com,TRUE
everett.navylifepnw.com,TRUE
ewardresort.com,TRUE
ewn.erdc.dren.mil,TRUE
exmis.navfac.navy.mil,TRUE
experience.arcgis.com,TRUE
extsp16.darpa.mil,TRUE
fa.hqmc.usmc.mil,TRUE
facilities-integration.usmc.mil,TRUE
factsprod.milcloud.mil,TRUE
fairchildfun.com,TRUE
faithms.dodea.edu,TRUE
fallon.navylifesw.com,TRUE
fapss.dmdc.osd.mil,TRUE
feature-5826.dev.digitalu.teambespin.us,TRUE
feature-6234.dev.digitalu.teambespin.us,TRUE
feature-socom.dev.digitalu.teambespin.us,TRUE
fecd.dc3n.navy.mil,TRUE
federation.prod.cce.af.mil,TRUE
fedmall.mil,TRUE
feeds.stripes.com,TRUE
feltwelles.dodea.edu,TRUE
fett.darpa.mil,TRUE
fewarren.tricare.mil,TRUE
ffsmis.cnic.navy.mil,TRUE
ffsp.navy.mil,TRUE
fifeanddrum.army.mil,TRUE
finance.army.mil,TRUE
financialfrontline.mil,TRUE
fist.navair.navy.mil,TRUE
fl.ng.mil,TRUE
flighthub.navair.navy.mil,TRUE
flint.nres.navy.smil.mil,TRUE
flipsnack.com,TRUE
flisancillaryu.dla.mil,TRUE
fmosystems.navy.mil,TRUE
fmtbneast.marines.mil,TRUE
fmtbnwest.marines.mil,TRUE
fmtbnwest.usmc.afpims.mil,TRUE
foia.af.mil,TRUE
foia.marines.mil,TRUE
forms.navfac.navy.mil,TRUE
forscom.army.mil,TRUE
fortcampbellhs.dodea.edu,TRUE
fortknoxmhs.dodea.edu,TRUE
forum.triagechallenge.darpa.mil,TRUE
forward.darpa.mil,TRUE
fpb.defense.gov,TRUE
fqacalc.erdc.dren.mil,TRUE
freedomaward.mil,TRUE
fres.cnic.navy.mil,TRUE
frfdataportal.erdc.dren.mil,TRUE
fsm.navsup.navy.mil,TRUE
funatwarren.com,TRUE
fuse.navy.mil;https:,TRUE
fusion.navy.mil,TRUE
fwb.metoc.navy.mil,TRUE
g2.cnic.navy.mil,TRUE
gaa351.matcom.usmc.mil,TRUE
garmisch.armymwr.com,TRUE
garmischems.dodea.edu,TRUE
gccsportal.mcw.ad.usmc.smil.mil,TRUE
gcssmc-sakc.usmc.mil,TRUE
geofidelis.usmc.mil,TRUE
geoint.nrlssc.navy.smil.ml;cgs.nrlssc.navy.smil.mil;dev.nrlssc.navy.smil.mil,TRUE
geonames.nga.mil,TRUE
geospatial-usace.opendata.arcgis.com,TRUE
gigeagle.mil,TRUE
gis.aw3s.navy.mil,TRUE
github.com,TRUE
gitlab.jten.mil,TRUE
go.navyonline.com,TRUE
goarmy.com,TRUE
goarmywestpoint.com,TRUE
goarmywestpoint.evenue.net,TRUE
gocoastguard.com,TRUE
goes.bol.navy.mil,TRUE
gogoodfellow.com,TRUE
gomdl.com,TRUE
gopatrickfl.com,TRUE
gordones.dodea.edu,TRUE
government.github.com,TRUE
govnxg.seaport.navy.mil,TRUE
grafenwoehr.armymwr.com,TRUE
grafenwoehres.dodea.edu,TRUE
grandforks319fss.com,TRUE
greely.armymwr.com,TRUE
grgb.navy.mil,TRUE
guam.stripes.com,TRUE
guamhs.dodea.edu,TRUE
gulflink.osd.mil,TRUE
gvsc.devcom.army.mil,TRUE
h2f.army.mil,TRUE
hacc.mil,TRUE
hamilton.armymwr.com,TRUE
hamptonps.dodea.edu,TRUE
hamptonroads.usmc-mccs.org,TRUE
harps.dc3n.navy.mil,TRUE
hawaii.armymwr.com,TRUE
hawaii.usmc-mccs.org,TRUE
hci.mil,TRUE
hcs.usmc.mil,TRUE
health.mil,TRUE
help-dental.health.mil,TRUE
help.disa.mil,TRUE
help.nswcphd.smil.mil,TRUE
hendersonhall.usmc-mccs.org,TRUE
heroeses.dodea.edu,TRUE
"hianti.spawar.navy,mil",TRUE
hianti.spawar.navy.mil,TRUE
hillfss.com,TRUE
history.army.mil,TRUE
history.navy.mil,TRUE
hmx-1.marines.mil,TRUE
hnc.usace.army.mil,TRUE
hohenfels.armymwr.com,TRUE
hohenfelses.dodea.edu,TRUE
hohenfelsmhs.dodea.edu,TRUE
hollomanafbairspaceeis.com,TRUE
home.army.mil,TRUE
homeport.uscg.mil,TRUE
homes.mil,TRUE
housing.army.mil,TRUE
hpc.mil,TRUE
hqmcportal.hqi.usmc.mil,TRUE
hrms.usmc-mccs.org,TRUE
hrojas.cnfj.navy.mil,TRUE
hrportal.unet.dtra.mil,TRUE
httds.dc3n.navy.mil,TRUE
huachuca.armymwr.com,TRUE
hub.arcgis.com,TRUE
humphreys.armymwr.com,TRUE
humphreyscentrales.dodea.edu,TRUE
humphreyshs.dodea.edu,TRUE
humphreysms.dodea.edu,TRUE
humphreyswestes.dodea.edu,TRUE
hunterliggett.armymwr.com,TRUE
ianti.spawar.navy.mil,TRUE
ias2.ports.navy.mil,TRUE
ibons.navair.navy.mil,TRUE
ibpesprod01.navy.mil;https:,TRUE
ice.disa.mil,TRUE
ice.ncis.navy.mil,TRUE
icrane.nmci.navy.mil,TRUE
idco.dmdc.osd.mil,TRUE
ide.peocarriers.navy.mil,TRUE
ideas.govcloud.disa.mil,TRUE
ideservicecenter.com,TRUE
idp.mcrissii.marines.usmc.mil,TRUE
ids.score.com,TRUE
ieapp.hpc.mil,TRUE
iefacman.navfac.navy.mil,TRUE
ikegoes.dodea.edu,TRUE
iler-test.csd.disa.mil,TRUE
imp.myafn.dodmedia.osd.mil,TRUE
inah.pac.disa.mil,TRUE
indpol.staging.acqebiz.mil,TRUE
info.cloudone.af.mil,TRUE
info.stripes.com,TRUE
information.marines.mil,TRUE
infosec.navy.mil,TRUE
innovation.army.mil,TRUE
innovationfellowship.darpa.mil,TRUE
innovativeairforce.com,TRUE
inscom.army.mil,TRUE
insidenslc.navy.mil,TRUE
insider-risk.gov,TRUE
inss.ndu.edu,TRUE
installations.militaryonesource.mil,TRUE
intelligence.marines.mil,TRUE
iosauth.stripes.com,TRUE
iowanationalguard.com,TRUE
ipdm.navy.mil,TRUE
ipps-a.army.mil,TRUE
ironbank.dso.mil,TRUE
irr.mcdsus.mcds.usmc.mil,TRUE
irwin.armymwr.com,TRUE
irwinis.dodea.edu,TRUE
isa.ndu.edu,TRUE
iscsc.dc3n.navy.mil,TRUE
isitdown.mil,TRUE
ismo.ndu.edu,TRUE
issf.dc3n.navy.mil,TRUE
issuu.com,TRUE
italy.armymwr.com,TRUE
itrixwi.nasjax.navy.mil,TRUE
itservices.phdnswc.nmci.navy.mil,TRUE
itsmweb.dc3n.navy.mil;report.dc3n.navy.mil,TRUE
iwakuni.usmc-mccs.org,TRUE
iwakuniis.dodea.edu,TRUE
iwakunims.dodea.edu,TRUE
iwmdt.dtra.mil,TRUE
iwr.usace.army.mil,TRUE
iwrlibrary.sec.usace.army.mil,TRUE
iwtg.navy.smil.mil,TRUE
j9.nv.ng.mil,TRUE
jacks.jpeocbd.osd.mil,TRUE
jackson.armymwr.com,TRUE
jag.navy.mil,TRUE
jagcnet.army.mil,TRUE
jagcnet2.army.mil,TRUE
jalbtcx.usace.army.mil,TRUE
japan.stripes.com,TRUE
jaws.jecs.csd.disa.mil,TRUE
jbabfss.com,TRUE
jbcharleston.com,TRUE
jbleforcesupport.com,TRUE
jblmmwr.com,TRUE
jbmdl.jb.mil,TRUE
jbmhh.armymwr.com,TRUE
jbphh.greatlifehawaii.com,TRUE
jbsatoday.com,TRUE
jcs.mil,TRUE
"jdl-otds.jten.mil,jdl.jten.mil,secure-qa.jten.mil,
secure-qa.jten.mil",TRUE
jdrs.mil,TRUE
jecc.ustranscom.mil,TRUE
jedmics.navair.navy.mil,TRUE
jeod.disa.smil.mil,TRUE
jfac-il2.apps.dso.mil,TRUE
jfac.apps.dso.mil,TRUE
jfac.dso.mil,TRUE
jfhq-dodin.mil,TRUE
jfsc.ndu.edu,TRUE
jiatfs.southcom.mil,TRUE
jifco.defense.gov,TRUE
"jira-ps.jten.mil,jira.ga.jten.mil,jira.jten.mil,",TRUE
"jkosgst-ga.jten.mil,jkodirect.jten.mil,
jkosgst.jten.mil,jkosupport.jten.mil,lms.jten.mil,jko.jten.mil,jkodirect.jten.mil,jkoqa.jten.mil,jkosgst.jten.mil,jkosupportqa.jten.mil,jkosgst-qa.jten.mil,jkodirectqa.jten.mil,jko.jten.mil,",TRUE
jocconops.dtra.mil,TRUE
johnson.armymwr.com,TRUE
johnsonps.dodea.edu,TRUE
jsf.mil,TRUE
jsou.edu,TRUE
jst.doded.mil,TRUE
jtdi.mil,TRUE
jtds.jten.mil,TRUE
jten.mil,TRUE
jtfncr.mdw.army.mil,TRUE
"jtims-reports.jten.mil,jtimsexer3.jten.mil,
jtimsexer6.jten.mil,jtims-stage.jten.mil,jtimsexer9.jten.mil,jtimsexer8.jten.mil,jtimsexer7.jten.mil,jtimsexer1.jten.mil,jtimsexer2.jten.mil,jtimsexer5.jten.mil,jtimsexer4.jten.mil,jtims.jten.mil,jtims.jten.mil",TRUE
"jtp-mvcr.jten.mil,lps-jtp.jten.mil,",TRUE
"jtp-sso.jten.mil,jtp-mvcr-stage.jten.mil,jtp.jten.mil,jtp-qa.jten.mil,",TRUE
jxsrv03.nadsusea.nads.navy.mil,TRUE
kadenaes.dodea.edu,TRUE
kadenahs.dodea.edu,TRUE
kadenams.dodea.edu,TRUE
kaiserslautern.armymwr.com,TRUE
kaiserslauternes.dodea.edu,TRUE
kaiserslauternhs.dodea.edu,TRUE
kaiserslauternms.dodea.edu,TRUE
keesler81fss.com,TRUE
kesselrun.af.mil,TRUE
kessleres.dodea.edu,TRUE
keycloak.asgardgate.com,TRUE
keycloak.nucleus.asgardgate.com,TRUE
keystone.ndu.edu,TRUE
killines.dodea.edu,TRUE
kingsolveres.dodea.edu,TRUE
kinnickhs.dodea.edu,TRUE
kinseres.dodea.edu,TRUE
kirtlandforcesupport.com,TRUE
kitsap.navylifepnw.com,TRUE
kleinebrogeles.dodea.edu,TRUE
knox.armymwr.com,TRUE
kokee.pmrf.navy.mil,TRUE
korea.amedd.army.mil,TRUE
korea.stripes.com,TRUE
kubasakihs.dodea.edu,TRUE
kunsanfss.com,TRUE
lafss.com,TRUE
lakenheathes.dodea.edu,TRUE
lakenheathhs.dodea.edu,TRUE
lakenheathms.dodea.edu,TRUE
landstuhles.dodea.edu,TRUE
lanhames.dodea.edu,TRUE
las.netc.ncdc.navy.mil,TRUE
las.training.navy.smil.mil,TRUE
laughlin.af.mil,TRUE
laughlinfss.com,TRUE
lawc.ports.navy.mil,TRUE
lcmi.logcom.usmc.mil,TRUE
leapcb.ncis.navy.mil,TRUE
learn.apps.dso.mil,TRUE
learning.dmdc.osd.mil,TRUE
learning.nel.navy.mil,TRUE
leavenworth.armymwr.com,TRUE
leddex.us,TRUE
lee.armymwr.com,TRUE
legalfiles.cnrc.navy.mil,TRUE
legion.stripes.com,TRUE
leh-baaxrevc.darpa.mil,TRUE
leh-boxc.darpa.mil,TRUE
leh-miprdc.darpa.mil,TRUE
leh-sbirc.darpa.mil,TRUE
leh-spntc.darpa.mil,TRUE
leh-stage.darpa.mil,TRUE
leh-vaultc.darpa.mil,TRUE
lejeunehs.dodea.edu,TRUE
lejeunenewriver.usmc-mccs.org,TRUE
lemoore.navylifesw.com,TRUE
leonardwood.armymwr.com,TRUE
lesterms.dodea.edu,TRUE
letterstosanta.stripes.com,TRUE
liberty.armymwr.com,TRUE
libertyis.dodea.edu,TRUE
libguides.nps.edu,TRUE
lifeatthemax.us,TRUE
lineofdeparture.army.mil,TRUE
linxncr.us,TRUE
livornoems.dodea.edu,TRUE
lodgingguestportal.usmc-mccs.org,TRUE
login.pmw240.com,TRUE
losangeles.spaceforce.mil,TRUE
"lpds.jten.mil,lpds2.jten.mil,lpds-stage.jten.mil",TRUE
lpds2.jten.mil,TRUE
lrb.usace.army.mil,TRUE
lrc.usace.army.mil,TRUE
lrd.usace.army.mil,TRUE
lre.usace.army.mil,TRUE
lrh.usace.army.mil,TRUE
lrl.usace.army.mil,TRUE
lrn.usace.army.mil,TRUE
lrp.usace.army.mil,TRUE
lssat.crane.navy.mil,TRUE
lt2portal.mil,TRUE
macdillfss.com,TRUE
mahaffeyms.dodea.edu,TRUE
maia.usno.navy.mil,TRUE
mail.dodpvtcloud.health.mil,TRUE
main.dev.vip.teambespin.us,TRUE
main.prod.cetars.training.navy.mil,TRUE
maintenance.navy.mil,TRUE
make.nswc.navy.mil,TRUE
malseit.navair.navy.mil,TRUE
manationalguard.net,TRUE
manpower.marines.mil,TRUE
manpower.usmc.mil,TRUE
map.nga.mil,TRUE
marchfss.com,TRUE
marcims.org,TRUE
marforpac.marines.mil,TRUE
marforspace.marines.mil,TRUE
marforstrat.marines.mil,TRUE
marhelp.nga.mil,TRUE
marine-corps.3yourmind.com,TRUE
marinemarathon.com,TRUE
marinenet.usmc.mil,TRUE
marines.com,TRUE
marketplace-ti.sd.spawar.navy.mil,TRUE
marshalles.dodea.edu,TRUE
masscommunicationtool.org,TRUE
matsg21.marines.mil,TRUE
matsg22.marines.mil,TRUE
matsg23.marines.mil,TRUE
maximo.navfac.navy.mil,TRUE
maxwellafbems.dodea.edu,TRUE
mc.mil,TRUE
mc2sa-2020-vc,TRUE
mcaf.marines.mil,TRUE
mcalester.armymwr.com,TRUE
mcalms.usmc.mil,TRUE
mcboss.usmc.mil,TRUE
mcbridees.dodea.edu,TRUE
mccast2.mceits.usmc.mil,TRUE
mcces.marines.mil,TRUE
mccog.marines.mil,TRUE
mccoolems.dodea.edu,TRUE
mccoy.armymwr.com,TRUE
mccsss.marines.mil,TRUE
mccywg.marines.mil,TRUE
mcdss.mcboss.usmc.mil,TRUE
mceap.usmc.mil,TRUE
mcendw.marcorsyscom.usmc.mil,TRUE
mces.marines.mil,TRUE
mcesg.marines.mil,TRUE
mcess-ams.usmc.mil,TRUE
mcfmis.hqi.usmc.mil,TRUE
mcia.marines.mil,TRUE
mcic.marines.mil,TRUE
mcipacviewer.mcdsus.mcds.usmc.mil,TRUE
mcis.marines.mil,TRUE
mcm.mil,TRUE
mcmbprod.logcom.usmc.mil,TRUE
mcmwtc.marines.mil,TRUE
mcpas.logcom.usmc.mil,TRUE
mcperryhs.dodea.edu,TRUE
mcperryps.dodea.edu,TRUE
mcpic.bic.usmc.mil,TRUE
mcriss.marines.usmc.mil,TRUE
mcsrc.mceits.usmc.mil,TRUE
mctims.usmc.mil,TRUE
mctssa.marines.mil,TRUE
mcxstore.wgiftcard.com,TRUE
mda-osbp.powerappsportals.us,TRUE
mda.mil,TRUE
meade.armymwr.com,TRUE
mebs.dla.mil,TRUE
medcenter.navylifesw.com,TRUE
medcoe.army.mil,TRUE
medcop.jten.mil,TRUE
media.myafn.dodmedia.osd.mil,TRUE
mendeles.dodea.edu,TRUE
metbenchhq01.nmci.navy.mil,TRUE
metcal.corona.nmci.navy.mil,TRUE
mfom.sscno.nmci.navy.mil,TRUE
mfrsharepoint.mcdsus.mcds.usmc.mil,TRUE
mfs.mcdsus.mcds.usmc.mil,TRUE
miami.armymwr.com,TRUE
miap.csd.disa.mil,TRUE
miaptest.csd.disa.mil,TRUE
milapps.mcieast.usmc.mil,TRUE
milgears.osd.mil,TRUE
militaps.nmci.navy.mil,TRUE
militarychild.stripes.com,TRUE
militarychildcare.com,TRUE
militarychildcare.csd.disa.mil,TRUE
militarymwrguam.com,TRUE
militaryonesource.mil,TRUE
militaryonesourceconnect.org,TRUE
millifelearning.militaryonesource.mil,TRUE
milreviewbds.mil,TRUE
milsuite.mil,TRUE
minationalguard.dodlive.mil,TRUE
minotaur.nrlssc.navy.mil,TRUE
mio.ise.gov,TRUE
miprdelivery.darpa.mil,TRUE
miramar.usmc-mccs.org,TRUE
mjrp.osd.mil,TRUE
mla.dmdc.osd.mil,TRUE
mms-stg.mceits.usmc.mil,TRUE
mmt.usmc.mil,TRUE
mnp.navy.mil,TRUE
modelstm1web.manpower.usmc.mil,TRUE
monterey.navylifesw.com,TRUE
moore.army.mil,TRUE
moore.armymwr.com,TRUE
mpe.pegasus.mil,TRUE
mrabi.nmci.navy.mil,TRUE
mris.dmdc.osd.mil,TRUE
mrrs.dc3n.navy.mil,TRUE
mrsi.erdc.dren.mil,TRUE
msada.dc3n.navy.mil,TRUE
mscjira.dc3n.navy.mil,TRUE
msclogqa.dc3n.navy.mil,TRUE
msctfm.dc3n.navy.mil,TRUE
msepjobs.militaryonesource.mil,TRUE
msharp.mceits.usmc.mil,TRUE
msi.nga.mil,TRUE
mssis.volpe.dot.gov,TRUE
mtc.erdc.dren.mil,TRUE
mto.logcom.usmc.mil,TRUE
murrayes.dodea.edu,TRUE
muwinfodesk.navy.mil,TRUE
mvd.usace.army.mil,TRUE
mvk.usace.army.mil,TRUE
mvm.usace.army.mil,TRUE
mvn.usace.army.mil,TRUE
mvp.usace.army.mil,TRUE
mvr.usace.army.mil,TRUE
mvs.usace.army.mil,TRUE
my.navsup.navy.mil,TRUE
myaccess.dmdc.osd.mil,TRUE
myafn.dodmedia.osd.mil,TRUE
myafn.mil,TRUE
myairforcelife.com,TRUE
myarmybenefits.us.army.mil,TRUE
mycaa.militaryonesource.mil,TRUE
mycg.uscg.mil,TRUE
myfss.us.af.mil,TRUE
mymcx.com,TRUE
mymilitary.health.mil,TRUE
mynatec.navair.navy.mil,TRUE
mynavyassignment.dc3n.navy.mil,TRUE
mynavyexchange.com,TRUE
mynrh.navy.mil,TRUE
mypay.dfas.mil,TRUE
mypd.nswcpd.navy.mil,TRUE
myseco.militaryonesource.mil,TRUE
myteam.navair.navy.mil,TRUE
nab.usace.army.mil,TRUE
nad.usace.army.mil,TRUE
nae.usace.army.mil,TRUE
nan.usace.army.mil,TRUE
nano.el.erdc.dren.mil,TRUE
nao.usace.army.mil,TRUE
nap.usace.army.mil,TRUE
napleses.dodea.edu,TRUE
naplesmhs.dodea.edu,TRUE
nasims.audit.navy.mil,TRUE
nasis.cnrc.navy.mil,TRUE
natick.armymwr.com,TRUE
nationalcoastguardmuseum.org,TRUE
nationalguard.mil,TRUE
nats.dtra.mil,TRUE
navair.navy.mil,TRUE
naval.oceanography.navy.mil,TRUE
naval.oceanography.navy.smil,TRUE
naval.oceanography.navy.smil.mil,TRUE
navalacademyclub.com,TRUE
navalacademytourism.com,TRUE
navalwarcollege.blackboard.com,TRUE
navalwarcollege.sharepoint.com,TRUE
navalx.my.salesforce.com,TRUE
navigation.usace.army.mil,TRUE
navitas.navy.mil,TRUE
navlogtd.navsses.navy.mil,TRUE
navlogtd.navy.mil,TRUE
navsea-ide.navy.mil,TRUE
navsea.cmpro.navy.mil;https:,TRUE
navsea.navy.deps.mil,TRUE
navsup.navy.mil,TRUE
navwar.navy.mil,TRUE
navy.com,TRUE
navy.emass.apps.mil,TRUE
navy.portal.mil,TRUE
navyband.navy.mil,TRUE
navycash.com,TRUE
navyclosuretaskforce.navy.mil,TRUE
navycollege.navy.mil,TRUE
navycs.com,TRUE
navyfamily.navy.mil,TRUE
navyleapfrogs.com,TRUE
navylifejeb.com,TRUE
navylifesw.com,TRUE
navymwrannapolis.com,TRUE
navymwratsugi.com,TRUE
navymwrbahrain.com,TRUE
navymwrbethesda.com,TRUE
navymwrbusan.com,TRUE
navymwrcapecanaveral.com,TRUE
navymwrchinhae.com,TRUE
navymwrcorpuschristi.com,TRUE
navymwrcrane.com,TRUE
navymwrdahlgren.com,TRUE
navymwrdiegogarcia.com,TRUE
navymwrearle.com,TRUE
navymwrfortworth.com,TRUE
navymwrgreatlakes.com,TRUE
navymwrguantanamobay.com,TRUE
navymwrgulfport.com,TRUE
navymwrhamptonroads.com,TRUE
navymwrindianhead.com,TRUE
navymwrjacksonville.com,TRUE
navymwrkeywest.com,TRUE
navymwrkingsbay.com,TRUE
navymwrkingsville.com,TRUE
navymwrmayport.com,TRUE
navymwrmechanicsburg.com,TRUE
navymwrmeridian.com,TRUE
navymwrmidsouth.com,TRUE
navymwrnaples.com,TRUE
navymwrnavalstationnorfolk.com,TRUE
navymwrnewlondon.com,TRUE
navymwrneworleans.com,TRUE
navymwrnewport.com,TRUE
navymwrnorfolkshipyard.com,TRUE
navymwroceanadamneck.com,TRUE
navymwrokinawa.com,TRUE
navymwrpanamacity.com,TRUE
navymwrpaxriver.com,TRUE
navymwrpensacola.com,TRUE
navymwrphiladelphia.com,TRUE
navymwrportsmouthshipyard.com,TRUE
navymwrrota.com,TRUE
navymwrsaratoga.com,TRUE
navymwrsasebo.com,TRUE
navymwrsigonella.com,TRUE
navymwrsingapore.com,TRUE
navymwrsoudabay.com,TRUE
navymwrwashington.com,TRUE
navymwrwhitingfield.com,TRUE
navymwryokosuka.com,TRUE
navymwryorktown.com,TRUE
navynpc.my.salesforce.mil,TRUE
navyregionmwrndw.com,TRUE
navysports.com,TRUE
ncca.navy.mil,TRUE
ncmis.cnet.navy.mil,TRUE
ncopdd.edu,TRUE
ncor.nioc-norfolk.navy.mil,TRUE
ndc.ops.usace.army.mil,TRUE
nde.navy.mil,TRUE
ndp.navy.mil,TRUE
ndu.edu,TRUE
ndupress.ndu.edu,TRUE
ne.ng.mil,TRUE
neas.ncdc.navy.mil;nflto.ncdc.navy.mil,TRUE
necc.usff.navy.mil,TRUE
neco.navy.mil,TRUE
nedcchrgw.dc3n.navy.mil,TRUE
neitsm.dc3n.navy.mil,TRUE
nellis99fss.com,TRUE
nemesis.jten.mil,TRUE
nepapams.usmc.mil,TRUE
nepoc.oceanography.navy.mil,TRUE
nepoc.oceanography.navy.smil.mil,TRUE
nescdw.navsea.navy.mil,TRUE
netccentral.cnet.navy.mil,TRUE
netcom.army.mil,TRUE
netfocus.ncdc.navy.mil;https:,TRUE
netops.cpf.navy.smil.mil,TRUE
netzaberges.dodea.edu,TRUE
netzabergms.dodea.edu,TRUE
newportal.nwpt.nuwc.navy.mil,TRUE
newportalv2.nwpt.nuwc.navy.mil,TRUE
newportalv3.nwpt.nuwc.navy.mil,TRUE
newsletters.stripes.com,TRUE
nfact.navfac.navy.mil,TRUE
nfoses.net,TRUE
nga.mil,TRUE
ngbpmc.ng.mil,TRUE
ngfamily.vt.gov,TRUE
nia.navy.mil,TRUE
niagarafss.com,TRUE
nif.nmci.navy.mil,TRUE
nights.ncdc.navy.mil,TRUE
nipo.navy.mil,TRUE
niris.navfac.navy.mil,TRUE
nitep.navfac.navy.mil,TRUE
nitra.navair.navy.smil.mil,TRUE
nitrex.nmci.navy.mil,TRUE
niwcatlantic.navy.mil,TRUE
niwcpacific.navy.mil,TRUE
niweb05.nadepni.navy.mil:1443,TRUE
niwp01.nadepni.navy.mil:2443,TRUE
njis.navy.mil,TRUE
nko.navy.mil,TRUE
nll.navsup.navy.mil,TRUE
nmci-wny.nmci.navy.mil,TRUE
nmci.nswccd.navy.smil.mil,TRUE
nmic.navy.smil.mil,TRUE
nmio.ise.gov,TRUE
nmpbs.dc3n.navy.mil,TRUE
nmpbs.n10.npc.navy.mil,TRUE
nmrs.dc3n.navy.mil,TRUE
nncms.cnic.navy.mil,TRUE
norm.navfac.navy.mil,TRUE
northcom.mil,TRUE
nossa.dc3n.navy.mil,TRUE
notary.vitni.nucleus.asgardgate.com,TRUE
notess.cotf.navy.mil,TRUE
now.afn.mil,TRUE
npccontactcenter.ahf.nmci.navy.mil,TRUE
npt.nuwc.navy.mil,TRUE
nrde.onmicrosoft.com,TRUE
nrdw.navyreserve.navy.mil,TRUE
nrlmry.navy.mil,TRUE
nrlssc.navy.mil,TRUE
nrows.dc3n.navy.mil,TRUE
nrrm.nrre.navy.mil,TRUE
ns4.jten.mil,TRUE
ns5.jten.mil,TRUE
nsdsa.dc3n.navy.mil,TRUE
nsic.mil,TRUE
nsin.mil,TRUE
nsin.us,TRUE
nsips.nmci.navy.mil,TRUE
nslcptsmh.csd.disa.mil,TRUE
nslcweb32.nslc.navy.mil,TRUE
nslcweb32.nslc.navy.mil\nslcportal\main\welcome.do,TRUE
nslcweb37.nslc.navy.mil,TRUE
nslcweb53.nslc.navy.mil,TRUE
"nssa.nmci.navy.mil,https:",TRUE
nst.navair.navy.smil.mil,TRUE
nswapps.navsoc.socom.smil.mil,TRUE
nswcpcweb.dc3n.navy.mil,TRUE
ntims.nrre.navy.smil.mil,TRUE
ntira.dc3n.navy.mil,TRUE
ntmpsweb.dc3n.navy.mil,TRUE
nv.ng.mil,TRUE
nvmc.uscg.gov,TRUE
nwc.ndu.edu,TRUE
nwd.usace.army.mil,TRUE
nwdc.navy.mil,TRUE
nwdc.navy.smil.mil,TRUE
nwk.usace.army.mil,TRUE
nwo.usace.army.mil,TRUE
nwp.usace.army.mil,TRUE
nwrt.cnrc.navy.mil,TRUE
nws.usace.army.mil,TRUE
nww.usace.army.mil,TRUE
oars.navsea.navy.mil,TRUE
obituaries.stripes.com,TRUE
obligations.navair.navy.mil,TRUE
oceanofthings.darpa.mil,TRUE
ocie.cran.nmci.navy.mil,TRUE
ocs.marines.mil,TRUE
odd.el.erdc.dren.mil,TRUE
odsf.mcw.usmc.mil,TRUE
odsioo.defense.gov,TRUE
oeptools.navair.navy.mil,TRUE
offutt55fss.com,TRUE
ogc.osd.mil,TRUE
ogconline.navy.mil,TRUE
oims.dtra.mil,TRUE
ois.disa.mil,TRUE
okinawa.stripes.com,TRUE
okinawa.usmc-mccs.org,TRUE
ombudsmanregistry.cnic.navy.mil,TRUE
onetouch.navy.mil,TRUE
oni.nmci.navy.smil.mil,TRUE
oniciotest.service-now.com,TRUE
onr.navy.mil,TRUE
onroutside.onr.navy.mil,TRUE
opa.mil,TRUE
opas.navy.mil,TRUE
operations.erdc.dren.mil,TRUE
opmverify.dmdc.osd.mil,TRUE
opscenter.dtra.mil,TRUE
opsconnect.dmdc.osd.mil,TRUE
orcacoke.spawar.navy.mil,TRUE
osanes.dodea.edu,TRUE
osanmhs.dodea.edu,TRUE
osc.gov,TRUE
ostc.marines.mil,TRUE
otoolsweb.cnrc.navy.mil,TRUE
outreachrequests.hq.af.mil,TRUE
owa.navy.mil,TRUE
p1.dso.mil,TRUE
p739w001.cfms.navy.mil,TRUE
pa-net.navy.mil,TRUE
pac.whs.mil,TRUE
pacific.afn.mil,TRUE
pacom.mil,TRUE
pal.dtra.mil,TRUE
pandr.marines.mil,TRUE
paraderes.hqi.usmc.mil,TRUE
parent.afcyp.com,TRUE
parkeres.dodea.edu,TRUE
parks.armymwr.com,TRUE
parr0901.mcdsus.mcds.usmc.mil,TRUE
passport.intelink.gov,TRUE
patches.dodea.edu,TRUE
patchms.dodea.edu,TRUE
patientportal.mhsgenesis.health.mil,TRUE
patrick.spaceforce.mil,TRUE
pavilion.dinfos.edu,TRUE
paxrimd1.navair.navy.mil,TRUE
pba.army.mil,TRUE
pbisdb.navair.navy.smil.mil,TRUE
pbisdb2.cloud.navy.mil,TRUE
pclt.defense.gov,TRUE
pdrep.csd.disa.mil,TRUE
pendleton.usmc-mccs.org,TRUE
peoc3n.army.mil,TRUE
peoc3t.army.mil,TRUE
peoc4i.navy.mil,TRUE
peodigital.navy.mil,TRUE
peoeisinnovationcell.my.salesforce.com,TRUE
peogcs.army.mil,TRUE
peoiews.army.mil,TRUE
peomlb.navy.mil,TRUE
people.army.mil,TRUE
people.mil,TRUE
peostri.army.mil,TRUE
petersonschriever.spaceforce.mil,TRUE
ph.health.mil,TRUE
phb.hrmc.navy.mil,TRUE
phceast.health.mil,TRUE
phdcis.phdnswc.nmci.navy.mil,TRUE
phintranet.phnsy.navy.mil,TRUE
phx04.phx.cpf.navy.smil.mil,TRUE
pica.army.mil,TRUE
picatinny.armymwr.com,TRUE
pid.cnic.navy.mil,TRUE
pierceterracees.dodea.edu,TRUE
piersystem.com,TRUE
pinckneyes.dodea.edu,TRUE
pinebluff.armymwr.com,TRUE
pinnacle.ndu.edu,TRUE
pinnacles.sd.spawar.navy.mil,TRUE
planmydeployment.militaryonesource.mil,TRUE
planmymove.militaryonesource.mil,TRUE
planning.erdc.dren.mil,TRUE
pluto.phdnswc.nmci.navy.mil,TRUE
pmo.chs.spawar.navy.mil,TRUE
pmohq.dc3n.navy.mil,TRUE
pmrf.greatlifehawaii.com,TRUE
pmsmis.navy.mil,TRUE
poa.usace.army.mil,TRUE
pod.usace.army.mil,TRUE
pof.usace.army.mil,TRUE
poh.usace.army.mil,TRUE
pointloma.navylifesw.com,TRUE
poj.usace.army.mil,TRUE
policy.defense.gov,TRUE
poms.cnic.navy.mil,TRUE
poolees.dodea.edu,TRUE
portal.apps.isitdown.mil,TRUE
portal.cdmd.navy.mil,TRUE
portal.fnmoc.navy.mil,TRUE
portal.fnmoc.navy.smil.mil,TRUE
portal.navfac.navy.mil,TRUE
portal.nmci.navy.mil,TRUE
portal.nwdc.navy.mil,TRUE
portal.nwdc.navy.smil.mil,TRUE
portal.onr.spawar-chas.navy.smil.mil,TRUE
portal.peoeis.navy.mil,TRUE
portal.phdnswc.nmci.navy.mil,TRUE
portal.secnav.navy.mil,TRUE
poseidon.navy.mil,TRUE
ppicss.hqi.usmc.mil,TRUE
ppo.marines.mil,TRUE
ppr.nslc.navy.mil,TRUE
pprd.commissaries.com,TRUE
prbuilder.usmc.mil,TRUE
prdwebserv17.navair.navy.mil,TRUE
prdwebserv8.navair.navy.mil,TRUE
prep.insight.cnic.navy.mil,TRUE
presidio.armymwr.com,TRUE
press.armywarcollege.edu,TRUE
prevention.mil,TRUE
pridemod.dc3n.navy.mil\pridemod\default.aspx,TRUE
printshop.stripes.com,TRUE
prism.nre.navy.mil,TRUE
prisms.nmci.navy.mil,TRUE
prismsweb.nmci.navy.mil,TRUE
private.navyreserve.navy.mil,TRUE
prod.asixs.navy.mil,TRUE
prod.caris.netc.navy.mil,TRUE
prod.edsapp.cnet.navy.smil.mil;urlbelow,TRUE
prod.etrms.netc.navy.mil,TRUE
prod.jalis.mil,TRUE
prodhr.np2.cloud.navy.mil,TRUE
profile.ncis.navy.mil,TRUE
"promis.navy.mil,https:",TRUE
promotions.stripes.com,TRUE
prt.nmci.navy.mil,TRUE
publibrary.sec.usace.army.mil,TRUE
public.militarychildcare.csd.disa.mil,TRUE
public.sites.disa.ecs.mil,TRUE
publications.armywarcollege.edu,TRUE
publications.usace.army.mil,TRUE
purview.dodlive.mil,TRUE
qcts.no.navy.mil,TRUE
qpldocs.dla.mil,TRUE
quantico.usmc-mccs.org,TRUE
quanticomhs.dodea.edu,TRUE
quartermaster.army.mil,TRUE
rabbithole.dc3n.navy.mil,TRUE
rai.tradewindai.com,TRUE
raix01.usmc-mccs.org:7780,TRUE
raix14.usmc-mccs.org:7060,TRUE
ram.navair.navy.mil,TRUE
ramey.dodea.edu,TRUE
ramp.navair.navy.mil,TRUE
ramsteines.dodea.edu,TRUE
ramsteinhs.dodea.edu,TRUE
ramsteinis.dodea.edu,TRUE
ramsteinms.dodea.edu,TRUE
rapid.cnic.navy.mil,TRUE
raven.navy.smil.mil,TRUE
rcnsc.ndu.edu,TRUE
rcrp.csd.disa.mil,TRUE
rdais.navy.mil,TRUE
rdl.train.army.mil,TRUE
readinesssuite.navsup.navy.mil,TRUE
ready.army.mil,TRUE
redi.navy.mil,TRUE
redriver.army.mil,TRUE
redriver.armymwr.com,TRUE
redstone.amedd.army.mil,TRUE
redstone.armymwr.com,TRUE
refuelmcconnell.com,TRUE
registration.dodea.edu,TRUE
registry1.dso.mil,TRUE
remote.dtra.mil,TRUE
remote1.dtra.mil,TRUE
remote2.dtra.mil,TRUE
repi.osd.mil,TRUE
repo1.dso.mil,TRUE
reporting.abacusmhs.health.mil,TRUE
reports.cse.spawar.navy.mil,TRUE
reports.dc3n.navy.mil,TRUE
repository.jpeojtrs.mil,TRUE
request.todaysmilitary.com,TRUE
reservation.hpc.mil,TRUE
revs.cnic.navy.mil,TRUE
rfmt.private.navyreserve.navy.mil,TRUE
rheinland-pfalz.armymwr.com,TRUE
rhics.csd.disa.mil,TRUE
ri.ng.mil,TRUE
riley.armymwr.com,TRUE
rims.dc3n.navy.mil,TRUE
rims.ncis.navy.mil,TRUE
riskdecision.el.erdc.dren.mil,TRUE
rmaisweb.nmci.navy.mil,TRUE
rmda.army.mil,TRUE
robinsonbarrackses.dodea.edu,TRUE
rockinattherock.com,TRUE
rockisland.armymwr.com,TRUE
rotaes.dodea.edu,TRUE
rotamhs.dodea.edu,TRUE
rq.cnrc.navy.mil;https:,TRUE
rram.navnsup.navy.mil,TRUE
rtam.tecom.usmc.mil,TRUE
rtamms.mceits.usmc.mil,TRUE
rtar.navyreserve.navy.mil,TRUE
rucker.armymwr.com,TRUE
ryukyums.dodea.edu,TRUE
s2de.nmci.navy.smil.mil,TRUE
saa.usace.army.mil,TRUE
sabar.sscno.nmci.navy.mil,TRUE
sac.usace.army.mil,TRUE
sad.usace.army.mil,TRUE
sadie.nmci.navy.mil,TRUE
safcn.af.mil,TRUE
safe.navy.smil.mil,TRUE
safehelpline.org,TRUE
safetycenter.navy.mil,TRUE
safsq.hq.af.mil,TRUE
sageearth.northcom.mil,TRUE
sagewind.northcom.mil,TRUE
sailor.navy.mil;sailor.navy.smil.mil,TRUE
saj.usace.army.mil,TRUE
salesforce.com,TRUE
sam.usace.army.mil,TRUE
sams.mceits.usmc.mil,TRUE
sandiego.navylifesw.com,TRUE
sandiego.usmc-mccs.org,TRUE
sapr.mil,TRUE
sarmis.secnav.navy.mil,TRUE
sas.ncdc.navy.mil,TRUE
sas.usace.army.mil,TRUE
saseboes.dodea.edu,TRUE
saw.usace.army.mil,TRUE
sbir.darpa.mil,TRUE
schinnen.armymwr.com,TRUE
scientificadvisoryboard.af.mil,TRUE
scottis.dodea.edu,TRUE
scra.dmdc.osd.mil,TRUE
sd.ng.mil,TRUE
sd.vte.training.navy.mil,TRUE
sda.mil,TRUE
sdl.nucleus.asgardgate.com,TRUE
sdremedyweb.sd.fisc.navy.mil,TRUE
sealbeach.navylifesw.com,TRUE
search.darpa.mil,TRUE
seashare.spawar.navy.mil,TRUE
seat1.cpf.navy.mil,TRUE
seat1.nmci.navy.mil,TRUE
seatracq.nslc.navy.mil,TRUE
secnav.navy.mil,TRUE
secure.fedramp-firstdue.us,TRUE
"secure.jten.mil,auth.jten.mil,er.jten.mil,",TRUE
securerelease.us,TRUE
sedir.cse.spawar.navy.mil,TRUE
sembaches.dodea.edu,TRUE
sems.dc3n.navy.mil,TRUE
sems.sscno.nmci.navy.mil,TRUE
sems2.serdp-estcp.org,TRUE
servicenow.les.mil,TRUE
sevillaems.dodea.edu,TRUE
sewardmilitaryresort.com,TRUE
sfim.cnic.navy.mil,TRUE
shadowsedge.mil,TRUE
shapees.dodea.edu,TRUE
shapehs.dodea.edu,TRUE
shapems.dodea.edu,TRUE
sharepoint.cran.nmci.navy.smil.mil,TRUE
sharp.nmci.navy.mil,TRUE
shelflife.dla.mil,TRUE
shipname.navy.smil.mil,TRUE
shipops.net,TRUE
shoc.af.mil,TRUE
shop.commissaries.com,TRUE
shopcgx.com,TRUE
shopmyexchange.com,TRUE
shughartes.dodea.edu,TRUE
shughartms.dodea.edu,TRUE
siatss.navy.mil,TRUE
sierra.army.mil,TRUE
sierra.armymwr.com,TRUE
sigar.mil,TRUE
sigonellaes.dodea.edu,TRUE
sigonellamhs.dodea.edu,TRUE
sill.armymwr.com,TRUE
sims.dc3n.navy.mil,TRUE
sites.google.com,TRUE
sja.marines.mil,TRUE
sjfss.com,TRUE
sked.abl.navy.mil,TRUE
skillbridge.osd.mil,TRUE
sldcada.dc3n.navy.mil,TRUE
slicwave.crane.navy.mil,TRUE
smartvoucher.dfas.mil,TRUE
smartwebmove.navsup.navy.mil,TRUE
smds.navair.navy.smil.mil,TRUE
smithes.dodea.edu,TRUE
smmis.submepp.navy.mil,TRUE
smmp-mc.usmc.mil,TRUE
sms.dc3n.navy.mil,TRUE
sms.erdc.dren.mil,TRUE
snasts.navy.mil,TRUE
soc.mil,TRUE
socom.mil,TRUE
soes.dmdc.osd.mil,TRUE
software.af.mil,TRUE
soieast.marines.mil,TRUE
soiwest.marines.mil,TRUE
soldierforlife.army.mil,TRUE
sollarses.dodea.edu,TRUE
sop.ahf.nmci.navy.mil,TRUE
southcarolina.usmc-mccs.org,TRUE
sp.nis.navy.mil,TRUE
spa.usace.army.mil,TRUE
spacebasedelta1.spaceforce.mil,TRUE
spaceforce.com,TRUE
spaceforces-space.mil,TRUE
spangdahlemes.dodea.edu,TRUE
spangdahlemhs.dodea.edu,TRUE
spangdahlemms.dodea.edu,TRUE
spanweb.dtsa.mil,TRUE
spawar-maintenance.navy.mil,TRUE
spawar.navy.smil.mil,TRUE
spd.usace.army.mil,TRUE
spear.navy.mil,TRUE
speedtest.erdc.dren.mil,TRUE
spend.int.cloudops.teambespin.us,TRUE
spider.navy.mil,TRUE
spiders.navfac.navy.mil,TRUE
spk-wc.usace.army.mil,TRUE
spk.usace.army.mil,TRUE
spl.usace.army.mil,TRUE
spmide.plm.dc3n.navy.mil,TRUE
spn.usace.army.mil,TRUE
sprs.csd.disa.mil,TRUE
srtsweb.amedd.army.mil,TRUE
ssi.armywarcollege.edu,TRUE
ssl2.kpt.nuwc.navy.mil,TRUE
sso.darpa.mil,TRUE
sso.ssve.cloudassured.com,TRUE
sso.tfs.usmc.milorhttps:,TRUE
ssp.navy.mil,TRUE
ssp.nuwc.navy.mil,TRUE
ssuesxwi.supship.navy.mil,TRUE
"stage.jllis.mil,ws.jllis.mil,www.jllis.mil,
legacy.jllis.mil,stage-jnxt.jten.mil",TRUE
stan3.navy.mil,TRUE
statepolicy.militaryonesource.mil,TRUE
stats.sscno.nmci.navy.mil,TRUE
stearleyps.dodea.edu,TRUE
stewarthunter.armymwr.com,TRUE
storefront.disa.mil,TRUE
stowerses.dodea.edu,TRUE
stratcomds.com,TRUE
stratis.usmc.mil,TRUE
stripesinfo.com,TRUE
stripesstore.com,TRUE
stuttgart.armymwr.com,TRUE
stuttgartes.dodea.edu,TRUE
stuttgarths.dodea.edu,TRUE
submit.dtic.mil,TRUE
sullivanses.dodea.edu,TRUE
support.sms.erdc.dren.mil,TRUE
supportrequest.militaryonesource.mil,TRUE
supsalv.navy.mil,TRUE
supship.navy.mil,TRUE
survey.tradoc.army.mil,TRUE
surveys.secnav.navy.mil,TRUE
swat.dc3n.navy.mil,TRUE
swd.usace.army.mil,TRUE
swf.usace.army.mil,TRUE
swg.usace.army.mil,TRUE
swl.usace.army.mil,TRUE
swms.dc3n.navy.mil,TRUE
swonet.navy.mil,TRUE
swt.usace.army.mil,TRUE
syapps.psns.navy.mil,TRUE
synchro.spawar-chas.navy.smil.mil,TRUE
sysm.onr.navy.mil,TRUE
t.public.ng.mil,TRUE
t2.army.mil,TRUE
t3.mcdsus.mcds.usmc.mil,TRUE
tacom.army.mil,TRUE
tad.usace.army.mil,TRUE
talent.army.mil,TRUE
tapevents.mil,TRUE
tarawaterracees.dodea.edu,TRUE
tarp.navsup.navy.mil,TRUE
tbs.marines.mil,TRUE
tcpt.usmc.mil,TRUE
tdc.dc3n.navy.mil,TRUE
tdp.nslc.navy.mil,TRUE
teambespin.us,TRUE
teamtrack.netc.navy.mil,TRUE
tearline.mil,TRUE
techrep.navy.mil,TRUE
tecnet1.jcte.jcs.mil,TRUE
telemetry.usmc.mil,TRUE
tempalt.nuwckpt.navy.smil.mil,TRUE
test.el.erdc.dren.mil,TRUE
test.militarychildcare.csd.disa.mil,TRUE
tf612.marines.mil,TRUE
tf763.marines.mil,TRUE
tfars.spawaritc.navy.mil,TRUE
tfdw-web.mceits.usmc.mil<https:,TRUE
tfmms.dc3n.navy.mil,TRUE
tfrs.mceits.usmc.mil,TRUE
tfrtools.navair.navy.mil,TRUE
tfsms.mceits.usmc.mil,TRUE
tgs-sim.jten.mil,TRUE
thebestfss.com,TRUE
thenewsanno.com,TRUE
thenmusa.org,TRUE
theredstonerocket.com,TRUE
tiger.marcorsyscom.usmc.mil,TRUE
tinkerliving.com,TRUE
tioh.army.mil,TRUE
tips.navy.mil,TRUE
titan.navair.navy.mil,TRUE
tjaglcs.army.mil,TRUE
tlp.el.erdc.dren.mil,TRUE
tmd.navair.navy.mil,TRUE
tmde.logcom.usmc.mil,TRUE
tobyhanna.armymwr.com,TRUE
todaysmilitary.com,TRUE
tomis.nwptf.nuwc.navy.mil,TRUE
tooele.army.mil,TRUE
tooele.armymwr.com,TRUE
toris.dc3n.navy.mil,TRUE
tra1.nadsusea.nads.navy.mil,TRUE
tracker.adr.navy.mil,TRUE
trademark.marines.mil,TRUE
training.navy.mil,TRUE
transportation.erdc.dren.mil,TRUE
travisfss.com,TRUE
trends.nrlssc.navy.smil.mil,TRUE
triagechallenge.darpa.mil,TRUE
triannual.cse.spawar.navy.mil,TRUE
tribute.militaryonesource.mil,TRUE
tricare.mil,TRUE
trims.dc3n.navy.mil,TRUE
trinidad.cse.spawar.navy.mil,TRUE
trmc.osd.mil,TRUE
trms.dc3n.navy.mil,TRUE
tscmis.spawar-chas.navy.smil.mil,TRUE
tsharp.dc3n.navy.mil,TRUE
tsm-c.dc3n.navy.mil,TRUE
tso-horizon.mcw.usmc.mil,TRUE
tsosp.usmc.mil,TRUE
tsp.nuwcnpt.navy.mil,TRUE
tubaweb.dt.navy.mil,TRUE
twms.dc3n.navy.mil,TRUE
uar.cas.navy.smil.mil,TRUE
uarnoc.cas.navy.smil.mil,TRUE
uat-icat.usmc.mil,TRUE
ubo.abacusmhs.health.mil,TRUE
ugm.hpc.mil,TRUE
ukraineoversight.gov,TRUE
ulmt.ndcsd.nmci.navy.mil,TRUE
universe.bigbang.dso.mil,TRUE
unmirror.nmic.navy.mil,TRUE
unum.nsin.us,TRUE
usace.army.mil,TRUE
usace.contentdm.oclc.org,TRUE
usace.maps.arcgis.com,TRUE
usace.on.worldcat.org,TRUE
usaf.dps.mil,TRUE
usafasupport.com,TRUE
usafmarathon.com,TRUE
usahca.medcom.amedd.army.mil,TRUE
usainscom.army.mil,TRUE
usanca.army.mil,TRUE
usaphcapps.amedd.army.mil,TRUE
usarmyband.com,TRUE
usarmyjrotc.com,TRUE
uscga.edu,TRUE
uscgboating.org,TRUE
usgovdod.mil,TRUE
usindopacom\jtecs,TRUE
usiness.defense.gov,TRUE
usmap.cnet.navy.mil,TRUE
usmap.osd.mil,TRUE
usmc-mccs.csod.com,TRUE
usmc-mccs.org,TRUE
usmc.hmms.mil,TRUE
usmcenviron.com,TRUE
usmcmax.usmc.mil,TRUE
usmcobmt.com,TRUE
usmcportal.phe.com,TRUE
usmcu.edu,TRUE
usna.edu,TRUE
usnabsd.com,TRUE
usnbgtmo.navy.smil.mil,TRUE
usncc.edu,TRUE
usnwc.edu,TRUE
ustranscom.mil,TRUE
v22fst.nadepcp.navy.mil,TRUE
v22fst.navair.navy.mil,TRUE
v22ric.navy.mil,TRUE
v2cms.dvidshub.net,TRUE
v3.myafn.dodmedia.osd.mil,TRUE
vamosc.navy.mil,TRUE
vancefss.com,TRUE
vandenberg.spaceforce.mil,TRUE
vandenbergfss.com,TRUE
vanvoorhises.dodea.edu,TRUE
vault.darpa.mil,TRUE
vce.tecom.usmc.mil,TRUE
vcloud.gun.csd.disa.mil,TRUE
vcorps.army.mil,TRUE
vdi.dtra.mil,TRUE
ventura.navylifesw.com,TRUE
veteranjobs.stripes.com,TRUE
vfw.stripes.com,TRUE
vicenzaes.dodea.edu,TRUE
vicenzams.dodea.edu,TRUE
view.jten.mil,TRUE
vilseckes.dodea.edu,TRUE
vilseckhs.dodea.edu,TRUE
vlab.chs.spawar.navy.mil,TRUE
vlco.marines.mil,TRUE
vogelwehes.dodea.edu,TRUE
votenow.stripes.com,TRUE
vpn.jten.mil,TRUE
vpnpac.jten.mil,TRUE
vram.navy.mil,TRUE
vssm.csd.disa.mil,TRUE
vte.mil,TRUE
vts.mil,TRUE
w3.saj.usace.army.mil,TRUE
waanswcdap01.nmci.navy.mil,TRUE
wainwright.armymwr.com,TRUE
walker.armymwr.com,TRUE
wamo.nmci.navy.mil,TRUE
warchest.nmic.ic.gov,TRUE
warroom.armywarcollege.edu,TRUE
water.usace.army.mil,TRUE
watercraft.dc3n.navy.mil,TRUE
watervliet.armymwr.com,TRUE
waw.kypt.nmci.navy.mil,TRUE
wawf.eb.mil,TRUE
wawfraid.nit.disa.mil,TRUE
wdts.supshipgc.navy.mil,TRUE
weather-public.dtra.mil,TRUE
weather.dtra.mil,TRUE
weather2-public.dtra.mil,TRUE
weather2.dtra.mil,TRUE
web.git.mil,TRUE
web.ports.navy.mil,TRUE
web.salts.navy.mil,TRUE
web2.cpa.navy.mil,TRUE
webapps.mcieast.usmc.mil,TRUE
webapps.nnsy.navy.mil,TRUE
webapps.trfkb.navy.mil,TRUE
webappshr.nrl.navy.mil,TRUE
webappspdms.nrl.navy.mil,TRUE
webct2.dmdc.osd.mil,TRUE
webisis.nmci.navy.mil,TRUE
webjedmics.navair.navy.mil,TRUE
weblog.navy.mil,TRUE
webmail-rear.jtf519.smil.mil,TRUE
webmail16.ncis.navy.mil,TRUE
webmass3.manpower.usmc.mil,TRUE
webotf.ahf.nmci.navy.mil,TRUE
webserd.lakehurst.navy.mil,TRUE
websites.staging.dso.mil,TRUE
websteam.cnrc.navy.mil,TRUE
webtraining.dma.mil,TRUE
wess.safetycenter.navy.mil,TRUE
westpoint.armymwr.com,TRUE
westpoint.edu,TRUE
westpointband.com,TRUE
westpointes.dodea.edu,TRUE
westpointms.dodea.edu,TRUE
westpointpress.com,TRUE
wetlands.el.erdc.dren.mil,TRUE
wfmp.navair.navy.mil,TRUE
whaleback.submepp.navy.mil,TRUE
whidbey.navylifepnw.com,TRUE
whitees.dodea.edu,TRUE
whitesands.armymwr.com,TRUE
wi.ng.mil,TRUE
wide.kpt.nuwc.navy.mil,TRUE
wiesbaden.armymwr.com,TRUE
wiesbadenes.dodea.edu,TRUE
wiesbadenhs.dodea.edu,TRUE
wiesbadenms.dodea.edu,TRUE
wiki.apps.ccpo.ecs.mil,TRUE
windchill.navair.navy.mil,TRUE
wis.erdc.dren.mil,TRUE
wizards.mrsi.erdc.dren.mil,TRUE
wls.sscpac.nmci.navy.mil,TRUE
wmdcenter.ndu.edu,TRUE
wms.navair.navy.mil,TRUE
wots.el.erdc.dren.mil,TRUE
wrairafrica.health.mil,TRUE
wrairwest.health.mil,TRUE
wrightpattfss.com,TRUE
wrp.gov,TRUE
wsmr.army.mil,TRUE
wssct.usmc.mil,TRUE
wtbn.marines.mil,TRUE
wtpts.cnic.navy.mil,TRUE
wv.ng.mil,TRUE
wva.army.mil,TRUE
ww.apgmwr.com,TRUE
ww.ca.usff.navy.mil,TRUE
ww.dsccmwr.com,TRUE
ww.halekoa.com,TRUE
ww.npc.navy.mil,TRUE
ww.yellowribbon.mil,TRUE
ww2.stripes.com,TRUE
www1.dmea.osd.mil,TRUE
www1.mcieast.usmc.mil,TRUE
www1.trfkb.navy.mil,TRUE
www2.mccll.usmc.mil,TRUE
www2.navfac.navy.mil,TRUE
www2.oix.navy.mil,TRUE
wwwdd.csd.disa.mil,TRUE
wwwhpc.w.dren.mil,TRUE
xiam.cnic.navy.mil,TRUE
yberdefensereview.army.mil,TRUE
yinet001.srf.local,TRUE
yokosukams.dodea.edu,TRUE
yokosukaps.dodea.edu,TRUE
yokota374fss.com,TRUE
yokotahs.dodea.edu,TRUE
yokotams.dodea.edu,TRUE
yokotawestes.dodea.edu,TRUE
yourforcesupport.com,TRUE
yuma.armymwr.com,TRUE
yuma.usmc-mccs.org,TRUE
zamamhs.dodea.edu,TRUE
zathras.spawar.navy.mil,TRUE
zukeranes.dodea.edu,TRUE