target_url,source_list_gpo_fdlp
2016.export.gov,TRUE
60plus.smokefree.gov,TRUE
abilityone.oversight.gov,TRUE
accountcreation.cftc.gov,TRUE
accounts.geoplatform.gov,TRUE
ace.cbp.gov,TRUE
ach.fcc.gov,TRUE
acl.gov,TRUE
addiction.surgeongeneral.gov,TRUE
adf.maps.arcgis.com,TRUE
adviserinfo.sec.gov,TRUE
afrhglibrary.follettdestiny.com,TRUE
afsmaps.blm.gov,TRUE
agid.acl.gov,TRUE
ahead.hiv.gov,TRUE
airmoss.ornl.gov,TRUE
alamofeb.org,TRUE
amd.osmre.gov,TRUE
americanindianhealth.nlm.nih.gov,TRUE
americorpsnccc.tumblr.com,TRUE
amlis.osmre.gov,TRUE
annotation.blogs.archives.gov,TRUE
answer.mycreditunion.gov,TRUE
answers.usgs.gov,TRUE
aocoig.oversight.gov,TRUE
aotus.blogs.archives.gov,TRUE
apps.nlrb.gov,TRUE
apstarc.acl.gov,TRUE
arceco.creconline.org,TRUE
archive.constantcontact.com,TRUE
archives.nida.nih.gov,TRUE
arri.osmre.gov,TRUE
ask.fdic.gov,TRUE
ask.gpo.gov,TRUE
aspr.hhs.gov,TRUE
asprtracie.hhs.gov,TRUE
assets.mcc.gov,TRUE
attcnetwork.org,TRUE
avss.osmre.gov,TRUE
aws.nmb.gov,TRUE
awt.cbp.gov,TRUE
ayudalocal.cuidadodesalud.gov,TRUE
bankrobbers.fbi.gov,TRUE
benefits.ornl.gov,TRUE
bensguide.gpo.gov,TRUE
bia.gov,TRUE
biodiversitylinks.org,TRUE
biotools.ornl.gov,TRUE
bjs.gov,TRUE
blog.samhsa.gov,TRUE
blog.ssa.gov,TRUE
blog.trade.gov,TRUE
blog.usaid.gov,TRUE
blogs.cdc.gov,TRUE
bookstore.gpo.gov,TRUE
bookstore.usip.org,TRUE
bot.hiv.gov,TRUE
bsaaml.ffiec.gov,TRUE
buildbackbetter.gov,TRUE
bwt.cbp.gov,TRUE
cades.ornl.gov,TRUE
capacity.childwelfare.gov,TRUE
captcollaboration.edc.org,TRUE
carbon2018.globalchange.gov,TRUE
careers.cbp.gov,TRUE
careers.tva.gov,TRUE
carve.ornl.gov,TRUE
catalog.data.gov,TRUE
catalog.fdic.gov,TRUE
catalog.gpo.gov,TRUE
catalog.ushmm.org,TRUE
cbes.ornl.gov,TRUE
cbi.ornl.gov,TRUE
cbpworkforce.cbp.gov,TRUE
ccb.geoplatform.gov,TRUE
cccdpcr.thinkculturalhealth.hhs.gov,TRUE
cccm.thinkculturalhealth.hhs.gov,TRUE
ccnm.thinkculturalhealth.hhs.gov,TRUE
cdr.ffiec.gov,TRUE
cds.ahrq.gov,TRUE
cf.denali.gov,TRUE
cfo.gov,TRUE
cfpb.github.io,TRUE
cfw.nwcouncil.org,TRUE
cgabeargear.merchorders.com,TRUE
chicago.feb.gov,TRUE
chinese.cdc.gov,TRUE
choosework.ssa.gov,TRUE
chronicdata.cdc.gov,TRUE
citenet.nlrb.gov,TRUE
clearinghouse.marinedebris.noaa.gov,TRUE
cleveland.feb.gov,TRUE
climatechangescience.ornl.gov,TRUE
clinicalinfo.hiv.gov,TRUE
cloud.cio.gov,TRUE
cloud.connect.hhs.gov,TRUE
cms.ferc.gov,TRUE
cms.permits.performance.gov,TRUE
coepes.nih.gov,TRUE
collaboration.tribalinformationexchange.org,TRUE
colorado.feb.gov,TRUE
combatcovid.hhs.gov,TRUE
comments.cftc.gov,TRUE
commonfund.nih.gov,TRUE
communities.geoplatform.gov,TRUE
connectdot.connectsolutions.com,TRUE
connections.tva.com,TRUE
consumercomplaints.fcc.gov,TRUE
contractorconnection.gpo.gov,TRUE
covid.cdc.gov,TRUE
createdequal.neh.gov,TRUE
creativeservices.gpo.gov,TRUE
crime-data-explorer.fr.cloud.gov,TRUE
crimesolutions.ojp.gov,TRUE
csmd.ornl.gov,TRUE
culcon.jusfc.gov,TRUE
cve.fbi.gov,TRUE
cwppra.wordpress.com,TRUE
d2d.gsa.gov,TRUE
daac-news.ornl.gov,TRUE
daac.ornl.gov,TRUE
dashboard.geoplatform.gov,TRUE
dashboard.healthit.gov,TRUE
data.arc.gov,TRUE
data.cdc.gov,TRUE
data.consumerfinance.gov,TRUE
data.energystar.gov,TRUE
data.fs.usda.gov,TRUE
data.geoplatform.gov,TRUE
data.globalchange.gov,TRUE
data.healthcare.gov,TRUE
data.mcc.gov,TRUE
data.permits.performance.gov,TRUE
data.usbr.gov,TRUE
datashare.nida.nih.gov,TRUE
datatools.ahrq.gov,TRUE
dataweb.usitc.gov,TRUE
daymet.ornl.gov,TRUE
dec.usaid.gov,TRUE
declassification.blogs.archives.gov,TRUE
diggingintodata.org,TRUE
digital.gov,TRUE
directorsblog.nih.gov,TRUE
docs.fcc.gov,TRUE
dpcpsi.nih.gov,TRUE
dpt2.samhsa.gov,TRUE
dra.gov,TRUE
e-cigarettes.surgeongeneral.gov,TRUE
eaja.acus.gov,TRUE
eallegations.cbp.gov,TRUE
earlywarningproject.ushmm.org,TRUE
earthquake.usgs.gov,TRUE
ebis.ornl.gov,TRUE
ecd.usaid.gov,TRUE
eclipse2017.nasa.gov,TRUE
economicdiversityinappalachia.creconline.org,TRUE
ecowatch.ncddc.noaa.gov,TRUE
edde.ornl.gov,TRUE
edis.usitc.gov,TRUE
edsitement.neh.gov,TRUE
education.blogs.archives.gov,TRUE
eeoc.custhelp.com,TRUE
eeocdata.org,TRUE
eeotraining.eeoc.gov,TRUE
effectivehealthcare.ahrq.gov,TRUE
efile.flra.gov,TRUE
efilms.ushmm.org,TRUE
efoia.fbi.gov,TRUE
egov.pbgc.gov,TRUE
egov.uscis.gov,TRUE
egrpra.ffiec.gov,TRUE
eisavpn.cbp.gov,TRUE
eldercare.acl.gov,TRUE
elderjustice.acl.gov,TRUE
elibrary.ferc.gov,TRUE
eliminatechildabusefatalities.sites.usa.gov,TRUE
emergency.cdc.gov,TRUE
empowerprogram.hhs.gov,TRUE
encyclopedia.ushmm.org,TRUE
energy.gov,TRUE
energyefficiency.ornl.gov,TRUE
enterpriseefiling.fcc.gov,TRUE
ephtracking.cdc.gov,TRUE
eplanning.blm.gov,TRUE
epss.ahrq.gov,TRUE
eqrreportviewer.ferc.gov,TRUE
eqrweb.ferc.gov,TRUE
eqs.fec.gov,TRUE
erulings.cbp.gov,TRUE
esel.trade.gov,TRUE
espanol.cdc.gov,TRUE
espanol.foodsafety.gov,TRUE
espanol.insurekidsnow.gov,TRUE
espanol.mycreditunion.gov,TRUE
espanol.smokefree.gov,TRUE
espanol.stopbullying.gov,TRUE
espanol.womenshealth.gov,TRUE
esta.cbp.dhs.gov,TRUE
esupport.fcc.gov,TRUE
etariff.ferc.gov,TRUE
ev.energyright.com,TRUE
evergladesrestoration.gov,TRUE
ewell.bsee.gov,TRUE
exhibitions.ushmm.org,TRUE
eximonline.exim.gov,TRUE
explorer.usaid.gov,TRUE
facebook.com,TRUE
fairchild-mil.libanswers.com,TRUE
fairchild-mil.libcal.com,TRUE
fairchild-mil.libguides.com,TRUE
faq.ssa.gov,TRUE
fccdotgov.uservoice.com,TRUE
fdr.blogs.archives.gov,TRUE
fedcommunities.org,TRUE
ferconline.ferc.gov,TRUE
files.consumerfinance.gov,TRUE
files.peacecorps.gov,TRUE
financialdocuments.gpo.gov,TRUE
findtreatment.samhsa.gov,TRUE
flickr.com,TRUE
flipboard.com,TRUE
flra.quickbase.com,TRUE
fmshrc-ecms.entellitrak.com,TRUE
foia.blogs.archives.gov,TRUE
forms.fbi.gov,TRUE
fpr.ncua.gov,TRUE
frtr.gov,TRUE
fsapps.nwcg.gov,TRUE
ftp:,TRUE
ftp.cdc.gov,TRUE
ftp.ornl.gov,TRUE
fueleconomy.gov,TRUE
funding.dra.gov,TRUE
future.ncpc.gov,TRUE
gacc.nifc.gov,TRUE
gateway.womenshealth.gov,TRUE
geomap.ffiec.gov,TRUE
geomine.osmre.gov,TRUE
geoplatform.maps.arcgis.com,TRUE
get.google.com,TRUE
gettested.cdc.gov,TRUE
gis.blm.gov,TRUE
glorecords.blm.gov,TRUE
govbooktalk.gpo.gov,TRUE
grow.exim.gov,TRUE
guesthouse.ornl.gov,TRUE
gulfofmexico.marinedebris.noaa.gov,TRUE
hclsig.thinkculturalhealth.hhs.gov,TRUE
hcupnet.ahrq.gov,TRUE
heal.nih.gov,TRUE
health.gov,TRUE
health2016.globalchange.gov,TRUE
healthit.ahrq.gov,TRUE
healthysafechildren.org,TRUE
help.cbp.gov,TRUE
help.consumerfinance.gov,TRUE
helpspanish.cbp.gov,TRUE
hhs.gov,TRUE
hivrisk.cdc.gov,TRUE
home.treasury.gov,TRUE
honolulu-pacific.feb.gov,TRUE
hoover.blogs.archives.gov,TRUE
houston.feb.gov,TRUE
hq-web03.ita.doc.gov,TRUE
hts.usitc.gov,TRUE
hydro.ornl.gov,TRUE
hydrosource.ornl.gov,TRUE
i94.cbp.dhs.gov,TRUE
icontherecord.tumblr.com,TRUE
icwaguide.tribalinformationexchange.org,TRUE
ida.ussc.gov,TRUE
idea.usaid.gov,TRUE
iftdss.firenet.gov,TRUE
iftdsshelp.freshdesk.com,TRUE
ihs.adobeconnect.com,TRUE
industryoutreach.ffiec.gov,TRUE
info.ornl.gov,TRUE
inspire2serve.gov,TRUE
integrationacademy.ahrq.gov,TRUE
iprr.cbp.gov,TRUE
iprs.cbp.gov,TRUE
iranprimer.usip.org,TRUE
irp.nida.nih.gov,TRUE
ithandbook.ffiec.gov,TRUE
jobs.cdc.gov,TRUE
jobs.ornl.gov,TRUE
juntossipodemos.hhs.gov,TRUE
justicegap.lsc.gov,TRUE
kansascity.feb.gov,TRUE
knowledge.samhsa.gov,TRUE
knowledgestore.nmb.gov,TRUE
korean.cdc.gov,TRUE
landscan.ornl.gov,TRUE
landscape.blm.gov,TRUE
leadership.cpsc.gov,TRUE
leadership.dra.gov,TRUE
learn.americorps.gov,TRUE
learn.childwelfare.gov,TRUE
learn.makemytestcount.org,TRUE
learning.ornl.gov,TRUE
letsmove.obamawhitehouse.archives.gov,TRUE
libcat.ornl.gov,TRUE
libguides.fdlp.gov,TRUE
libguides.uscga.edu,TRUE
library.case.edu,TRUE
library.constantcontact.com,TRUE
library.whitehousehistory.org,TRUE
licensing.fcc.gov,TRUE
listserv.ihs.gov,TRUE
livestream.com,TRUE
localhelp.healthcare.gov,TRUE
locator.hiv.gov,TRUE
login.cbp.gov,TRUE
lsc-live.app.box.com,TRUE
ltcombudsman.org,TRUE
mailchi.mp,TRUE
map.ornl.org,TRUE
mapapp.ihs.gov,TRUE
mapping.ncua.gov,TRUE
maps.geoplatform.gov,TRUE
mapserver.nationalatlas.gov,TRUE
marine.ucsc.edu,TRUE
marinedb.ucsc.edu,TRUE
marketplace.geoplatform.gov,TRUE
mcc.dgmarket.com,TRUE
mcc.icpsr.umich.edu,TRUE
medicalcountermeasures.gov,TRUE
meps.ahrq.gov,TRUE
metweb.ornl.gov,TRUE
mfpcc.samhsa.gov,TRUE
mgi.gov,TRUE
millionhearts.hhs.gov,TRUE
mindfulness.tribalinformationexchange.org,TRUE
mindovermedia.ushmm.org,TRUE
minnesota.feb.gov,TRUE
minorityhealth.hhs.gov,TRUE
mmr.osmre.gov,TRUE
mnspruce.ornl.gov,TRUE
modis.ornl.gov,TRUE
mtbps.usitc.gov,TRUE
multimedia.fbi.gov,TRUE
my.americorps.gov,TRUE
my.uscis.gov,TRUE
myemail.constantcontact.com,TRUE
myeverify.uscis.gov,TRUE
mypba.pbgc.gov,TRUE
myplate-prod.azureedge.net,TRUE
mypubliclands.tumblr.com,TRUE
nadrc.acl.gov,TRUE
namrs.acl.gov,TRUE
narations.blogs.archives.gov,TRUE
nationalatlas.gov,TRUE
nationalservice.tumblr.com,TRUE
native-circle-of-life.com,TRUE
nativeamericanheritagemonth.gov,TRUE
navalaviationfoundation.org,TRUE
navigator.blm.gov,TRUE
nca2014.globalchange.gov,TRUE
nca2018.globalchange.gov,TRUE
nca2023.globalchange.gov,TRUE
nccd.cdc.gov,TRUE
ncea.acl.gov,TRUE
ncler.acl.gov,TRUE
ncsacw.samhsa.gov,TRUE
ndc.services.cdc.gov,TRUE
ndcac.fbi.gov,TRUE
neh.dspacedirect.org,TRUE
nerp.ornl.gov,TRUE
neutrons.ornl.gov,TRUE
newsletter.samhsa.gov,TRUE
newspapers.ushmm.org,TRUE
newyorkcity.feb.gov,TRUE
nfc.usda.gov,TRUE
ngee-arctic.ornl.gov,TRUE
nhts.ornl.gov,TRUE
nibrs.fbi.gov,TRUE
nicglobaltrends.tumblr.com,TRUE
nida.nih.gov,TRUE
nmb.gov,TRUE
nmbworkspace.appspot.com,TRUE
nmbworkspace.firebaseapp.com,TRUE
npin.cdc.gov,TRUE
nps.maps.arcgis.com,TRUE
nrepp-learning.samhsa.gov,TRUE
nwcouncil.account.box.com,TRUE
nwd.acl.gov,TRUE
oese.ed.gov,TRUE
ogesdw.dol.gov,TRUE
oig.eeoc.gov,TRUE
oig.federalreserve.gov,TRUE
oig.pbgc.gov,TRUE
oig.ssa.gov,TRUE
oig.tva.gov,TRUE
oig.usaid.gov,TRUE
oigempowerline.com,TRUE
oklahoma.feb.gov,TRUE
olderindians.acl.gov,TRUE
onsafety.cpsc.gov,TRUE
opa.hhs.gov,TRUE
opac.blm.gov,TRUE
opfee.ncua.gov,TRUE
oralhealth.thinkculturalhealth.hhs.gov,TRUE
orders.fdic.gov,TRUE
orise.orau.gov,TRUE
osc.gov,TRUE
otexa.trade.gov,TRUE
overdosemappingtool.norc.org,TRUE
passport.peacecorps.gov,TRUE
payp.blm.gov,TRUE
pbrn.ahrq.gov,TRUE
pcmh.ahrq.gov,TRUE
pdas.samhsa.gov,TRUE
peacecorps.tumblr.com,TRUE
pert.cftc.gov,TRUE
phgkb.cdc.gov,TRUE
phil.cdc.gov,TRUE
philadelphia.feb.gov,TRUE
pic.gov,TRUE
picturingamerica.neh.gov,TRUE
playbook.cio.gov,TRUE
player.vimeo.com,TRUE
players.brightcove.net,TRUE
plimsvote.abilityone.gov,TRUE
plus.google.com,TRUE
podcasts.apple.com,TRUE
portal.cftc.gov,TRUE
positivespin.hiv.gov,TRUE
power.arc.gov,TRUE
ppn.tvaenergyrightsolutions.com,TRUE
prod.ahrq.gov,TRUE
prod.stb.gov,TRUE
prologue.blogs.archives.gov,TRUE
promote.americorps.gov,TRUE
promotions.usa.gov,TRUE
promotores.thinkculturalhealth.hhs.gov,TRUE
provalenslearning.com,TRUE
pso.ahrq.gov,TRUE
pubapps2.usitc.gov,TRUE
public.govdelivery.com,TRUE
public.ornl.gov,TRUE
publicfiles.fcc.gov,TRUE
publicportal.eeoc.gov,TRUE
publicstats.cbp.gov,TRUE
publish.gpo.gov,TRUE
pueblo.gpo.gov,TRUE
questions.americorps.gov,TRUE
rdas.samhsa.gov,TRUE
readynonprofits.arc.gov,TRUE
readysetprep.hiv.gov,TRUE
reagan.blogs.archives.gov,TRUE
records-express.blogs.archives.gov,TRUE
recovercovid.org,TRUE
recruitment.2020census.gov,TRUE
rediscovering-black-history.blogs.archives.gov,TRUE
registry.fgdc.gov,TRUE
rememberme.ushmm.org,TRUE
reports.blm.gov,TRUE
research.nhgri.nih.gov,TRUE
researchstudies.nida.nih.gov,TRUE
results.usaid.gov,TRUE
review.globalchange.gov,TRUE
rpm.geoplatform.gov,TRUE
rsc.ornl.gov,TRUE
rsicc.ornl.gov,TRUE
rtf.nwcouncil.org,TRUE
rulings.cbp.gov,TRUE
s3.amazonaws.com,TRUE
saos.fec.gov,TRUE
scenarios.globalchange.gov,TRUE
science2017.globalchange.gov,TRUE
sdms.ak.blm.gov,TRUE
sds.ornl.gov,TRUE
search.ssa.gov,TRUE
seattle.feb.gov,TRUE
secure.rrb.gov,TRUE
secure.ssa.gov,TRUE
secure.ushmm.org,TRUE
securegrants.neh.gov,TRUE
selections.fdlp.gov,TRUE
selfreliance.usaid.gov,TRUE
servcon.fmc.gov,TRUE
service.ncddc.noaa.gov,TRUE
shop.whitehousehistory.org,TRUE
shop.worldwar1centennial.org,TRUE
sicapdep.ncua.gov,TRUE
sirt.cftc.gov,TRUE
smallbusiness.ornl.gov,TRUE
smart.ojp.gov,TRUE
smokefree.gov,TRUE
soarworks.prainc.com,TRUE
somewereneighbors.ushmm.org,TRUE
sortablestats.cdc.gov,TRUE
sos.fbi.gov,TRUE
sourcebook.acus.gov,TRUE
sourceforge.net,TRUE
special.usps.com,TRUE
specialaccessfiling.fcc.gov,TRUE
srdr.ahrq.gov,TRUE
ssab.gov,TRUE
ssabest.benefits.gov,TRUE
sscr.osmre.gov,TRUE
stacks.cdc.gov,TRUE
standards.ornl.gov,TRUE
statesummaries.ncics.org,TRUE
statuschecker.fgdc.gov,TRUE
steller.co,TRUE
stlouis.feb.gov,TRUE
stopaquatichitchhikers.org,TRUE
stopbullying-blog.tumblr.com,TRUE
store.samhsa.gov,TRUE
stories.usaid.gov,TRUE
storify.com,TRUE
studies.recovercovid.org,TRUE
subforce.mysurpass.net,TRUE
suicidepreventionlifeline.org,TRUE
summit.digitalgov.gov,TRUE
swc.ornl.gov,TRUE
tap.nigc.gov,TRUE
tarp.ornl.gov,TRUE
tcc.export.gov,TRUE
tde.ornl.gov,TRUE
teen.smokefree.gov,TRUE
telemarketing.donotcall.gov,TRUE
tes-sfa.ornl.gov,TRUE
text-message.blogs.archives.gov,TRUE
thinkculturalhealth.hhs.gov,TRUE
tips.fbi.gov,TRUE
toolkit.childwelfare.gov,TRUE
toolkit.climate.gov,TRUE
tools.cdc.gov,TRUE
transforming-classification.blogs.archives.gov,TRUE
transition.fec.gov,TRUE
tribalinformationexchange.org,TRUE
tse.export.gov,TRUE
turnaroundarts.kennedy-center.org,TRUE
turnaroundarts.pcah.gov,TRUE
tva.bizenergyadvisor.com,TRUE
udi.ornl.gov,TRUE
umontana.maps.arcgis.com,TRUE
unwritten-record.blogs.archives.gov,TRUE
us12.campaign-archive.com,TRUE
usaidpubs.exposure.co,TRUE
uscga.askadmissions.net,TRUE
user.ornl.gov,TRUE
ushik.ahrq.gov,TRUE
usnhistory.navylive.dodlive.mil,TRUE
veterans.smokefree.gov,TRUE
vetoviolence.cdc.gov,TRUE
vietnamese.cdc.gov,TRUE
viewer.geoplatform.gov,TRUE
virtualcampus.osmre.gov,TRUE
walkerbranch.ornl.gov,TRUE
web.ornl.gov,TRUE
webapps.dol.gov,TRUE
webmap.ornl.gov,TRUE
webmaps.blm.gov,TRUE
wecandothis.hhs.gov,TRUE
whitegrass.com,TRUE
wildhorsesonline.blm.gov,TRUE
wildlandfireleadership.blogspot.com,TRUE
wireless.fcc.gov,TRUE
wisqars.cdc.gov:8443,TRUE
women.smokefree.gov,TRUE
wonder.cdc.gov,TRUE
wsr50.onlinepresskit247.com,TRUE
www-nrd.nhtsa.dot.gov,TRUE
www-odi.nhtsa.dot.gov,TRUE
911.gov,TRUE
abilityone.gov,TRUE
abmc.gov,TRUE
abmceducation.org,TRUE
access-board.gov,TRUE
accessibilityonline.org,TRUE
acf.hhs.gov,TRUE
achp.gov,TRUE
acus.gov,TRUE
afrh-iris.com,TRUE
afrh.gov,TRUE
ahrq.gov,TRUE
airuniversity.af.edu,TRUE
america250.org,TRUE
americorps.gov,TRUE
americorpsoig.gov,TRUE
anchorit.gov,TRUE
aoc.gov,TRUE
arc.gov,TRUE
arcc.osmre.gov,TRUE
archives.gov,TRUE
arctic.gov,TRUE
ars.usda.gov,TRUE
arts.gov,TRUE
asc.gov,TRUE
atsdr.cdc.gov,TRUE
atvsafety.gov,TRUE
bass.blm.gov,TRUE
bea.gov,TRUE
benefits.gov,TRUE
bia.gov,TRUE
bie.edu,TRUE
blm.gov,TRUE
boem.gov,TRUE
boston.feb.gov,TRUE
brac.gov,TRUE
bsee.gov,TRUE
bulkorder.ftc.gov,TRUE
buzzsprout.com,TRUE
calendarwiz.com,TRUE
carboncyclescience.us,TRUE
cbo.gov,TRUE
cbp.gov,TRUE
cdc.gov,TRUE
cdcfoundation.org,TRUE
cec.org,TRUE
census.gov,TRUE
cfa.gov,TRUE
cftc.gov,TRUE
childreninadversity.gov,TRUE
childstats.gov,TRUE
childwelfare.gov,TRUE
cio.gov,TRUE
climate.gov,TRUE
commerce.gov,TRUE
communitybanking.org,TRUE
communitybankingconnections.org,TRUE
consumer.ftc.gov,TRUE
consumer.gov,TRUE
consumerfinance.gov,TRUE
consumidor.ftc.gov,TRUE
coralreef.gov,TRUE
coronavirus.gov,TRUE
covid.gov,TRUE
covidtests.gov,TRUE
cpsc.gov,TRUE
crunchbase.com,TRUE
csb.gov,TRUE
csce.gov,TRUE
csm.ornl.gov,TRUE
cuidadodesalud.gov,TRUE
data.boem.gov,TRUE
data.bsee.gov,TRUE
denali.gov,TRUE
dfc.gov,TRUE
dfw.feb.gov,TRUE
disasterassistance.gov,TRUE
dnfsb.gov,TRUE
dni.gov,TRUE
dol.gov,TRUE
doleta.gov,TRUE
donotcall.gov,TRUE
drought.gov,TRUE
dvidshub.net,TRUE
e-verify.gov,TRUE
eac.gov,TRUE
ecfr.gov,TRUE
ed.gov,TRUE
eda.gov,TRUE
eeoc.gov,TRUE
eia.gov,TRUE
ems.gov,TRUE
energyright.com,TRUE
energystar.gov,TRUE
errproject.org,TRUE
exim.gov,TRUE
export.gov,TRUE
facadatabase.gov,TRUE
fatherhood.gov,TRUE
fbi.gov,TRUE
fbijobs.gov,TRUE
fca.gov,TRUE
fcc.gov,TRUE
fcsic.gov,TRUE
fda.gov,TRUE
fdic.gov,TRUE
fdicoig.gov,TRUE
fdlp.gov,TRUE
fea.gov,TRUE
feb.gov,TRUE
fec.gov,TRUE
federalregister.gov,TRUE
federalreserve.gov,TRUE
federalreserveconsumerhelp.gov,TRUE
federalreservehistory.org,TRUE
fedpartnership.gov,TRUE
fedsearch.org,TRUE
feedthefuture.gov,TRUE
fema.gov,TRUE
ferc.gov,TRUE
fercblog.com,TRUE
ffiec.gov,TRUE
fgdc.gov,TRUE
fhfa.gov,TRUE
fhfaoig.gov,TRUE
fireleadership.gov,TRUE
firescience.gov,TRUE
fjc.gov,TRUE
fjcfoundation.org,TRUE
flra.gov,TRUE
fmc.gov,TRUE
fmshrc.gov,TRUE
foodsafety.gov,TRUE
foodsafetyworkinggroup.gov,TRUE
foreignlaborcert.doleta.gov,TRUE
fpc.gov,TRUE
frtr.gov,TRUE
ftc.gov,TRUE
ftccomplaintassistant.gov,TRUE
fws.gov,TRUE
gao.gov,TRUE
genome.gov,TRUE
geoplatform.gov,TRUE
getinternet.gov,TRUE
girlshealth.gov,TRUE
globalchange.gov,TRUE
govinfo.gov,TRUE
govloans.gov,TRUE
gpo.gov,TRUE
guideline.gov,TRUE
habitattitude.net,TRUE
haskell.edu,TRUE
hcup-us.ahrq.gov,TRUE
healthcare.gov,TRUE
healthindicators.gov,TRUE
healthit.gov,TRUE
heritageabroad.gov,TRUE
hhs.gov,TRUE
history.navy.mil,TRUE
hiv.gov,TRUE
hud.gov,TRUE
hudhre.info,TRUE
iaf.gov,TRUE
iarpa.gov,TRUE
ibwc.gov,TRUE
identitytheft.gov,TRUE
ignet.gov,TRUE
ihs.gov,TRUE
imls.gov,TRUE
insurekidsnow.gov,TRUE
integration.samhsa.gov,TRUE
intelligence.gov,TRUE
invasivespeciesinfo.gov,TRUE
investor.gov,TRUE
iprcc.nih.gov,TRUE
jobcorps.gov,TRUE
jusfc.gov,TRUE
lacoast.gov,TRUE
lca.gov,TRUE
lcrmscp.gov,TRUE
letsmove.gov,TRUE
lsc.gov,TRUE
macpac.gov,TRUE
mcc.gov,TRUE
mcrcc.osmre.gov,TRUE
medicalcountermeasures.gov,TRUE
medpac.gov,TRUE
mentalhealth.gov,TRUE
militaryconsumer.gov,TRUE
minorityhealth.hhs.gov,TRUE
mitigationcommission.gov,TRUE
mmc.gov,TRUE
mvn.usace.army.mil,TRUE
mycreditunion.gov,TRUE
mymoney.gov,TRUE
myplate.gov,TRUE
nahyp.org,TRUE
nano.gov,TRUE
navalaviationmuseum.org,TRUE
nbrc.gov,TRUE
ncd.gov,TRUE
ncdc.noaa.gov,TRUE
ncddc.noaa.gov,TRUE
ncix.gov,TRUE
ncpc.gov,TRUE
ncsc.gov,TRUE
ncua.gov,TRUE
ncuareport.org,TRUE
neglecteddiseases.gov,TRUE
neh.gov,TRUE
neighborworks.org,TRUE
nhtsa.gov,TRUE
nicsezcheckfbi.gov,TRUE
nifc.gov,TRUE
nigc.gov,TRUE
nitrd.gov,TRUE
nlrb.gov,TRUE
nmb.gov,TRUE
nps.gov,TRUE
nsopw.gov,TRUE
ntc.blm.gov,TRUE
ntrc.gov,TRUE
nwbc.gov,TRUE
nwcg.gov,TRUE
nwcouncil.org,TRUE
nwtrb.gov,TRUE
oalj.dol.gov,TRUE
odocs.osmre.gov,TRUE
oge.gov,TRUE
oig.dol.gov,TRUE
oig.lsc.gov,TRUE
oklahoma.feb.gov,TRUE
olcf.ornl.gov,TRUE
oregonfeb.us,TRUE
ornl.gov,TRUE
oshrc.gov,TRUE
osmre.gov,TRUE
ourdocuments.gov,TRUE
oversight.gov,TRUE
ows.doleta.gov,TRUE
painconsortium.nih.gov,TRUE
pandemicoversight.gov,TRUE
pbgc.gov,TRUE
pcah.gov,TRUE
pclob.gov,TRUE
peacecorps.gov,TRUE
pensionhelp.org,TRUE
pensionrights.org,TRUE
performance.gov,TRUE
permits.performance.gov,TRUE
philadelphia.feb.gov,TRUE
philly.com,TRUE
photolib.noaa.gov,TRUE
phy.ornl.gov,TRUE
pmi.gov,TRUE
poolsafely.gov,TRUE
prc.gov,TRUE
predictiveservices.nifc.gov,TRUE
presidentialserviceawards.gov,TRUE
privacyshield.gov,TRUE
qualityindicators.ahrq.gov,TRUE
ready.gov,TRUE
recoverymonth.gov,TRUE
reginfo.gov,TRUE
restorethegulf.gov,TRUE
rivers.gov,TRUE
robodeidentidad.gov,TRUE
rrb.gov,TRUE
saferproducts.gov,TRUE
safetyact.gov,TRUE
salmonrecovery.gov,TRUE
samhsa.gov,TRUE
sciencebase.gov,TRUE
sec.gov,TRUE
section508.gov,TRUE
selectagents.gov,TRUE
selectusa.gov,TRUE
sigir.mil,TRUE
sipi.edu,TRUE
slideshare.net,TRUE
smartgrid.gov,TRUE
solardecathlon.gov,TRUE
southflorida.feb.gov,TRUE
ssa.gov,TRUE
ssab.gov,TRUE
sss.gov,TRUE
stb.gov,TRUE
stopbullying.gov,TRUE
stopfakes.gov,TRUE
texasarchive.org,TRUE
texasworldwar1centennial.org,TRUE
thinkculturalhealth.hhs.gov,TRUE
tiki-toki.com,TRUE
tiktok.com,TRUE
tips.osmre.gov,TRUE
trade.gov,TRUE
trafficsafetymarketing.gov,TRUE
tva.com,TRUE
tva.gov,TRUE
tvasites.com,TRUE
ucrdatatool.gov,TRUE
usa.gov,TRUE
usability.gov,TRUE
usadf.gov,TRUE
usbg.gov,TRUE
usbr.gov,TRUE
uscc.gov,TRUE
uscga.edu,TRUE
uscgasports.com,TRUE
uscirf.gov,TRUE
uscis.gov,TRUE
uscurrency.gov,TRUE
uses.doleta.gov,TRUE
usgovernmentmanual.gov,TRUE
ushmm.org,TRUE
usich.gov,TRUE
usip.org,TRUE
usitc.gov,TRUE
usna.edu,TRUE
usnwc.edu,TRUE
ussc.gov,TRUE
ussnautilus.org,TRUE
ustda.gov,TRUE
va.gov,TRUE
vaccines.gov,TRUE
veteranscrisisline.net,TRUE
visitthecapitol.gov,TRUE
waterqualitydata.us,TRUE
whistleblower.gov,TRUE
whistleblowers.gov,TRUE
whitehousehistory.org,TRUE
wlci.gov,TRUE
womenshealth.gov,TRUE
workforcesecurity.doleta.gov,TRUE
worldwar1centennial.org,TRUE
wrcc.osmre.gov,TRUE
wwiimemorial.com,TRUE
yorkmedia.com,TRUE
youthrules.dol.gov,TRUE
www2.fmc.gov,TRUE
www2a.cdc.gov,TRUE
www2c.cdc.gov,TRUE
wwwn.cdc.gov,TRUE
wwwnc.cdc.gov,TRUE
wwww.help.consumerfinance.gov,TRUE
xcams.ornl.gov,TRUE
youmatterlifeline.tumblr.com,TRUE
yourtickettowork.ssa.gov,TRUE