target_url,source_list_search_gov
10millionpatents.uspto.gov,TRUE
10x.gsa.gov,TRUE
18f.gsa.gov,TRUE
2001-2009.commerce.gov,TRUE
2009-2017.state.gov,TRUE
2010-2014.commerce.gov,TRUE
2012-2017.usaid.gov,TRUE
2014-2017.commerce.gov,TRUE
2017-2021.commerce.gov,TRUE
2017-2021.state.gov,TRUE
aas.gsa.gov,TRUE
abilityone.oversight.gov,TRUE
abra.dc.gov,TRUE
access.afsc.noaa.gov,TRUE
accessibility.18f.gov,TRUE
accessibility.digital.gov,TRUE
adlnet.gov,TRUE
adviserinfo.sec.gov,TRUE
ae.usembassy.gov,TRUE
af.usembassy.gov,TRUE
agents.floodsmart.gov,TRUE
agile.18f.gov,TRUE
aglab.ars.usda.gov,TRUE
aglabstaging.arsnet.usda.gov,TRUE
ai.fmcsa.dot.gov,TRUE
al.usembassy.gov,TRUE
allofus.nih.gov,TRUE
alt.ngs.noaa.gov,TRUE
amdar.noaa.gov,TRUE
americansamoa.noaa.gov,TRUE
americorps.gov,TRUE
annotation.blogs.archives.gov,TRUE
aotus.blogs.archives.gov,TRUE
apod.nasa.gov,TRUE
ar.usembassy.gov,TRUE
archive.ada.gov,TRUE
archives.drugabuse.gov,TRUE
arctic.noaa.gov,TRUE
arlweb.msha.gov,TRUE
asean.usmission.gov,TRUE
aspr.hhs.gov,TRUE
asprtracie.hhs.gov,TRUE
assets.mcc.gov,TRUE
at.usembassy.gov,TRUE
au.usembassy.gov,TRUE
az.usembassy.gov,TRUE
basicresearch.defense.gov,TRUE
bb.usembassy.gov,TRUE
be.usembassy.gov,TRUE
before-you-ship.18f.gov,TRUE
benefits-tool.usa.gov,TRUE
benefits.va.gov,TRUE
bep.gov,TRUE
beta.access-board.gov,TRUE
beta.ada.gov,TRUE
beta.consumerfinance.gov,TRUE
beta.get.gov,TRUE
beta.mbda.gov,TRUE
beta.nasa.gov,TRUE
beta.ncd.gov,TRUE
beta.nsf.gov,TRUE
beta.science.nasa.gov,TRUE
beta.ssa.gov,TRUE
beta.tsp.gov,TRUE
betobaccofree.hhs.gov,TRUE
bf.usembassy.gov,TRUE
bh.usembassy.gov,TRUE
bhw.hrsa.gov,TRUE
bigdatawg.nist.gov,TRUE
bit.niddk.nih.gov,TRUE
bja.ojp.gov,TRUE
bjs.gov,TRUE
blog.ed.gov,TRUE
blog.marinedebris.noaa.gov,TRUE
blog.response.restoration.noaa.gov,TRUE
blog.samhsa.gov,TRUE
blog.ssa.gov,TRUE
blog.usaid.gov,TRUE
blogs.nasa.gov,TRUE
bloodstemcell.hrsa.gov,TRUE
bm.usconsulate.gov,TRUE
bo.usembassy.gov,TRUE
bphc.hrsa.gov,TRUE
br.usembassy.gov,TRUE
bs.usembassy.gov,TRUE
buildbackbetter.gov,TRUE
bz.usembassy.gov,TRUE
cameo.noaa.gov,TRUE
cameochemicals.noaa.gov,TRUE
carbon2018.globalchange.gov,TRUE
careers.occ.gov,TRUE
careers.secretservice.gov,TRUE
careers.state.gov,TRUE
carto.nwave.noaa.gov,TRUE
carve.ornl.gov,TRUE
casedocuments.darrp.noaa.gov,TRUE
catalog.archives.gov,TRUE
catalog.nhlbi.nih.gov,TRUE
catalog.usmint.gov,TRUE
cc.nih.gov,TRUE
ccb.gov,TRUE
cdhc.noaa.gov,TRUE
cdn.earthdata.nasa.gov,TRUE
cdn.sit.earthdata.nasa.gov,TRUE
cdn.uat.earthdata.nasa.gov,TRUE
celebrating200years.noaa.gov,TRUE
cetsound.noaa.gov,TRUE
cfsadashboard.dc.gov,TRUE
cg-dae9433e-23a0-46d7-bafb-dc79d2d3756c.app.cloud.gov,TRUE
cg.usembassy.gov,TRUE
channelislands.noaa.gov,TRUE
charts.noaa.gov,TRUE
chemdata.nist.gov,TRUE
chemm.hhs.gov,TRUE
choose.va.gov,TRUE
choosework.ssa.gov,TRUE
ci.noaa.gov,TRUE
ci.usembassy.gov,TRUE
cic.gsa.gov,TRUE
ciencia.nasa.gov,TRUE
ciflow.nssl.noaa.gov,TRUE
civilrights.justice.gov,TRUE
cldp.doc.gov,TRUE
clearinghouse.marinedebris.noaa.gov,TRUE
climate.nasa.gov,TRUE
climate.noaa.gov,TRUE
clintonwhitehouse1.archives.gov,TRUE
clintonwhitehouse2.archives.gov,TRUE
clintonwhitehouse3.archives.gov,TRUE
clintonwhitehouse4.archives.gov,TRUE
clintonwhitehouse6.archives.gov,TRUE
cloud.gov,TRUE
cm.usembassy.gov,TRUE
cmr.earthdata.nasa.gov,TRUE
cnrfc.noaa.gov,TRUE
co.usembassy.gov,TRUE
coast.noaa.gov,TRUE
coastalscience.noaa.gov,TRUE
coastwatch.glerl.noaa.gov,TRUE
coastwatch.noaa.gov,TRUE
coastwatch.pfeg.noaa.gov,TRUE
code.gov,TRUE
collegescorecard.ed.gov,TRUE
comptroller.defense.gov,TRUE
connectedcare.va.gov,TRUE
consumer.ftc.gov,TRUE
content-guide.18f.gov,TRUE
cops.usdoj.gov,TRUE
coralreef.gov,TRUE
coralreef.noaa.gov,TRUE
covid19community.nih.gov,TRUE
cpo.noaa.gov,TRUE
crd.lbl.gov,TRUE
cs.lbl.gov,TRUE
csrc.nist.gov,TRUE
cttso.gov,TRUE
cwcaribbean.aoml.noaa.gov,TRUE
cy.usembassy.gov,TRUE
daac-news.ornl.gov,TRUE
daac.ornl.gov,TRUE
data.globalchange.gov,TRUE
data.nal.usda.gov,TRUE
dcra.dc.gov,TRUE
de.usembassy.gov,TRUE
declassification.blogs.archives.gov,TRUE
demo-er2epz2vb.18f.gov,TRUE
demo.identityequitystudy.gsa.gov,TRUE
demo.pic.gov,TRUE
demo.smartpay.gsa.gov,TRUE
demo.tmf.cio.gov,TRUE
department.va.gov,TRUE
derisking-guide.18f.gov,TRUE
designsystem.digital.gov,TRUE
dev.fec.gov,TRUE
developer.va.gov,TRUE
developers.login.gov,TRUE
devicepki.idmanagement.gov,TRUE
dhcf.dc.gov,TRUE
digital.gov,TRUE
digitalcorps.gsa.gov,TRUE
directorsawards.hr.nih.gov,TRUE
diversity.nih.gov,TRUE
dk.usembassy.gov,TRUE
docs.nersc.gov,TRUE
dod.defense.gov,TRUE
donaciondeorganos.gov,TRUE
downsyndrome.nih.gov,TRUE
dpcld.defense.gov,TRUE
drive.hhs.gov,TRUE
earthdata.nasa.gov,TRUE
earthobservatory.nasa.gov,TRUE
eastcoast.coastwatch.noaa.gov,TRUE
ebccp.cancercontrol.cancer.gov,TRUE
ecf.mssd.uscourts.gov,TRUE
education.blogs.archives.gov,TRUE
efile.fara.gov,TRUE
egov.uscis.gov,TRUE
empowerprogram.hhs.gov,TRUE
engineering.18f.gov,TRUE
eosweb.larc.nasa.gov,TRUE
era.nih.gov,TRUE
es.medicare.gov,TRUE
es.usembassy.gov,TRUE
espanol.epa.gov,TRUE
espanol.mentalhealth.gov,TRUE
espanol.nichd.nih.gov,TRUE
everytrycounts.betobaccorfree.gov,TRUE
extapps2.oge.gov,TRUE
faq.ssa.gov,TRUE
farmtoschoolcensus.fns.usda.gov,TRUE
fdr.blogs.archives.gov,TRUE
fec-prod-proxy.app.cloud.gov,TRUE
federalist.18f.gov,TRUE
fedsim.gsa.gov,TRUE
fi.usembassy.gov,TRUE
files.asprtracie.hhs.gov,TRUE
fiscal.treasury.gov,TRUE
fj.usembassy.gov,TRUE
flowergarden.noaa.gov,TRUE
fm.usembassy.gov,TRUE
foia.blogs.archives.gov,TRUE
foiadocuments.uspto.gov,TRUE
founders.archives.gov,TRUE
fr.usembassy.gov,TRUE
frtib.gov,TRUE
fsapartners.ed.gov,TRUE
ge.usembassy.gov,TRUE
geneva.usmission.gov,TRUE
geodesy.noaa.gov,TRUE
georgewbush-whitehouse.archives.gov,TRUE
get.gov,TRUE
ghrc.nsstc.nasa.gov,TRUE
gm.usembassy.gov,TRUE
gn.usembassy.gov,TRUE
gq.usembassy.gov,TRUE
gravelocator.cem.va.gov,TRUE
grow.exim.gov,TRUE
gt.usembassy.gov,TRUE
guides.18f.gov,TRUE
hab.hrsa.gov,TRUE
handbook.tts.gsa.gov,TRUE
heal.nih.gov,TRUE
health2016.globalchange.gov,TRUE
healthyeating.nhlbi.nih.gov,TRUE
help.nfc.usda.gov,TRUE
help.senate.gov,TRUE
highways.dot.gov,TRUE
historicalcharts.noaa.gov,TRUE
history.nasa.gov,TRUE
historycollection.jsc.nasa.gov,TRUE
historyhub.history.gov,TRUE
home.treasury.gov,TRUE
hoover.archives.gov,TRUE
hoover.blogs.archives.gov,TRUE
hr.usembassy.gov,TRUE
hudapps.hud.gov,TRUE
i5k.nal.usda.gov,TRUE
ictbaseline.access-board.gov,TRUE
identityequitystudy.gsa.gov,TRUE
ie.usembassy.gov,TRUE
ifap.ed.gov,TRUE
infocenter.nimh.nih.gov,TRUE
innovation.cms.gov,TRUE
inquiry.vba.va.gov,TRUE
inside.nssl.noaa.gov,TRUE
iocm.noaa.gov,TRUE
ioos.noaa.gov,TRUE
ipassessment.uspto.gov,TRUE
iq.usembassy.gov,TRUE
ir.eia.gov,TRUE
ir.usembassy.gov,TRUE
iris.custhelp.va.gov,TRUE
irp.nih.gov,TRUE
isoo.blogs.archives.gov,TRUE
itap.gov,TRUE
its.ntia.gov,TRUE
itvmo.gsa.gov,TRUE
iucrc.nsf.gov,TRUE
iuufishing.noaa.gov,TRUE
jfk.blogs.archives.gov,TRUE
jm.usembassy.gov,TRUE
jp.usembassy.gov,TRUE
ke.usembassy.gov,TRUE
kg.usembassy.gov,TRUE
km.usembassy.gov,TRUE
kr.usembassy.gov,TRUE
kw.usembassy.gov,TRUE
kz.usembassy.gov,TRUE
la.usembassy.gov,TRUE
lb.usembassy.gov,TRUE
letsmove.obamawhitehouse.archives.gov,TRUE
lincs.ed.gov,TRUE
login.gov,TRUE
lpdaac.usgs.gov,TRUE
lr.usembassy.gov,TRUE
ls.usembassy.gov,TRUE
lu.usembassy.gov,TRUE
ly.usembassy.gov,TRUE
madis-data.bldr.ncep.noaa.gov,TRUE
magazine.medlineplus.gov,TRUE
management.cio.gov,TRUE
marinedebris.noaa.gov,TRUE
mars.nasa.gov,TRUE
materialsdata.nist.gov,TRUE
mchb.hrsa.gov,TRUE
media.ca7.uscourts.gov,TRUE
media.defense.gov,TRUE
medlineplus.gov,TRUE
methods.18f.gov,TRUE
mg.usembassy.gov,TRUE
minerva.defense.gov,TRUE
mobile.va.gov,TRUE
modis.ornl.gov,TRUE
montereybay.noaa.gov,TRUE
mt.usembassy.gov,TRUE
museum.archives.gov,TRUE
museum.dea.gov,TRUE
mw.usembassy.gov,TRUE
mx.usembassy.gov,TRUE
my.uscis.gov,TRUE
my.usembassy.gov,TRUE
mz.usembassy.gov,TRUE
narations.blogs.archives.gov,TRUE
nato.usmission.gov,TRUE
nauticalcharts.noaa.gov,TRUE
nca2014.globalchange.gov,TRUE
nca2018.globalchange.gov,TRUE
ncsacw.acf.hhs.gov,TRUE
ncsacw.samhsa.gov,TRUE
ndb.nal.usda.gov,TRUE
ne.usembassy.gov,TRUE
nesr.usda.gov,TRUE
newbornscreening.hrsa.gov,TRUE
news.nnlm.gov,TRUE
newsinhealth.nih.gov,TRUE
nfc.usda.gov,TRUE
nfipservices.floodsmart.gov,TRUE
ng.usembassy.gov,TRUE
nhsc.hrsa.gov,TRUE
ni.usembassy.gov,TRUE
niccs.cisa.gov,TRUE
niccs.us-cert.gov,TRUE
nida.nih.gov,TRUE
nih-oite-experiments-staging.app.cloud.gov,TRUE
nihrecord.nih.gov,TRUE
nij.ojp.gov,TRUE
nnlm.gov,TRUE
no.usembassy.gov,TRUE
nosc.noaa.gov,TRUE
nowcoast.noaa.gov,TRUE
np.usembassy.gov,TRUE
npdb.hrsa.gov,TRUE
nrcs.rancher.usda.gov,TRUE
nrcs.staging.platform.usda.gov,TRUE
nrcs.usda.gov,TRUE
nz.usembassy.gov,TRUE
oacu.oir.nih.gov,TRUE
obamawhitehouse.archives.gov,TRUE
oceanexplorer.noaa.gov,TRUE
oceanservice.noaa.gov,TRUE
oceantoday.noaa.gov,TRUE
oceanwatch.noaa.gov,TRUE
oceanwatch.pifsc.noaa.gov,TRUE
ods.od.nih.gov,TRUE
oes.gsa.gov,TRUE
oese.ed.gov,TRUE
ofac.treasury.gov,TRUE
oha.ed.gov,TRUE
oig-demo.ssa.gov,TRUE
oig-files.ssa.gov,TRUE
oig.hhs.gov,TRUE
oig.justice.gov,TRUE
oig.ssa.gov,TRUE
oig.treasury.gov,TRUE
oig.usaid.gov,TRUE
oir.nih.gov,TRUE
ojjdp.ojp.gov,TRUE
olaw.nih.gov,TRUE
onrr.gov,TRUE
open.obamawhitehouse.archives.gov,TRUE
orise.orau.gov,TRUE
orwh.od.nih.gov,TRUE
pa.usembassy.gov,TRUE
pacer.uscourts.gov,TRUE
pacs.idmanagement.gov,TRUE
pages.nist.gov,TRUE
palestinianaffairs.state.gov,TRUE
partnershipforpatients.cms.gov,TRUE
pe.usembassy.gov,TRUE
pg.usembassy.gov,TRUE
ph.usembassy.gov,TRUE
photojournal.jpl.nasa.gov,TRUE
pk.usembassy.gov,TRUE
plainlanguage.gov,TRUE
playbooks.idmanagement.gov,TRUE
plus.nasa.gov,TRUE
podaac.jpl.nasa.gov,TRUE
poisonhelp.hrsa.gov,TRUE
policy.cio.gov,TRUE
portal.challenge.gov,TRUE
presidentialinnovationfellows.gov,TRUE
preview.uscis.gov,TRUE
prhome.defense.gov,TRUE
prod.stb.gov,TRUE
product-guide.18f.gov,TRUE
professionalstandards.fns.usda.gov,TRUE
prologue.blogs.archives.gov,TRUE
psl.noaa.gov,TRUE
public-sans.digital.gov,TRUE
publications.america.gov,TRUE
pw.usembassy.gov,TRUE
qa-www.oversight.gov,TRUE
qa.usembassy.gov,TRUE
qosap.research.noaa.gov,TRUE
qpp.cms.gov,TRUE
railroads.dot.gov,TRUE
reagan.blogs.archives.gov,TRUE
records-express.blogs.archives.gov,TRUE
recycling.gsa.gov,TRUE
rediscovering-black-history.blogs.archives.gov,TRUE
regulations-pilot.cms.gov,TRUE
reitoolkit.dc.gov,TRUE
remm.hhs.gov,TRUE
repository.library.noaa.gov,TRUE
research.noaa.gov,TRUE
researchfestival.nih.gov,TRUE
researchtraining.nih.gov,TRUE
resources.data.gov,TRUE
rhc.dc.gov,TRUE
rs.usembassy.gov,TRUE
rspcb.safety.fhwa.dot.gov,TRUE
ryanwhite.hrsa.gov,TRUE
sa.usembassy.gov,TRUE
safetosleep.nichd.nih.gov,TRUE
sample.usembassy.gov,TRUE
sample2.usembassy.gov,TRUE
sanctuaries.noaa.gov,TRUE
science.nasa.gov,TRUE
science2017.globalchange.gov,TRUE
science3.nasa.gov,TRUE
scientificdiscoveries.ars.usda.gov,TRUE
scientificdiscoveriesstaging.arsnet.usda.gov,TRUE
scinet.usda.gov,TRUE
se.usembassy.gov,TRUE
search.ams.usda.gov,TRUE
search.gov,TRUE
seedfund.nsf.gov,TRUE
sftool.gov,TRUE
sg.usembassy.gov,TRUE
shop.nist.gov,TRUE
si.usembassy.gov,TRUE
simplereport.gov,TRUE
sites.ed.gov,TRUE
situationroom.archives.gov,TRUE
smartpay.gsa.gov,TRUE
sn.usembassy.gov,TRUE
snaped.fns.usda.gov,TRUE
snaptoskills.fns.usda.gov,TRUE
so.usembassy.gov,TRUE
solarsystem.nasa.gov,TRUE
sos.noaa.gov,TRUE
spaceflight.nasa.gov,TRUE
spdf.gsfc.nasa.gov,TRUE
spin.niddk.nih.gov,TRUE
ssabest.benefits.gov,TRUE
stopbullying.gov,TRUE
store.samhsa.gov,TRUE
studentaid.ed.gov,TRUE
studentaid.gov,TRUE
sy.usembassy.gov,TRUE
sz.usembassy.gov,TRUE
tailored.fedramp.gov,TRUE
tcvs.fiscal.treasury.gov,TRUE
td.usembassy.gov,TRUE
tech.ed.gov,TRUE
teens.drugabuse.gov,TRUE
telehealth.hhs.gov,TRUE
test-public.mspb.gov,TRUE
text-message.blogs.archives.gov,TRUE
therealcost.betobaccofree.hhs.gov,TRUE
ticdata.treasury.gov,TRUE
tidesandcurrents.noaa.gov,TRUE
tmf.cio.gov,TRUE
toolkit.climate.gov,TRUE
toxtown.nlm.nih.gov,TRUE
transforming-classification.blogs.archives.gov,TRUE
treasurydirect.gov,TRUE
trumpwhitehouse.archives.gov,TRUE
tt.usembassy.gov,TRUE
uat.earthdata.nasa.gov,TRUE
uk.usembassy.gov,TRUE
umesc.usgs.gov,TRUE
unwritten-record.blogs.archives.gov,TRUE
us-cert.cisa.gov,TRUE
useu.usmission.gov,TRUE
usoecd.usmission.gov,TRUE
ussm.gsa.gov,TRUE
usun.usmission.gov,TRUE
usunrome.usmission.gov,TRUE
ux-guide.18f.gov,TRUE
va.usembassy.gov,TRUE
vaonce.vba.va.gov,TRUE
ve.usembassy.gov,TRUE
vienna.usmission.gov,TRUE
vlab.noaa.gov,TRUE
vn.usembassy.gov,TRUE
vote.gov,TRUE
vrss.va.gov,TRUE
wcc.sc.egov.usda.gov,TRUE
webforms.fec.gov,TRUE
wicbreastfeeding.fns.usda.gov,TRUE
wicworks.fns.usda.gov,TRUE
ws.usembassy.gov,TRUE
www-staging.nasa.gov,TRUE
9-11commission.gov,TRUE
access-board.gov,TRUE
accessdata.fda.gov,TRUE
accesstocare.va.gov,TRUE
acquisitionacademy.va.gov,TRUE
ada.gov,TRUE
adr.gov,TRUE
alaska.va.gov,TRUE
albany.va.gov,TRUE
albuquerque.va.gov,TRUE
alexandria.va.gov,TRUE
altoona.va.gov,TRUE
amarillo.va.gov,TRUE
americorps.gov,TRUE
amputation.research.va.gov,TRUE
annarbor.hsrd.research.va.gov,TRUE
annarbor.research.va.gov,TRUE
annarbor.va.gov,TRUE
aoml.noaa.gov,TRUE
aphis.usda.gov,TRUE
apprenticeship.gov,TRUE
aptcenter.research.va.gov,TRUE
archives.gov,TRUE
are.uscourts.gov,TRUE
arep.uscourts.gov,TRUE
ars.usda.gov,TRUE
asheville.va.gov,TRUE
atf.gov,TRUE
atlanta.va.gov,TRUE
augusta.va.gov,TRUE
avreap.research.va.gov,TRUE
bath.va.gov,TRUE
battlecreek.va.gov,TRUE
baypines.va.gov,TRUE
beckley.va.gov,TRUE
bedford.va.gov,TRUE
benefits.gov,TRUE
bep.gov,TRUE
bigspring.va.gov,TRUE
biloxi.va.gov,TRUE
biometrics.cbp.gov,TRUE
birmingham.va.gov,TRUE
bjs.gov,TRUE
blackhills.va.gov,TRUE
blm.gov,TRUE
blogs.va.gov,TRUE
boise.va.gov,TRUE
bop.gov,TRUE
boston.va.gov,TRUE
bronx.va.gov,TRUE
brrc.research.va.gov,TRUE
buffalo.va.gov,TRUE
butler.va.gov,TRUE
bva.va.gov,TRUE
ca7.uscourts.gov,TRUE
cacb.uscourts.gov,TRUE
cadre.research.va.gov,TRUE
caep.uscourts.gov,TRUE
campusdrugprevention.gov,TRUE
canandaigua.va.gov,TRUE
cancer.gov,TRUE
caregiver.va.gov,TRUE
caribbean.va.gov,TRUE
cbp.gov,TRUE
cc.nih.gov,TRUE
ccdor.research.va.gov,TRUE
cdc.gov,TRUE
cdfifund.gov,TRUE
cdo.gov,TRUE
cem.va.gov,TRUE
census.gov,TRUE
centralalabama.va.gov,TRUE
centraliowa.va.gov,TRUE
centraltexas.va.gov,TRUE
centralwesternmass.va.gov,TRUE
cerc.research.va.gov,TRUE
cfa.gov,TRUE
cfm.va.gov,TRUE
cfo.gov,TRUE
challenge.gov,TRUE
charleston.va.gov,TRUE
cherp.research.va.gov,TRUE
cheyenne.va.gov,TRUE
chic.research.va.gov,TRUE
chicago.va.gov,TRUE
chillicothe.va.gov,TRUE
choir.research.va.gov,TRUE
ci2i.research.va.gov,TRUE
cia.gov,TRUE
cider.research.va.gov,TRUE
cincinnati.va.gov,TRUE
cindrr.research.va.gov,TRUE
cio.gov,TRUE
cisa.gov,TRUE
cit.uscourts.gov,TRUE
citizenscience.gov,TRUE
clarksburg.va.gov,TRUE
cldp.doc.gov,TRUE
cleveland.va.gov,TRUE
climate.gov,TRUE
cmc3.research.va.gov,TRUE
cms.gov,TRUE
cmts.gov,TRUE
coatesville.va.gov,TRUE
collegedrinkingprevention.gov,TRUE
columbiamo.va.gov,TRUE
columbiasc.va.gov,TRUE
columbus.va.gov,TRUE
commerce.gov,TRUE
connecticut.va.gov,TRUE
consumer.ftc.gov,TRUE
consumerfinance.gov,TRUE
copyright.gov,TRUE
crimesolutions.gov,TRUE
cshiip.research.va.gov,TRUE
cttso.gov,TRUE
cuidadodesalud.gov,TRUE
cvb.uscourts.gov,TRUE
danville.va.gov,TRUE
dataprivacyframework.gov,TRUE
dayton.va.gov,TRUE
dea.gov,TRUE
defense.gov,TRUE
denver.va.gov,TRUE
desertpacific.va.gov,TRUE
detroit.va.gov,TRUE
dhs.gov,TRUE
dietaryguidelines.gov,TRUE
dieteticinternship.va.gov,TRUE
disasterassistance.gov,TRUE
diversity.va.gov,TRUE
doi.gov,TRUE
dol.gov,TRUE
drought.gov,TRUE
drugabuse.gov,TRUE
dublin.va.gov,TRUE
durham.hsrd.research.va.gov,TRUE
durham.va.gov,TRUE
ea.oit.va.gov,TRUE
ebenefits.va.gov,TRUE
eda.gov,TRUE
ehrm.va.gov,TRUE
eia.gov,TRUE
eisenhowerlibrary.gov,TRUE
elpaso.va.gov,TRUE
energy.va.gov,TRUE
energystar.gov,TRUE
environment.fhwa.dot.gov,TRUE
epa.gov,TRUE
epilepsy.va.gov,TRUE
era.nih.gov,TRUE
erie.va.gov,TRUE
ers.usda.gov,TRUE
ethics.va.gov,TRUE
evaluation.gov,TRUE
exim.gov,TRUE
faa.gov,TRUE
fargo.va.gov,TRUE
farmers.gov,TRUE
fayettevillear.va.gov,TRUE
fayettevillenc.va.gov,TRUE
fbi.gov,TRUE
fbijobs.gov,TRUE
fcsm.gov,TRUE
fda.gov,TRUE
fdic.gov,TRUE
fec.gov,TRUE
fedramp.gov,TRUE
fema.gov,TRUE
fhwa.dot.gov,TRUE
fic.nih.gov,TRUE
fincen.gov,TRUE
fisheries.noaa.gov,TRUE
fishwatch.gov,TRUE
flnb.uscourts.gov,TRUE
floodsmart.gov,TRUE
flsd.uscourts.gov,TRUE
fmcsa.dot.gov,TRUE
fns.usda.gov,TRUE
foia.gov,TRUE
foodsafety.gov,TRUE
fordlibrarymuseum.gov,TRUE
fpacbc.usda.gov,TRUE
fpc.gov,TRUE
fresno.va.gov,TRUE
frtib.gov,TRUE
fs.usda.gov,TRUE
fsc.va.gov,TRUE
fsis.usda.gov,TRUE
fss.va.gov,TRUE
ftc.gov,TRUE
fws.gov,TRUE
gand.uscourts.gov,TRUE
genome.gov,TRUE
getsmartaboutdrugs.gov,TRUE
gibill.va.gov,TRUE
goes-r.gov,TRUE
goes.noaa.gov,TRUE
govloans.gov,TRUE
gps.gov,TRUE
grandjunction.va.gov,TRUE
gsa.gov,TRUE
hampton.va.gov,TRUE
hawaii.va.gov,TRUE
healthcare.gov,TRUE
healthquality.va.gov,TRUE
heartoftexas.va.gov,TRUE
help.senate.gov,TRUE
helpwithmybank.gov,TRUE
hepatitis.va.gov,TRUE
herc.research.va.gov,TRUE
hhs.gov,TRUE
hines.va.gov,TRUE
hiv.gov,TRUE
hiv.va.gov,TRUE
hive.gov,TRUE
houston.hsrd.research.va.gov,TRUE
houston.va.gov,TRUE
hrsa.gov,TRUE
hsrd.research.va.gov,TRUE
hud.gov,TRUE
hudsonvalley.va.gov,TRUE
huntington.va.gov,TRUE
iaf.gov,TRUE
ice.gov,TRUE
idmanagement.gov,TRUE
ihs.gov,TRUE
imls.gov,TRUE
indianapolis.va.gov,TRUE
innovation.va.gov,TRUE
invasivespeciesinfo.gov,TRUE
investor.gov,TRUE
iowacity.va.gov,TRUE
ironmountain.va.gov,TRUE
irs.gov,TRUE
irsauctions.gov,TRUE
itap.gov,TRUE
itl.nist.gov,TRUE
its.dot.gov,TRUE
jackson.va.gov,TRUE
jimmycarterlibrary.gov,TRUE
jpl.nasa.gov,TRUE
jpml.uscourts.gov,TRUE
justice.gov,TRUE
justthinktwice.gov,TRUE
jwst.nasa.gov,TRUE
kansascity.va.gov,TRUE
lasvegas.va.gov,TRUE
lawb.uscourts.gov,TRUE
leavenworth.va.gov,TRUE
lebanon.va.gov,TRUE
lep.gov,TRUE
lexington.va.gov,TRUE
littlerock.va.gov,TRUE
lomalinda.va.gov,TRUE
longbeach.va.gov,TRUE
losangeles.va.gov,TRUE
louisville.va.gov,TRUE
lovell.fhcc.va.gov,TRUE
lrp.nih.gov,TRUE
mad.uscourts.gov,TRUE
madison.va.gov,TRUE
maine.va.gov,TRUE
makinghomeaffordable.gov,TRUE
manchester.va.gov,TRUE
marion.va.gov,TRUE
maritime.dot.gov,TRUE
martinsburg.va.gov,TRUE
maryland.va.gov,TRUE
mbda.gov,TRUE
mcc.gov,TRUE
medicaid.gov,TRUE
medicalcountermeasures.gov,TRUE
medicare.gov,TRUE
memphis.va.gov,TRUE
mentalhealth.gov,TRUE
mentalhealth.va.gov,TRUE
miami.va.gov,TRUE
milwaukee.va.gov,TRUE
minneapolis.va.gov,TRUE
mirecc.va.gov,TRUE
moeb.uscourts.gov,TRUE
moneyfactory.gov,TRUE
montana.va.gov,TRUE
mountainhome.va.gov,TRUE
move.va.gov,TRUE
mow.uscourts.gov,TRUE
msha.gov,TRUE
msnb.uscourts.gov,TRUE
msnd.uscourts.gov,TRUE
mspb.gov,TRUE
mssd.uscourts.gov,TRUE
mssp.uscourts.gov,TRUE
muskogee.va.gov,TRUE
myhealth.va.gov,TRUE
mymoney.gov,TRUE
myplate.gov,TRUE
nal.usda.gov,TRUE
nasa.gov,TRUE
nass.usda.gov,TRUE
nccih.nih.gov,TRUE
nccoe.nist.gov,TRUE
ncdc.noaa.gov,TRUE
ncddc.noaa.gov,TRUE
ncei.noaa.gov,TRUE
ncjrs.gov,TRUE
ncrar.research.va.gov,TRUE
ncwba.uscourts.gov,TRUE
nebraska.va.gov,TRUE
ned.uscourts.gov,TRUE
nei.nih.gov,TRUE
nep.uscourts.gov,TRUE
nersc.gov,TRUE
nesdis.noaa.gov,TRUE
newengland.va.gov,TRUE
newjersey.va.gov,TRUE
neworleans.va.gov,TRUE
ngdc.noaa.gov,TRUE
ngs.noaa.gov,TRUE
nhlbi.nih.gov,TRUE
nhtsa.gov,TRUE
nia.nih.gov,TRUE
niaaa.nih.gov,TRUE
niaid.nih.gov,TRUE
niams.nih.gov,TRUE
nichd.nih.gov,TRUE
nidcd.nih.gov,TRUE
nidcr.nih.gov,TRUE
niddk.nih.gov,TRUE
niehs.nih.gov,TRUE
niem.gov,TRUE
nih.gov,TRUE
nimh.nih.gov,TRUE
nimhd.nih.gov,TRUE
ninds.nih.gov,TRUE
ninr.nih.gov,TRUE
nist.gov,TRUE
nixonlibrary.gov,TRUE
njd.uscourts.gov,TRUE
nnlm.gov,TRUE
noaa.gov,TRUE
nodc.noaa.gov,TRUE
northerncalifornia.va.gov,TRUE
northernindiana.va.gov,TRUE
northflorida.va.gov,TRUE
northport.va.gov,TRUE
northtexas.va.gov,TRUE
npdb.hrsa.gov,TRUE
nps.gov,TRUE
nrc.gov,TRUE
nrcs.usda.gov,TRUE
nro.gov,TRUE
nsa.gov,TRUE
nsf.gov,TRUE
ntia.doc.gov,TRUE
ntia.gov,TRUE
nutrition.gov,TRUE
nutrition.va.gov,TRUE
nwbc.gov,TRUE
nyharbor.va.gov,TRUE
oalj.dol.gov,TRUE
obamalibrary.gov,TRUE
obesityresearch.nih.gov,TRUE
occ.gov,TRUE
oedca.va.gov,TRUE
oefoif.va.gov,TRUE
ofia.gov,TRUE
oge.gov,TRUE
oig.dhs.gov,TRUE
oit.va.gov,TRUE
ojjdp.gov,TRUE
oklahoma.va.gov,TRUE
oknb.uscourts.gov,TRUE
omao.noaa.gov,TRUE
onhir.gov,TRUE
onrr.gov,TRUE
opm.gov,TRUE
oprm.va.gov,TRUE
organdonor.gov,TRUE
orlando.va.gov,TRUE
osha.gov,TRUE
osp.va.gov,TRUE
ourdocuments.gov,TRUE
oversight.gov,TRUE
paloalto.va.gov,TRUE
papahanaumokuakea.gov,TRUE
parkinsons.va.gov,TRUE
patientcare.va.gov,TRUE
patientsafety.va.gov,TRUE
pawd.uscourts.gov,TRUE
pay.va.gov,TRUE
pbm.va.gov,TRUE
pbrb.gov,TRUE
pcb.its.dot.gov,TRUE
peprec.research.va.gov,TRUE
performance.gov,TRUE
philadelphia.va.gov,TRUE
phmsa.dot.gov,TRUE
phoenix.va.gov,TRUE
pic.gov,TRUE
planning.dot.gov,TRUE
pmel.noaa.gov,TRUE
polytrauma.va.gov,TRUE
poplarbluff.va.gov,TRUE
portland.va.gov,TRUE
portlandcoin.research.va.gov,TRUE
prescott.va.gov,TRUE
prevention.va.gov,TRUE
prosthetics.va.gov,TRUE
providence.va.gov,TRUE
psychologytraining.va.gov,TRUE
ptsd.va.gov,TRUE
publichealth.va.gov,TRUE
pugetsound.va.gov,TRUE
qualityandsafety.va.gov,TRUE
queri.research.va.gov,TRUE
rcv.va.gov,TRUE
rd.usda.gov,TRUE
ready.gov,TRUE
reaganlibrary.gov,TRUE
remm.hhs.gov,TRUE
reno.va.gov,TRUE
research.iowa-city.med.va.gov,TRUE
research.va.gov,TRUE
rethinkingdrinking.niaaa.nih.gov,TRUE
richmond.va.gov,TRUE
rid.uscourts.gov,TRUE
roseburg.va.gov,TRUE
rural.gov,TRUE
ruralhealth.va.gov,TRUE
saferfederalworkforce.gov,TRUE
saginaw.va.gov,TRUE
salem.va.gov,TRUE
salisbury.va.gov,TRUE
saltlakecity.va.gov,TRUE
samhsa.gov,TRUE
sandia.gov,TRUE
sandiego.va.gov,TRUE
sanfrancisco.va.gov,TRUE
scb.uscourts.gov,TRUE
schoolsafety.gov,TRUE
sci.va.gov,TRUE
seattle.eric.research.va.gov,TRUE
seattledenvercoin.research.va.gov,TRUE
seaway.dot.gov,TRUE
sec.gov,TRUE
secretservice.gov,TRUE
section508.gov,TRUE
section508.va.gov,TRUE
sep.va.gov,TRUE
sheridan.va.gov,TRUE
shreveport.va.gov,TRUE
sigpr.gov,TRUE
sigtarp.gov,TRUE
simlearn.va.gov,TRUE
simplereport.gov,TRUE
siouxfalls.va.gov,TRUE
socialwork.va.gov,TRUE
southeast.va.gov,TRUE
southernoregon.va.gov,TRUE
southtexas.va.gov,TRUE
spc.noaa.gov,TRUE
spectrum.niaaa.nih.gov,TRUE
spokane.va.gov,TRUE
ssa.gov,TRUE
ssab.gov,TRUE
sss.gov,TRUE
standards.its.dot.gov,TRUE
state.gov,TRUE
stateoig.gov,TRUE
statspolicy.gov,TRUE
stb.gov,TRUE
stcloud.va.gov,TRUE
stlouis.va.gov,TRUE
stopalcoholabuse.gov,TRUE
stopbullying.gov,TRUE
syracuse.va.gov,TRUE
tampa.va.gov,TRUE
tennesseevalley.va.gov,TRUE
texasvalley.va.gov,TRUE
tigta.gov,TRUE
tneb.uscourts.gov,TRUE
tomah.va.gov,TRUE
topeka.va.gov,TRUE
transit.dot.gov,TRUE
transportation.gov,TRUE
treasury.gov,TRUE
treasurydirect.gov,TRUE
tsa.gov,TRUE
tsp.gov,TRUE
ttb.gov,TRUE
tucson.va.gov,TRUE
tuscaloosa.va.gov,TRUE
usa.gov,TRUE
usability.gov,TRUE
usaid.gov,TRUE
usbr.gov,TRUE
uscc.gov,TRUE
uscis.gov,TRUE
uscourts.gov,TRUE
usda.gov,TRUE
usfa.fema.gov,TRUE
usgs.gov,TRUE
usmarshals.gov,TRUE
usmint.gov,TRUE
uspsoig.gov,TRUE
uspto.gov,TRUE
utb.uscourts.gov,TRUE
va.gov,TRUE
vacareers.va.gov,TRUE
vacsp.research.va.gov,TRUE
vaforvets.va.gov,TRUE
valu.va.gov,TRUE
vaoig.gov,TRUE
vcf.gov,TRUE
vetcenter.va.gov,TRUE
veteranshealthlibrary.va.gov,TRUE
veterantraining.va.gov,TRUE
virec.research.va.gov,TRUE
vision.research.va.gov,TRUE
visn10.va.gov,TRUE
visn12.va.gov,TRUE
visn15.va.gov,TRUE
visn16.va.gov,TRUE
visn19.va.gov,TRUE
visn2.va.gov,TRUE
visn20.med.va.gov,TRUE
visn21.va.gov,TRUE
visn23.va.gov,TRUE
visn4.va.gov,TRUE
visn6.va.gov,TRUE
visn8.va.gov,TRUE
visn9.va.gov,TRUE
volpe.dot.gov,TRUE
volunteer.va.gov,TRUE
wallawalla.va.gov,TRUE
warrelatedillness.va.gov,TRUE
washingtondc.va.gov,TRUE
westpalmbeach.va.gov,TRUE
whistleblowers.gov,TRUE
whiteriver.va.gov,TRUE
wichita.va.gov,TRUE
wilkes-barre.va.gov,TRUE
wilmington.va.gov,TRUE
wiwb.uscourts.gov,TRUE
womenshealth.va.gov,TRUE
worker.gov,TRUE
wvsd.uscourts.gov,TRUE
wwtg.gov,TRUE
www2.ed.gov,TRUE
www3.cvb.uscourts.gov,TRUE
www3.nasa.gov,TRUE
www7.transportation.gov,TRUE
wwwtest.ssa.gov,TRUE
yali.state.gov,TRUE
ye.usembassy.gov,TRUE
ylai.state.gov,TRUE
yourtickettowork.ssa.gov,TRUE
za.usembassy.gov,TRUE
zm.usembassy.gov,TRUE
zw.usembassy.gov,TRUE