target_url,base_domain,branch,agency,agency_code,bureau,bureau_code,source_list_federal_domains,source_list_dap,source_list_pulse,source_list_other
amtrakoig.gov,amtrakoig.gov,,,,,,,,,
acus.gov,acus.gov,,,,,,,,,
achp.gov,achp.gov,,,,,,,,,
preserveamerica.gov,preserveamerica.gov,,,,,,,,,
abmc.gov,abmc.gov,,,,,,,,,
abmcscholar.gov,abmcscholar.gov,,,,,,,,,
nationalmall.gov,nationalmall.gov,,,,,,,,,
arc.gov,arc.gov,,,,,,,,,
asc.gov,asc.gov,,,,,,,,,
afrh.gov,afrh.gov,,,,,,,,,
goldwaterscholarship.gov,goldwaterscholarship.gov,,,,,,,,,
cia.gov,cia.gov,,,,,,,,,
ic.gov,ic.gov,,,,,,,,,
istac.gov,istac.gov,,,,,,,,,
odci.gov,odci.gov,,,,,,,,,
opensource.gov,opensource.gov,,,,,,,,,
osde.gov,osde.gov,,,,,,,,,
ucia.gov,ucia.gov,,,,,,,,,
csb.gov,csb.gov,,,,,,,,,
safetyvideos.gov,safetyvideos.gov,,,,,,,,,
cftc.gov,cftc.gov,,,,,,,,,
smartcheck.gov,smartcheck.gov,,,,,,,,,
whistleblower.gov,whistleblower.gov,,,,,,,,,
bcfp.gov,bcfp.gov,,,,,,,,,
cfpa.gov,cfpa.gov,,,,,,,,,
cfpb.gov,cfpb.gov,,,,,,,,,
consumerbureau.gov,consumerbureau.gov,,,,,,,,,
consumerfinance.gov,consumerfinance.gov,,,,,,,,,
consumerfinancial.gov,consumerfinancial.gov,,,,,,,,,
consumerfinancialbureau.gov,consumerfinancialbureau.gov,,,,,,,,,
consumerfinancialprotectionbureau.gov,consumerfinancialprotectionbureau.gov,,,,,,,,,
consumerprotection.gov,consumerprotection.gov,,,,,,,,,
consumerprotectionbureau.gov,consumerprotectionbureau.gov,,,,,,,,,
mimm.gov,mimm.gov,,,,,,,,,
anchorit.gov,anchorit.gov,,,,,,,,,
atvsafety.gov,atvsafety.gov,,,,,,,,,
cpsc.gov,cpsc.gov,,,,,,,,,
drywallresponse.gov,drywallresponse.gov,,,,,,,,,
poolsafely.gov,poolsafely.gov,,,,,,,,,
poolsafety.gov,poolsafety.gov,,,,,,,,,
recalls.gov,recalls.gov,,,,,,,,,
saferproduct.gov,saferproduct.gov,,,,,,,,,
saferproducts.gov,saferproducts.gov,,,,,,,,,
seguridadconsumidor.gov,seguridadconsumidor.gov,,,,,,,,,
americorps.gov,americorps.gov,,,,,,,,,
americorpsoig.gov,americorpsoig.gov,,,,,,,,,
ccc.gov,ccc.gov,,,,,,,,,
cncs.gov,cncs.gov,,,,,,,,,
cncsoig.gov,cncsoig.gov,,,,,,,,,
cns.gov,cns.gov,,,,,,,,,
joinamericorps.gov,joinamericorps.gov,,,,,,,,,
mentor.gov,mentor.gov,,,,,,,,,
mlkday.gov,mlkday.gov,,,,,,,,,
nationalservice.gov,nationalservice.gov,,,,,,,,,
presidentialserviceawards.gov,presidentialserviceawards.gov,,,,,,,,,
serve.gov,serve.gov,,,,,,,,,
vistacampus.gov,vistacampus.gov,,,,,,,,,
volunteeringinamerica.gov,volunteeringinamerica.gov,,,,,,,,,
cigie.gov,cigie.gov,,,,,,,,,
ignet.gov,ignet.gov,,,,,,,,,
oversight.gov,oversight.gov,,,,,,,,,
pandemicoversight.gov,pandemicoversight.gov,,,,,,,,,
csosa.gov,csosa.gov,,,,,,,,,
pretrialservices.gov,pretrialservices.gov,,,,,,,,,
psa.gov,psa.gov,,,,,,,,,
dnfsb.gov,dnfsb.gov,,,,,,,,,
dra.gov,dra.gov,,,,,,,,,
denali.gov,denali.gov,,,,,,,,,
2020census.gov,2020census.gov,,,,,,,,,
ap.gov,ap.gov,,,,,,,,,
aviationweather.gov,aviationweather.gov,,,,,,,,,
bea.gov,bea.gov,,,,,,,,,
bis.gov,bis.gov,,,,,,,,,
bldrdoc.gov,bldrdoc.gov,,,,,,,,,
buyusa.gov,buyusa.gov,,,,,,,,,
census.gov,census.gov,,,,,,,,,
chips.gov,chips.gov,,,,,,,,,
climate.gov,climate.gov,,,,,,,,,
commerce.gov,commerce.gov,,,,,,,,,
cwc.gov,cwc.gov,,,,,,,,,
dataprivacyframework.gov,dataprivacyframework.gov,,,,,,,,,
dnsops.gov,dnsops.gov,,,,,,,,,
doc.gov,doc.gov,,,,,,,,,
drought.gov,drought.gov,,,,,,,,,
eda.gov,eda.gov,,,,,,,,,
edison.gov,edison.gov,,,,,,,,,
export.gov,export.gov,,,,,,,,,
firstnet.gov,firstnet.gov,,,,,,,,,
fishwatch.gov,fishwatch.gov,,,,,,,,,
goes-r.gov,goes-r.gov,,,,,,,,,
gps.gov,gps.gov,,,,,,,,,
heat.gov,heat.gov,,,,,,,,,
hurricanes.gov,hurricanes.gov,,,,,,,,,
icams-portal.gov,icams-portal.gov,,,,,,,,,
iedison.gov,iedison.gov,,,,,,,,,
internet4all.gov,internet4all.gov,,,,,,,,,
internetforall.gov,internetforall.gov,,,,,,,,,
luca-appeals.gov,luca-appeals.gov,,,,,,,,,
manufacturing.gov,manufacturing.gov,,,,,,,,,
marinecadastre.gov,marinecadastre.gov,,,,,,,,,
mbda.gov,mbda.gov,,,,,,,,,
mgi.gov,mgi.gov,,,,,,,,,
my2020census.gov,my2020census.gov,,,,,,,,,
nehrp.gov,nehrp.gov,,,,,,,,,
nist.gov,nist.gov,,,,,,,,,
noaa.gov,noaa.gov,,,,,,,,,
ntia.gov,ntia.gov,,,,,,,,,
ntis.gov,ntis.gov,,,,,,,,,
nwirp.gov,nwirp.gov,,,,,,,,,
ofcm.gov,ofcm.gov,,,,,,,,,
papahanaumokuakea.gov,papahanaumokuakea.gov,,,,,,,,,
privacyshield.gov,privacyshield.gov,,,,,,,,,
pscr.gov,pscr.gov,,,,,,,,,
sdr.gov,sdr.gov,,,,,,,,,
selectusa.gov,selectusa.gov,,,,,,,,,
semiconductors.gov,semiconductors.gov,,,,,,,,,
spaceweather.gov,spaceweather.gov,,,,,,,,,
spd15revision.gov,spd15revision.gov,,,,,,,,,
spectrum.gov,spectrum.gov,,,,,,,,,
standards.gov,standards.gov,,,,,,,,,
stopfakes.gov,stopfakes.gov,,,,,,,,,
sworm.gov,sworm.gov,,,,,,,,,
tasefiling.gov,tasefiling.gov,,,,,,,,,
time.gov,time.gov,,,,,,,,,
trade.gov,trade.gov,,,,,,,,,
tsunami.gov,tsunami.gov,,,,,,,,,
usicecenter.gov,usicecenter.gov,,,,,,,,,
uspto.gov,uspto.gov,,,,,,,,,
weather.gov,weather.gov,,,,,,,,,
wwtg.gov,wwtg.gov,,,,,,,,,
xd.gov,xd.gov,,,,,,,,,
adlnet.gov,adlnet.gov,,,,,,,,,
aftac.gov,aftac.gov,,,,,,,,,
altusandc.gov,altusandc.gov,,,,,,,,,
businessdefense.gov,businessdefense.gov,,,,,,,,,
cap.gov,cap.gov,,,,,,,,,
capnhq.gov,capnhq.gov,,,,,,,,,
cmts.gov,cmts.gov,,,,,,,,,
cnss.gov,cnss.gov,,,,,,,,,
ctoc.gov,ctoc.gov,,,,,,,,,
cttso.gov,cttso.gov,,,,,,,,,
dc3on.gov,dc3on.gov,,,,,,,,,
defense.gov,defense.gov,,,,,,,,,
fehrm.gov,fehrm.gov,,,,,,,,,
fvap.gov,fvap.gov,,,,,,,,,
hive.gov,hive.gov,,,,,,,,,
iad.gov,iad.gov,,,,,,,,,
intelligencecareers.gov,intelligencecareers.gov,,,,,,,,,
ioss.gov,ioss.gov,,,,,,,,,
itc.gov,itc.gov,,,,,,,,,
iwtsd.gov,iwtsd.gov,,,,,,,,,
jccs.gov,jccs.gov,,,,,,,,,
lps.gov,lps.gov,,,,,,,,,
mtmc.gov,mtmc.gov,,,,,,,,,
mypay.gov,mypay.gov,,,,,,,,,
nationalresourcedirectory.gov,nationalresourcedirectory.gov,,,,,,,,,
nbib.gov,nbib.gov,,,,,,,,,
nrd.gov,nrd.gov,,,,,,,,,
nro.gov,nro.gov,,,,,,,,,
nsa.gov,nsa.gov,,,,,,,,,
nsep.gov,nsep.gov,,,,,,,,,
oea.gov,oea.gov,,,,,,,,,
oldcc.gov,oldcc.gov,,,,,,,,,
tak.gov,tak.gov,,,,,,,,,
tswg.gov,tswg.gov,,,,,,,,,
usandc.gov,usandc.gov,,,,,,,,,
budgetlob.gov,budgetlob.gov,,,,,,,,,
childstats.gov,childstats.gov,,,,,,,,,
collegenavigator.gov,collegenavigator.gov,,,,,,,,,
ed.gov,ed.gov,,,,,,,,,
fafsa.gov,fafsa.gov,,,,,,,,,
g5.gov,g5.gov,,,,,,,,,
nagb.gov,nagb.gov,,,,,,,,,
nationsreportcard.gov,nationsreportcard.gov,,,,,,,,,
studentaid.gov,studentaid.gov,,,,,,,,,
studentloans.gov,studentloans.gov,,,,,,,,,
ameslab.gov,ameslab.gov,,,,,,,,,
anl.gov,anl.gov,,,,,,,,,
arm.gov,arm.gov,,,,,,,,,
biomassboard.gov,biomassboard.gov,,,,,,,,,
bnl.gov,bnl.gov,,,,,,,,,
bpa.gov,bpa.gov,,,,,,,,,
buildingamerica.gov,buildingamerica.gov,,,,,,,,,
casl.gov,casl.gov,,,,,,,,,
cebaf.gov,cebaf.gov,,,,,,,,,
cendi.gov,cendi.gov,,,,,,,,,
doe.gov,doe.gov,,,,,,,,,
driveelectric.gov,driveelectric.gov,,,,,,,,,
eia.gov,eia.gov,,,,,,,,,
energy.gov,energy.gov,,,,,,,,,
energycodes.gov,energycodes.gov,,,,,,,,,
energycommunities.gov,energycommunities.gov,,,,,,,,,
energysaver.gov,energysaver.gov,,,,,,,,,
energysavers.gov,energysavers.gov,,,,,,,,,
fnal.gov,fnal.gov,,,,,,,,,
fueleconomy.gov,fueleconomy.gov,,,,,,,,,
hanford.gov,hanford.gov,,,,,,,,,
homeenergyscore.gov,homeenergyscore.gov,,,,,,,,,
hydrogen.gov,hydrogen.gov,,,,,,,,,
inel.gov,inel.gov,,,,,,,,,
inl.gov,inl.gov,,,,,,,,,
isotope.gov,isotope.gov,,,,,,,,,
isotopes.gov,isotopes.gov,,,,,,,,,
lanl.gov,lanl.gov,,,,,,,,,
lbl.gov,lbl.gov,,,,,,,,,
llnl.gov,llnl.gov,,,,,,,,,
nccs.gov,nccs.gov,,,,,,,,,
ncrc.gov,ncrc.gov,,,,,,,,,
nersc.gov,nersc.gov,,,,,,,,,
neup.gov,neup.gov,,,,,,,,,
nnss.gov,nnss.gov,,,,,,,,,
nrel.gov,nrel.gov,,,,,,,,,
nrelhub.gov,nrelhub.gov,,,,,,,,,
ntrc.gov,ntrc.gov,,,,,,,,,
nuclear.gov,nuclear.gov,,,,,,,,,
orau.gov,orau.gov,,,,,,,,,
ornl.gov,ornl.gov,,,,,,,,,
osti.gov,osti.gov,,,,,,,,,
pcast.gov,pcast.gov,,,,,,,,,
pnl.gov,pnl.gov,,,,,,,,,
pnnl.gov,pnnl.gov,,,,,,,,,
pppl.gov,pppl.gov,,,,,,,,,
pppo.gov,pppo.gov,,,,,,,,,
rl.gov,rl.gov,,,,,,,,,
sandia.gov,sandia.gov,,,,,,,,,
scidac.gov,scidac.gov,,,,,,,,,
science.gov,science.gov,,,,,,,,,
smartgrid.gov,smartgrid.gov,,,,,,,,,
sns.gov,sns.gov,,,,,,,,,
solardecathlon.gov,solardecathlon.gov,,,,,,,,,
srnl.gov,srnl.gov,,,,,,,,,
srs.gov,srs.gov,,,,,,,,,
swpa.gov,swpa.gov,,,,,,,,,
unnpp.gov,unnpp.gov,,,,,,,,,
unrpnet.gov,unrpnet.gov,,,,,,,,,
wapa.gov,wapa.gov,,,,,,,,,
ymp.gov,ymp.gov,,,,,,,,,
988.gov,988.gov,,,,,,,,,
acf.gov,acf.gov,,,,,,,,,
acl.gov,acl.gov,,,,,,,,,
afterschool.gov,afterschool.gov,,,,,,,,,
aging.gov,aging.gov,,,,,,,,,
agingstats.gov,agingstats.gov,,,,,,,,,
ahcpr.gov,ahcpr.gov,,,,,,,,,
ahrq.gov,ahrq.gov,,,,,,,,,
aids.gov,aids.gov,,,,,,,,,
alzheimers.gov,alzheimers.gov,,,,,,,,,
aoa.gov,aoa.gov,,,,,,,,,
arpa-h.gov,arpa-h.gov,,,,,,,,,
arpah.gov,arpah.gov,,,,,,,,,
bam.gov,bam.gov,,,,,,,,,
betobaccofree.gov,betobaccofree.gov,,,,,,,,,
bioethics.gov,bioethics.gov,,,,,,,,,
birthcontrol.gov,birthcontrol.gov,,,,,,,,,
brain.gov,brain.gov,,,,,,,,,
brainhealth.gov,brainhealth.gov,,,,,,,,,
cancer.gov,cancer.gov,,,,,,,,,
cdc.gov,cdc.gov,,,,,,,,,
cdcpartners.gov,cdcpartners.gov,,,,,,,,,
cerebrosano.gov,cerebrosano.gov,,,,,,,,,
childcare.gov,childcare.gov,,,,,,,,,
childwelfare.gov,childwelfare.gov,,,,,,,,,
clinicaltrial.gov,clinicaltrial.gov,,,,,,,,,
clinicaltrials.gov,clinicaltrials.gov,,,,,,,,,
cms.gov,cms.gov,,,,,,,,,
collegedrinkingprevention.gov,collegedrinkingprevention.gov,,,,,,,,,
coronavirus.gov,coronavirus.gov,,,,,,,,,
covid.gov,covid.gov,,,,,,,,,
covidtest.gov,covidtest.gov,,,,,,,,,
covidtests.gov,covidtests.gov,,,,,,,,,
cuidadodesalud.gov,cuidadodesalud.gov,,,,,,,,,
dhhs.gov,dhhs.gov,,,,,,,,,
diabetescommittee.gov,diabetescommittee.gov,,,,,,,,,
docline.gov,docline.gov,,,,,,,,,
donaciondeorganos.gov,donaciondeorganos.gov,,,,,,,,,
drugabuse.gov,drugabuse.gov,,,,,,,,,
eldercare.gov,eldercare.gov,,,,,,,,,
everytrycounts.gov,everytrycounts.gov,,,,,,,,,
familyplanning.gov,familyplanning.gov,,,,,,,,,
fatherhood.gov,fatherhood.gov,,,,,,,,,
fda.gov,fda.gov,,,,,,,,,
findtreatment.gov,findtreatment.gov,,,,,,,,,
fitness.gov,fitness.gov,,,,,,,,,
flu.gov,flu.gov,,,,,,,,,
foodsafety.gov,foodsafety.gov,,,,,,,,,
freshempire.gov,freshempire.gov,,,,,,,,,
fruitsandveggiesmatter.gov,fruitsandveggiesmatter.gov,,,,,,,,,
genome.gov,genome.gov,,,,,,,,,
girlshealth.gov,girlshealth.gov,,,,,,,,,
globalhealth.gov,globalhealth.gov,,,,,,,,,
gmta.gov,gmta.gov,,,,,,,,,
grants.gov,grants.gov,,,,,,,,,
grantsolutions.gov,grantsolutions.gov,,,,,,,,,
guideline.gov,guideline.gov,,,,,,,,,
guidelines.gov,guidelines.gov,,,,,,,,,
hc.gov,hc.gov,,,,,,,,,
health.gov,health.gov,,,,,,,,,
healthcare.gov,healthcare.gov,,,,,,,,,
healthdata.gov,healthdata.gov,,,,,,,,,
healthfinder.gov,healthfinder.gov,,,,,,,,,
healthindicators.gov,healthindicators.gov,,,,,,,,,
healthit.gov,healthit.gov,,,,,,,,,
healthypeople.gov,healthypeople.gov,,,,,,,,,
hearttruth.gov,hearttruth.gov,,,,,,,,,
hhs.gov,hhs.gov,,,,,,,,,
hhsoig.gov,hhsoig.gov,,,,,,,,,
hhsops.gov,hhsops.gov,,,,,,,,,
hiv.gov,hiv.gov,,,,,,,,,
hrsa.gov,hrsa.gov,,,,,,,,,
idealab.gov,idealab.gov,,,,,,,,,
ihs.gov,ihs.gov,,,,,,,,,
insurekidsnow.gov,insurekidsnow.gov,,,,,,,,,
longtermcare.gov,longtermcare.gov,,,,,,,,,
medicaid.gov,medicaid.gov,,,,,,,,,
medicalbillrights.gov,medicalbillrights.gov,,,,,,,,,
medicalcountermeasures.gov,medicalcountermeasures.gov,,,,,,,,,
medicare.gov,medicare.gov,,,,,,,,,
medlineplus.gov,medlineplus.gov,,,,,,,,,
mentalhealth.gov,mentalhealth.gov,,,,,,,,,
mesh.gov,mesh.gov,,,,,,,,,
mymedicare.gov,mymedicare.gov,,,,,,,,,
ncifcrf.gov,ncifcrf.gov,,,,,,,,,
nextlegends.gov,nextlegends.gov,,,,,,,,,
nih.gov,nih.gov,,,,,,,,,
niosh.gov,niosh.gov,,,,,,,,,
nlm.gov,nlm.gov,,,,,,,,,
nnlm.gov,nnlm.gov,,,,,,,,,
opioids.gov,opioids.gov,,,,,,,,,
organdonor.gov,organdonor.gov,,,,,,,,,
pandemicflu.gov,pandemicflu.gov,,,,,,,,,
phe.gov,phe.gov,,,,,,,,,
psc.gov,psc.gov,,,,,,,,,
pubmed.gov,pubmed.gov,,,,,,,,,
recoverymonth.gov,recoverymonth.gov,,,,,,,,,
reproductivehealthservices.gov,reproductivehealthservices.gov,,,,,,,,,
samhsa.gov,samhsa.gov,,,,,,,,,
selectagents.gov,selectagents.gov,,,,,,,,,
simplereport.gov,simplereport.gov,,,,,,,,,
smokefree.gov,smokefree.gov,,,,,,,,,
stopalcoholabuse.gov,stopalcoholabuse.gov,,,,,,,,,
stopbullying.gov,stopbullying.gov,,,,,,,,,
surgeongeneral.gov,surgeongeneral.gov,,,,,,,,,
thebraininitiative.gov,thebraininitiative.gov,,,,,,,,,
therealcost.gov,therealcost.gov,,,,,,,,,
thisfreelife.gov,thisfreelife.gov,,,,,,,,,
tobacco.gov,tobacco.gov,,,,,,,,,
tox21.gov,tox21.gov,,,,,,,,,
usbm.gov,usbm.gov,,,,,,,,,
usphs.gov,usphs.gov,,,,,,,,,
vaccine.gov,vaccine.gov,,,,,,,,,
vaccines.gov,vaccines.gov,,,,,,,,,
vacine.gov,vacine.gov,,,,,,,,,
vacines.gov,vacines.gov,,,,,,,,,
vacuna.gov,vacuna.gov,,,,,,,,,
vacunas.gov,vacunas.gov,,,,,,,,,
whaging.gov,whaging.gov,,,,,,,,,
whitehouseconferenceonaging.gov,whitehouseconferenceonaging.gov,,,,,,,,,
womenshealth.gov,womenshealth.gov,,,,,,,,,
youth.gov,youth.gov,,,,,,,,,
biometrics.gov,biometrics.gov,,,,,,,,,
cbp.gov,cbp.gov,,,,,,,,,
cisa.gov,cisa.gov,,,,,,,,,
cpnireporting.gov,cpnireporting.gov,,,,,,,,,
cyber.gov,cyber.gov,,,,,,,,,
cybersecurity.gov,cybersecurity.gov,,,,,,,,,
dhs.gov,dhs.gov,,,,,,,,,
disasterassistance.gov,disasterassistance.gov,,,,,,,,,
dotgov.gov,dotgov.gov,,,,,,,,,
e-verify.gov,e-verify.gov,,,,,,,,,
everify.gov,everify.gov,,,,,,,,,
evus.gov,evus.gov,,,,,,,,,
fema.gov,fema.gov,,,,,,,,,
firstrespondertraining.gov,firstrespondertraining.gov,,,,,,,,,
fleta.gov,fleta.gov,,,,,,,,,
fletc.gov,fletc.gov,,,,,,,,,
floodsmart.gov,floodsmart.gov,,,,,,,,,
get.gov,get.gov,,,,,,,,,
globalentry.gov,globalentry.gov,,,,,,,,,
homelandsecurity.gov,homelandsecurity.gov,,,,,,,,,
ice.gov,ice.gov,,,,,,,,,
juntos.gov,juntos.gov,,,,,,,,,
listo.gov,listo.gov,,,,,,,,,
nic.gov,nic.gov,,,,,,,,,
niem.gov,niem.gov,,,,,,,,,
nmsc.gov,nmsc.gov,,,,,,,,,
power2prevent.gov,power2prevent.gov,,,,,,,,,
preventionresourcefinder.gov,preventionresourcefinder.gov,,,,,,,,,
ready.gov,ready.gov,,,,,,,,,
readybusiness.gov,readybusiness.gov,,,,,,,,,
safetyact.gov,safetyact.gov,,,,,,,,,
schoolsafety.gov,schoolsafety.gov,,,,,,,,,
secretservice.gov,secretservice.gov,,,,,,,,,
stopransomware.gov,stopransomware.gov,,,,,,,,,
together.gov,together.gov,,,,,,,,,
tsa.gov,tsa.gov,,,,,,,,,
us-cert.gov,us-cert.gov,,,,,,,,,
uscg.gov,uscg.gov,,,,,,,,,
uscis.gov,uscis.gov,,,,,,,,,
usss.gov,usss.gov,,,,,,,,,
disasterhousing.gov,disasterhousing.gov,,,,,,,,,
fha.gov,fha.gov,,,,,,,,,
ginniemae.gov,ginniemae.gov,,,,,,,,,
hud.gov,hud.gov,,,,,,,,,
hudhomestore.gov,hudhomestore.gov,,,,,,,,,
hudoig.gov,hudoig.gov,,,,,,,,,
huduser.gov,huduser.gov,,,,,,,,,
nationalhousing.gov,nationalhousing.gov,,,,,,,,,
nationalhousinglocator.gov,nationalhousinglocator.gov,,,,,,,,,
nhl.gov,nhl.gov,,,,,,,,,
nls.gov,nls.gov,,,,,,,,,
opportunityzones.gov,opportunityzones.gov,,,,,,,,,
ada.gov,ada.gov,,,,,,,,,
amberalert.gov,amberalert.gov,,,,,,,,,
atf.gov,atf.gov,,,,,,,,,
atfonline.gov,atfonline.gov,,,,,,,,,
bats.gov,bats.gov,,,,,,,,,
biometriccoe.gov,biometriccoe.gov,,,,,,,,,
bja.gov,bja.gov,,,,,,,,,
bjs.gov,bjs.gov,,,,,,,,,
bop.gov,bop.gov,,,,,,,,,
campusdrugprevention.gov,campusdrugprevention.gov,,,,,,,,,
cjis.gov,cjis.gov,,,,,,,,,
crimesolutions.gov,crimesolutions.gov,,,,,,,,,
crimevictims.gov,crimevictims.gov,,,,,,,,,
cybercrime.gov,cybercrime.gov,,,,,,,,,
dea.gov,dea.gov,,,,,,,,,
deaecom.gov,deaecom.gov,,,,,,,,,
doj.gov,doj.gov,,,,,,,,,
dsac.gov,dsac.gov,,,,,,,,,
elderjustice.gov,elderjustice.gov,,,,,,,,,
epic.gov,epic.gov,,,,,,,,,
fara.gov,fara.gov,,,,,,,,,
fbi.gov,fbi.gov,,,,,,,,,
fbihr.gov,fbihr.gov,,,,,,,,,
fbijobs.gov,fbijobs.gov,,,,,,,,,
fbilab.gov,fbilab.gov,,,,,,,,,
firstfreedom.gov,firstfreedom.gov,,,,,,,,,
foia.gov,foia.gov,,,,,,,,,
forfeiture.gov,forfeiture.gov,,,,,,,,,
fpi.gov,fpi.gov,,,,,,,,,
getsmartaboutdrugs.gov,getsmartaboutdrugs.gov,,,,,,,,,
ic3.gov,ic3.gov,,,,,,,,,
interpol.gov,interpol.gov,,,,,,,,,
iprcenter.gov,iprcenter.gov,,,,,,,,,
jcode.gov,jcode.gov,,,,,,,,,
justice.gov,justice.gov,,,,,,,,,
justthinktwice.gov,justthinktwice.gov,,,,,,,,,
juvenilecouncil.gov,juvenilecouncil.gov,,,,,,,,,
learnatf.gov,learnatf.gov,,,,,,,,,
learndoj.gov,learndoj.gov,,,,,,,,,
leo.gov,leo.gov,,,,,,,,,
lep.gov,lep.gov,,,,,,,,,
malwareinvestigator.gov,malwareinvestigator.gov,,,,,,,,,
medalofvalor.gov,medalofvalor.gov,,,,,,,,,
namus.gov,namus.gov,,,,,,,,,
nationalgangcenter.gov,nationalgangcenter.gov,,,,,,,,,
ncirc.gov,ncirc.gov,,,,,,,,,
ncjrs.gov,ncjrs.gov,,,,,,,,,
nicic.gov,nicic.gov,,,,,,,,,
nicsezcheckfbi.gov,nicsezcheckfbi.gov,,,,,,,,,
nij.gov,nij.gov,,,,,,,,,
nmvtis.gov,nmvtis.gov,,,,,,,,,
nsopr.gov,nsopr.gov,,,,,,,,,
nsopw.gov,nsopw.gov,,,,,,,,,
nvtc.gov,nvtc.gov,,,,,,,,,
ojjdp.gov,ojjdp.gov,,,,,,,,,
ojp.gov,ojp.gov,,,,,,,,,
ovc.gov,ovc.gov,,,,,,,,,
ovcttac.gov,ovcttac.gov,,,,,,,,,
projectsafechildhood.gov,projectsafechildhood.gov,,,,,,,,,
projectsafeneighborhoods.gov,projectsafeneighborhoods.gov,,,,,,,,,
psob.gov,psob.gov,,,,,,,,,
rcfl.gov,rcfl.gov,,,,,,,,,
reentry.gov,reentry.gov,,,,,,,,,
scra.gov,scra.gov,,,,,,,,,
servicemembers.gov,servicemembers.gov,,,,,,,,,
smart.gov,smart.gov,,,,,,,,,
tribaljusticeandsafety.gov,tribaljusticeandsafety.gov,,,,,,,,,
tsc.gov,tsc.gov,,,,,,,,,
ucrdatatool.gov,ucrdatatool.gov,,,,,,,,,
unicor.gov,unicor.gov,,,,,,,,,
usdoj.gov,usdoj.gov,,,,,,,,,
userra.gov,userra.gov,,,,,,,,,
usmarshals.gov,usmarshals.gov,,,,,,,,,
vcf.gov,vcf.gov,,,,,,,,,
vehiclehistory.gov,vehiclehistory.gov,,,,,,,,,
apprenticeship.gov,apprenticeship.gov,,,,,,,,,
apprenticeships.gov,apprenticeships.gov,,,,,,,,,
benefits.gov,benefits.gov,,,,,,,,,
bls.gov,bls.gov,,,,,,,,,
disability.gov,disability.gov,,,,,,,,,
dol-esa.gov,dol-esa.gov,,,,,,,,,
dol.gov,dol.gov,,,,,,,,,
doleta.gov,doleta.gov,,,,,,,,,
employer.gov,employer.gov,,,,,,,,,
goodjobs.gov,goodjobs.gov,,,,,,,,,
govloans.gov,govloans.gov,,,,,,,,,
hirevets.gov,hirevets.gov,,,,,,,,,
jobcorps.gov,jobcorps.gov,,,,,,,,,
labor.gov,labor.gov,,,,,,,,,
msha.gov,msha.gov,,,,,,,,,
osha.gov,osha.gov,,,,,,,,,
persuader-reports.gov,persuader-reports.gov,,,,,,,,,
trainingproviderresults.gov,trainingproviderresults.gov,,,,,,,,,
ui.gov,ui.gov,,,,,,,,,
unemployment.gov,unemployment.gov,,,,,,,,,
unionreports.gov,unionreports.gov,,,,,,,,,
veterans.gov,veterans.gov,,,,,,,,,
whistleblowers.gov,whistleblowers.gov,,,,,,,,,
worker.gov,worker.gov,,,,,,,,,
wrp.gov,wrp.gov,,,,,,,,,
youthrules.gov,youthrules.gov,,,,,,,,,
america.gov,america.gov,,,,,,,,,
devtestfan1.gov,devtestfan1.gov,,,,,,,,,
fan.gov,fan.gov,,,,,,,,,
fsgb.gov,fsgb.gov,,,,,,,,,
iawg.gov,iawg.gov,,,,,,,,,
ibwc.gov,ibwc.gov,,,,,,,,,
osac.gov,osac.gov,,,,,,,,,
pepfar.gov,pepfar.gov,,,,,,,,,
preprodfan.gov,preprodfan.gov,,,,,,,,,
securitytestfan.gov,securitytestfan.gov,,,,,,,,,
state.gov,state.gov,,,,,,,,,
stateoig.gov,stateoig.gov,,,,,,,,,
supportfan.gov,supportfan.gov,,,,,,,,,
usaseanconnect.gov,usaseanconnect.gov,,,,,,,,,
usconsulate.gov,usconsulate.gov,,,,,,,,,
usdoscloud.gov,usdoscloud.gov,,,,,,,,,
usembassy.gov,usembassy.gov,,,,,,,,,
usmission.gov,usmission.gov,,,,,,,,,
911.gov,911.gov,,,,,,,,,
bts.gov,bts.gov,,,,,,,,,
distracteddriving.gov,distracteddriving.gov,,,,,,,,,
distraction.gov,distraction.gov,,,,,,,,,
dot.gov,dot.gov,,,,,,,,,
dotideahub.gov,dotideahub.gov,,,,,,,,,
ems.gov,ems.gov,,,,,,,,,
esc.gov,esc.gov,,,,,,,,,
faa.gov,faa.gov,,,,,,,,,
faasafety.gov,faasafety.gov,,,,,,,,,
flyhealthy.gov,flyhealthy.gov,,,,,,,,,
jccbi.gov,jccbi.gov,,,,,,,,,
nhtsa.gov,nhtsa.gov,,,,,,,,,
protectyourmove.gov,protectyourmove.gov,,,,,,,,,
safecar.gov,safecar.gov,,,,,,,,,
safeocs.gov,safeocs.gov,,,,,,,,,
safercar.gov,safercar.gov,,,,,,,,,
safertruck.gov,safertruck.gov,,,,,,,,,
sharetheroadsafely.gov,sharetheroadsafely.gov,,,,,,,,,
trafficsafetymarketing.gov,trafficsafetymarketing.gov,,,,,,,,,
transportation.gov,transportation.gov,,,,,,,,,
ehr.gov,ehr.gov,,,,,,,,,
reach.gov,reach.gov,,,,,,,,,
va.gov,va.gov,,,,,,,,,
vets.gov,vets.gov,,,,,,,,,
abandonedmines.gov,abandonedmines.gov,,,,,,,,,
acwi.gov,acwi.gov,,,,,,,,,
alaskacenters.gov,alaskacenters.gov,,,,,,,,,
anstaskforce.gov,anstaskforce.gov,,,,,,,,,
bia.gov,bia.gov,,,,,,,,,
blm.gov,blm.gov,,,,,,,,,
boem.gov,boem.gov,,,,,,,,,
boemre.gov,boemre.gov,,,,,,,,,
bor.gov,bor.gov,,,,,,,,,
bsee.gov,bsee.gov,,,,,,,,,
btfa.gov,btfa.gov,,,,,,,,,
conservation.gov,conservation.gov,,,,,,,,,
coralreef.gov,coralreef.gov,,,,,,,,,
cupcao.gov,cupcao.gov,,,,,,,,,
doi.gov,doi.gov,,,,,,,,,
doioig.gov,doioig.gov,,,,,,,,,
earthquake.gov,earthquake.gov,,,,,,,,,
evergladesrestoration.gov,evergladesrestoration.gov,,,,,,,,,
everykidoutdoors.gov,everykidoutdoors.gov,,,,,,,,,
fcg.gov,fcg.gov,,,,,,,,,
fgdc.gov,fgdc.gov,,,,,,,,,
firecode.gov,firecode.gov,,,,,,,,,
fireleadership.gov,fireleadership.gov,,,,,,,,,
firenet.gov,firenet.gov,,,,,,,,,
firescience.gov,firescience.gov,,,,,,,,,
fws.gov,fws.gov,,,,,,,,,
gcmrc.gov,gcmrc.gov,,,,,,,,,
geoplatform.gov,geoplatform.gov,,,,,,,,,
iat.gov,iat.gov,,,,,,,,,
indianaffairs.gov,indianaffairs.gov,,,,,,,,,
interior.gov,interior.gov,,,,,,,,,
invasivespecies.gov,invasivespecies.gov,,,,,,,,,
jem.gov,jem.gov,,,,,,,,,
lacoast.gov,lacoast.gov,,,,,,,,,
landfire.gov,landfire.gov,,,,,,,,,
landimaging.gov,landimaging.gov,,,,,,,,,
lca.gov,lca.gov,,,,,,,,,
lcrmscp.gov,lcrmscp.gov,,,,,,,,,
lmvsci.gov,lmvsci.gov,,,,,,,,,
mitigationcommission.gov,mitigationcommission.gov,,,,,,,,,
mms.gov,mms.gov,,,,,,,,,
mrlc.gov,mrlc.gov,,,,,,,,,
mtbs.gov,mtbs.gov,,,,,,,,,
nationalmap.gov,nationalmap.gov,,,,,,,,,
nbc.gov,nbc.gov,,,,,,,,,
nemi.gov,nemi.gov,,,,,,,,,
nfpors.gov,nfpors.gov,,,,,,,,,
nifc.gov,nifc.gov,,,,,,,,,
nps.gov,nps.gov,,,,,,,,,
onhir.gov,onhir.gov,,,,,,,,,
onrr.gov,onrr.gov,,,,,,,,,
osm.gov,osm.gov,,,,,,,,,
osmre.gov,osmre.gov,,,,,,,,,
piedrasblancas.gov,piedrasblancas.gov,,,,,,,,,
reportband.gov,reportband.gov,,,,,,,,,
rivers.gov,rivers.gov,,,,,,,,,
safecom.gov,safecom.gov,,,,,,,,,
salmonrecovery.gov,salmonrecovery.gov,,,,,,,,,
sciencebase.gov,sciencebase.gov,,,,,,,,,
sierrawild.gov,sierrawild.gov,,,,,,,,,
usbr.gov,usbr.gov,,,,,,,,,
usgs.gov,usgs.gov,,,,,,,,,
utahfireinfo.gov,utahfireinfo.gov,,,,,,,,,
volcano.gov,volcano.gov,,,,,,,,,
volunteer.gov,volunteer.gov,,,,,,,,,
watermonitor.gov,watermonitor.gov,,,,,,,,,
wlci.gov,wlci.gov,,,,,,,,,
ama.gov,ama.gov,,,,,,,,,
americathebeautifulquarters.gov,americathebeautifulquarters.gov,,,,,,,,,
asap.gov,asap.gov,,,,,,,,,
ayudaconmibanco.gov,ayudaconmibanco.gov,,,,,,,,,
bankanswers.gov,bankanswers.gov,,,,,,,,,
bankcustomer.gov,bankcustomer.gov,,,,,,,,,
bankcustomerassistance.gov,bankcustomerassistance.gov,,,,,,,,,
bankhelp.gov,bankhelp.gov,,,,,,,,,
banknet.gov,banknet.gov,,,,,,,,,
bep.gov,bep.gov,,,,,,,,,
bfem.gov,bfem.gov,,,,,,,,,
bondpro.gov,bondpro.gov,,,,,,,,,
ccac.gov,ccac.gov,,,,,,,,,
cdfifund.gov,cdfifund.gov,,,,,,,,,
complaintreferralexpress.gov,complaintreferralexpress.gov,,,,,,,,,
comptrollerofthecurrency.gov,comptrollerofthecurrency.gov,,,,,,,,,
directoasucuenta.gov,directoasucuenta.gov,,,,,,,,,
eaglecash.gov,eaglecash.gov,,,,,,,,,
eftps.gov,eftps.gov,,,,,,,,,
eta-find.gov,eta-find.gov,,,,,,,,,
ethicsburg.gov,ethicsburg.gov,,,,,,,,,
eyenote.gov,eyenote.gov,,,,,,,,,
federalinvestments.gov,federalinvestments.gov,,,,,,,,,
federalspending.gov,federalspending.gov,,,,,,,,,
fedinvest.gov,fedinvest.gov,,,,,,,,,
ffb.gov,ffb.gov,,,,,,,,,
financialresearch.gov,financialresearch.gov,,,,,,,,,
financialstability.gov,financialstability.gov,,,,,,,,,
fincen.gov,fincen.gov,,,,,,,,,
fsoc.gov,fsoc.gov,,,,,,,,,
godirect.gov,godirect.gov,,,,,,,,,
helpwithmybank.gov,helpwithmybank.gov,,,,,,,,,
helpwithmycheckingaccount.gov,helpwithmycheckingaccount.gov,,,,,,,,,
helpwithmycreditcard.gov,helpwithmycreditcard.gov,,,,,,,,,
helpwithmycreditcardbank.gov,helpwithmycreditcardbank.gov,,,,,,,,,
helpwithmymortgage.gov,helpwithmymortgage.gov,,,,,,,,,
helpwithmymortgagebank.gov,helpwithmymortgagebank.gov,,,,,,,,,
ipac.gov,ipac.gov,,,,,,,,,
ipp.gov,ipp.gov,,,,,,,,,
irs.gov,irs.gov,,,,,,,,,
irsauctions.gov,irsauctions.gov,,,,,,,,,
irsnet.gov,irsnet.gov,,,,,,,,,
irssales.gov,irssales.gov,,,,,,,,,
irsvideos.gov,irsvideos.gov,,,,,,,,,
its.gov,its.gov,,,,,,,,,
makinghomeaffordable.gov,makinghomeaffordable.gov,,,,,,,,,
mha.gov,mha.gov,,,,,,,,,
moneyfactory.gov,moneyfactory.gov,,,,,,,,,
moneyfactorystore.gov,moneyfactorystore.gov,,,,,,,,,
msb.gov,msb.gov,,,,,,,,,
myira.gov,myira.gov,,,,,,,,,
mymoney.gov,mymoney.gov,,,,,,,,,
myra.gov,myra.gov,,,,,,,,,
mytreasury.gov,mytreasury.gov,,,,,,,,,
nationalbank.gov,nationalbank.gov,,,,,,,,,
nationalbankhelp.gov,nationalbankhelp.gov,,,,,,,,,
nationalbanknet.gov,nationalbanknet.gov,,,,,,,,,
navycash.gov,navycash.gov,,,,,,,,,
occ.gov,occ.gov,,,,,,,,,
occhelps.gov,occhelps.gov,,,,,,,,,
occnet.gov,occnet.gov,,,,,,,,,
ots.gov,ots.gov,,,,,,,,,
patriotbonds.gov,patriotbonds.gov,,,,,,,,,
pay.gov,pay.gov,,,,,,,,,
qatesttwai.gov,qatesttwai.gov,,,,,,,,,
savingsbond.gov,savingsbond.gov,,,,,,,,,
savingsbonds.gov,savingsbonds.gov,,,,,,,,,
savingsbondwizard.gov,savingsbondwizard.gov,,,,,,,,,
sigpr.gov,sigpr.gov,,,,,,,,,
sigtarp.gov,sigtarp.gov,,,,,,,,,
slgs.gov,slgs.gov,,,,,,,,,
taaps.gov,taaps.gov,,,,,,,,,
tax.gov,tax.gov,,,,,,,,,
tcis.gov,tcis.gov,,,,,,,,,
tigta.gov,tigta.gov,,,,,,,,,
tigtanet.gov,tigtanet.gov,,,,,,,,,
transparency.gov,transparency.gov,,,,,,,,,
treas.gov,treas.gov,,,,,,,,,
treaslockbox.gov,treaslockbox.gov,,,,,,,,,
treasury.gov,treasury.gov,,,,,,,,,
treasuryauction.gov,treasuryauction.gov,,,,,,,,,
treasuryauctions.gov,treasuryauctions.gov,,,,,,,,,
treasurydirect.gov,treasurydirect.gov,,,,,,,,,
treasuryecm.gov,treasuryecm.gov,,,,,,,,,
treasuryhunt.gov,treasuryhunt.gov,,,,,,,,,
treasuryscams.gov,treasuryscams.gov,,,,,,,,,
ttb.gov,ttb.gov,,,,,,,,,
ttbonline.gov,ttbonline.gov,,,,,,,,,
ttlplus.gov,ttlplus.gov,,,,,,,,,
twai.gov,twai.gov,,,,,,,,,
usaspending.gov,usaspending.gov,,,,,,,,,
usdebitcard.gov,usdebitcard.gov,,,,,,,,,
usmint.gov,usmint.gov,,,,,,,,,
ustreas.gov,ustreas.gov,,,,,,,,,
wizard.gov,wizard.gov,,,,,,,,,
workplace.gov,workplace.gov,,,,,,,,,
ce-ncsc.gov,ce-ncsc.gov,,,,,,,,,
dni.gov,dni.gov,,,,,,,,,
famep.gov,famep.gov,,,,,,,,,
iarpa-ideas.gov,iarpa-ideas.gov,,,,,,,,,
iarpa.gov,iarpa.gov,,,,,,,,,
icjointduty.gov,icjointduty.gov,,,,,,,,,
intel.gov,intel.gov,,,,,,,,,
intelink.gov,intelink.gov,,,,,,,,,
intelligence.gov,intelligence.gov,,,,,,,,,
ise.gov,ise.gov,,,,,,,,,
ncix.gov,ncix.gov,,,,,,,,,
ncsc.gov,ncsc.gov,,,,,,,,,
nctc.gov,nctc.gov,,,,,,,,,
odni.gov,odni.gov,,,,,,,,,
osis.gov,osis.gov,,,,,,,,,
ugov.gov,ugov.gov,,,,,,,,,
eac.gov,eac.gov,,,,,,,,,
helpamericavote.gov,helpamericavote.gov,,,,,,,,,
votebymail.gov,votebymail.gov,,,,,,,,,
airknowledge.gov,airknowledge.gov,,,,,,,,,
airnow.gov,airnow.gov,,,,,,,,,
cbi-epa.gov,cbi-epa.gov,,,,,,,,,
energystar.gov,energystar.gov,,,,,,,,,
epa.gov,epa.gov,,,,,,,,,
epaoig.gov,epaoig.gov,,,,,,,,,
fedcenter.gov,fedcenter.gov,,,,,,,,,
foiaonline.gov,foiaonline.gov,,,,,,,,,
frtr.gov,frtr.gov,,,,,,,,,
glnpo.gov,glnpo.gov,,,,,,,,,
greengov.gov,greengov.gov,,,,,,,,,
relocatefeds.gov,relocatefeds.gov,,,,,,,,,
sustainability.gov,sustainability.gov,,,,,,,,,
urbanwaters.gov,urbanwaters.gov,,,,,,,,,
eeoc.gov,eeoc.gov,,,,,,,,,
accedeainternet.gov,accedeainternet.gov,,,,,,,,,
ai.gov,ai.gov,,,,,,,,,
budget.gov,budget.gov,,,,,,,,,
build.gov,build.gov,,,,,,,,,
buildbackbetter.gov,buildbackbetter.gov,,,,,,,,,
childtaxcredit.gov,childtaxcredit.gov,,,,,,,,,
cleanenergy.gov,cleanenergy.gov,,,,,,,,,
crisisnextdoor.gov,crisisnextdoor.gov,,,,,,,,,
earmarks.gov,earmarks.gov,,,,,,,,,
ej.gov,ej.gov,,,,,,,,,
environmentaljustice.gov,environmentaljustice.gov,,,,,,,,,
eop.gov,eop.gov,,,,,,,,,
getinternet.gov,getinternet.gov,,,,,,,,,
invest.gov,invest.gov,,,,,,,,,
investinamerica.gov,investinamerica.gov,,,,,,,,,
investinginamerica.gov,investinginamerica.gov,,,,,,,,,
max.gov,max.gov,,,,,,,,,
nano.gov,nano.gov,,,,,,,,,
nepa.gov,nepa.gov,,,,,,,,,
omb.gov,omb.gov,,,,,,,,,
ondcp.gov,ondcp.gov,,,,,,,,,
ostp.gov,ostp.gov,,,,,,,,,
pci.gov,pci.gov,,,,,,,,,
pitc.gov,pitc.gov,,,,,,,,,
pitctestdomain.gov,pitctestdomain.gov,,,,,,,,,
pslf.gov,pslf.gov,,,,,,,,,
publicserviceloanforgiveness.gov,publicserviceloanforgiveness.gov,,,,,,,,,
quantum.gov,quantum.gov,,,,,,,,,
reproaccess.gov,reproaccess.gov,,,,,,,,,
reproductiveaccess.gov,reproductiveaccess.gov,,,,,,,,,
reproductiverights.gov,reproductiverights.gov,,,,,,,,,
reprorights.gov,reprorights.gov,,,,,,,,,
unitedwestand.gov,unitedwestand.gov,,,,,,,,,
usdigitalservice.gov,usdigitalservice.gov,,,,,,,,,
usds.gov,usds.gov,,,,,,,,,
ustr.gov,ustr.gov,,,,,,,,,
wh.gov,wh.gov,,,,,,,,,
whitehouse.gov,whitehouse.gov,,,,,,,,,
whitehousedrugpolicy.gov,whitehousedrugpolicy.gov,,,,,,,,,
exim.gov,exim.gov,,,,,,,,,
fca.gov,fca.gov,,,,,,,,,
fcsic.gov,fcsic.gov,,,,,,,,,
acpbenefit.gov,acpbenefit.gov,,,,,,,,,
affordableconnectivity.gov,affordableconnectivity.gov,,,,,,,,,
broadbandmap.gov,broadbandmap.gov,,,,,,,,,
fcc.gov,fcc.gov,,,,,,,,,
economicinclusion.gov,economicinclusion.gov,,,,,,,,,
fdic.gov,fdic.gov,,,,,,,,,
fdicconnect.gov,fdicconnect.gov,,,,,,,,,
fdicig.gov,fdicig.gov,,,,,,,,,
fdicoig.gov,fdicoig.gov,,,,,,,,,
fdicseguro.gov,fdicseguro.gov,,,,,,,,,
myfdic.gov,myfdic.gov,,,,,,,,,
ofia.gov,ofia.gov,,,,,,,,,
fec.gov,fec.gov,,,,,,,,,
ferc.gov,ferc.gov,,,,,,,,,
fhfa.gov,fhfa.gov,,,,,,,,,
fhfaoig.gov,fhfaoig.gov,,,,,,,,,
mortgagetranslations.gov,mortgagetranslations.gov,,,,,,,,,
flra.gov,flra.gov,,,,,,,,,
fmc.gov,fmc.gov,,,,,,,,,
adr.gov,adr.gov,,,,,,,,,
fmcs.gov,fmcs.gov,,,,,,,,,
fmshrc.gov,fmshrc.gov,,,,,,,,,
fpisc.gov,fpisc.gov,,,,,,,,,
permitting.gov,permitting.gov,,,,,,,,,
billetes.gov,billetes.gov,,,,,,,,,
fbiic.gov,fbiic.gov,,,,,,,,,
federalreserve.gov,federalreserve.gov,,,,,,,,,
federalreserveconsumerhelp.gov,federalreserveconsumerhelp.gov,,,,,,,,,
fedpartnership.gov,fedpartnership.gov,,,,,,,,,
fedres.gov,fedres.gov,,,,,,,,,
ffiec.gov,ffiec.gov,,,,,,,,,
frb.gov,frb.gov,,,,,,,,,
frs.gov,frs.gov,,,,,,,,,
newmoney.gov,newmoney.gov,,,,,,,,,
uscurrency.gov,uscurrency.gov,,,,,,,,,
exploretsp.gov,exploretsp.gov,,,,,,,,,
frtib.gov,frtib.gov,,,,,,,,,
frtibtest.gov,frtibtest.gov,,,,,,,,,
tsp.gov,tsp.gov,,,,,,,,,
tsptest.gov,tsptest.gov,,,,,,,,,
alertaenlinea.gov,alertaenlinea.gov,,,,,,,,,
consumer.gov,consumer.gov,,,,,,,,,
consumersentinel.gov,consumersentinel.gov,,,,,,,,,
consumidor.gov,consumidor.gov,,,,,,,,,
donotcall.gov,donotcall.gov,,,,,,,,,
dontserveteens.gov,dontserveteens.gov,,,,,,,,,
econsumer.gov,econsumer.gov,,,,,,,,,
ftc.gov,ftc.gov,,,,,,,,,
hsr.gov,hsr.gov,,,,,,,,,
identitytheft.gov,identitytheft.gov,,,,,,,,,
idtheft.gov,idtheft.gov,,,,,,,,,
militaryconsumer.gov,militaryconsumer.gov,,,,,,,,,
onguardonline.gov,onguardonline.gov,,,,,,,,,
protecciondelconsumidor.gov,protecciondelconsumidor.gov,,,,,,,,,
robodeidentidad.gov,robodeidentidad.gov,,,,,,,,,
sentinel.gov,sentinel.gov,,,,,,,,,
18f.gov,18f.gov,,,,,,,,,
400yaahc.gov,400yaahc.gov,,,,,,,,,
accessibility.gov,accessibility.gov,,,,,,,,,
acquisition.gov,acquisition.gov,,,,,,,,,
acquisitiongateway.gov,acquisitiongateway.gov,,,,,,,,,
afadvantage.gov,afadvantage.gov,,,,,,,,,
businessusa.gov,businessusa.gov,,,,,,,,,
buyaccessible.gov,buyaccessible.gov,,,,,,,,,
buyamerican.gov,buyamerican.gov,,,,,,,,,
cao.gov,cao.gov,,,,,,,,,
cbca.gov,cbca.gov,,,,,,,,,
cdo.gov,cdo.gov,,,,,,,,,
cfo.gov,cfo.gov,,,,,,,,,
challenge.gov,challenge.gov,,,,,,,,,
cio.gov,cio.gov,,,,,,,,,
citizenscience.gov,citizenscience.gov,,,,,,,,,
cloud.gov,cloud.gov,,,,,,,,,
code.gov,code.gov,,,,,,,,,
computersforlearning.gov,computersforlearning.gov,,,,,,,,,
consumeraction.gov,consumeraction.gov,,,,,,,,,
contractdirectory.gov,contractdirectory.gov,,,,,,,,,
cpars.gov,cpars.gov,,,,,,,,,
csusop.gov,csusop.gov,,,,,,,,,
data.gov,data.gov,,,,,,,,,
digital.gov,digital.gov,,,,,,,,,
digitaldashboard.gov,digitaldashboard.gov,,,,,,,,,
digitalgov.gov,digitalgov.gov,,,,,,,,,
ecpic.gov,ecpic.gov,,,,,,,,,
esrs.gov,esrs.gov,,,,,,,,,
evaluation.gov,evaluation.gov,,,,,,,,,
fac.gov,fac.gov,,,,,,,,,
faca.gov,faca.gov,,,,,,,,,
facadatabase.gov,facadatabase.gov,,,,,,,,,
fai.gov,fai.gov,,,,,,,,,
fapiis.gov,fapiis.gov,,,,,,,,,
fbf.gov,fbf.gov,,,,,,,,,
fbo.gov,fbo.gov,,,,,,,,,
fcsm.gov,fcsm.gov,,,,,,,,,
fdms.gov,fdms.gov,,,,,,,,,
fedidcard.gov,fedidcard.gov,,,,,,,,,
fedinfo.gov,fedinfo.gov,,,,,,,,,
fedramp.gov,fedramp.gov,,,,,,,,,
fedrooms.gov,fedrooms.gov,,,,,,,,,
firstgov.gov,firstgov.gov,,,,,,,,,
fleet.gov,fleet.gov,,,,,,,,,
fmi.gov,fmi.gov,,,,,,,,,
forms.gov,forms.gov,,,,,,,,,
fpc.gov,fpc.gov,,,,,,,,,
fpds.gov,fpds.gov,,,,,,,,,
fpki-lab.gov,fpki-lab.gov,,,,,,,,,
fpki.gov,fpki.gov,,,,,,,,,
frpg.gov,frpg.gov,,,,,,,,,
fsd.gov,fsd.gov,,,,,,,,,
fsrs.gov,fsrs.gov,,,,,,,,,
gobiernousa.gov,gobiernousa.gov,,,,,,,,,
gsa.gov,gsa.gov,,,,,,,,,
gsaadvantage.gov,gsaadvantage.gov,,,,,,,,,
gsaauctions.gov,gsaauctions.gov,,,,,,,,,
gsafleet.gov,gsafleet.gov,,,,,,,,,
gsaig.gov,gsaig.gov,,,,,,,,,
gsatest2.gov,gsatest2.gov,,,,,,,,,
gsaxcess.gov,gsaxcess.gov,,,,,,,,,
identitysandbox.gov,identitysandbox.gov,,,,,,,,,
idmanagement.gov,idmanagement.gov,,,,,,,,,
info.gov,info.gov,,,,,,,,,
innovation.gov,innovation.gov,,,,,,,,,
itdashboard.gov,itdashboard.gov,,,,,,,,,
kids.gov,kids.gov,,,,,,,,,
login.gov,login.gov,,,,,,,,,
madeinamerica.gov,madeinamerica.gov,,,,,,,,,
paymentaccuracy.gov,paymentaccuracy.gov,,,,,,,,,
pcscotus.gov,pcscotus.gov,,,,,,,,,
performance.gov,performance.gov,,,,,,,,,
pic.gov,pic.gov,,,,,,,,,
pif.gov,pif.gov,,,,,,,,,
pki-lab.gov,pki-lab.gov,,,,,,,,,
pki.gov,pki.gov,,,,,,,,,
plainlanguage.gov,plainlanguage.gov,,,,,,,,,
ppirs.gov,ppirs.gov,,,,,,,,,
ppms.gov,ppms.gov,,,,,,,,,
presidentialinnovationfellows.gov,presidentialinnovationfellows.gov,,,,,,,,,
ptt.gov,ptt.gov,,,,,,,,,
realestatesales.gov,realestatesales.gov,,,,,,,,,
realpropertyprofile.gov,realpropertyprofile.gov,,,,,,,,,
reginfo.gov,reginfo.gov,,,,,,,,,
regulations.gov,regulations.gov,,,,,,,,,
reporting.gov,reporting.gov,,,,,,,,,
rocis.gov,rocis.gov,,,,,,,,,
rpa.gov,rpa.gov,,,,,,,,,
saferfederalworkforce.gov,saferfederalworkforce.gov,,,,,,,,,
sam.gov,sam.gov,,,,,,,,,
sbst.gov,sbst.gov,,,,,,,,,
search.gov,search.gov,,,,,,,,,
section508.gov,section508.gov,,,,,,,,,
sftool.gov,sftool.gov,,,,,,,,,
statspolicy.gov,statspolicy.gov,,,,,,,,,
thenamingcommission.gov,thenamingcommission.gov,,,,,,,,,
us.gov,us.gov,,,,,,,,,
usa.gov,usa.gov,,,,,,,,,
usability.gov,usability.gov,,,,,,,,,
usagov.gov,usagov.gov,,,,,,,,,
ussm.gov,ussm.gov,,,,,,,,,
vote.gov,vote.gov,,,,,,,,,
wdol.gov,wdol.gov,,,,,,,,,
restorethegulf.gov,restorethegulf.gov,,,,,,,,,
truman.gov,truman.gov,,,,,,,,,
imls.gov,imls.gov,,,,,,,,,
informationliteracy.gov,informationliteracy.gov,,,,,,,,,
iaf.gov,iaf.gov,,,,,,,,,
jamesmadison.gov,jamesmadison.gov,,,,,,,,,
jusfc.gov,jusfc.gov,,,,,,,,,
kennedy-center.gov,kennedy-center.gov,,,,,,,,,
lsc.gov,lsc.gov,,,,,,,,,
mmc.gov,mmc.gov,,,,,,,,,
mspb.gov,mspb.gov,,,,,,,,,
mcc.gov,mcc.gov,,,,,,,,,
mcctest.gov,mcctest.gov,,,,,,,,,
ecr.gov,ecr.gov,,,,,,,,,
udall.gov,udall.gov,,,,,,,,,
globe.gov,globe.gov,,,,,,,,,
nasa.gov,nasa.gov,,,,,,,,,
scijinks.gov,scijinks.gov,,,,,,,,,
usgeo.gov,usgeo.gov,,,,,,,,,
9-11commission.gov,9-11commission.gov,,,,,,,,,
911commission.gov,911commission.gov,,,,,,,,,
archives.gov,archives.gov,,,,,,,,,
bush41library.gov,bush41library.gov,,,,,,,,,
clintonlibrary.gov,clintonlibrary.gov,,,,,,,,,
dd214.gov,dd214.gov,,,,,,,,,
eisenhowerlibrary.gov,eisenhowerlibrary.gov,,,,,,,,,
emergency-federal-register.gov,emergency-federal-register.gov,,,,,,,,,
fcic.gov,fcic.gov,,,,,,,,,
fordlibrarymuseum.gov,fordlibrarymuseum.gov,,,,,,,,,
frc.gov,frc.gov,,,,,,,,,
georgewbushlibrary.gov,georgewbushlibrary.gov,,,,,,,,,
history.gov,history.gov,,,,,,,,,
jfklibrary.gov,jfklibrary.gov,,,,,,,,,
jimmycarterlibrary.gov,jimmycarterlibrary.gov,,,,,,,,,
lbjlibrary.gov,lbjlibrary.gov,,,,,,,,,
nara.gov,nara.gov,,,,,,,,,
nixonlibrary.gov,nixonlibrary.gov,,,,,,,,,
obamalibrary.gov,obamalibrary.gov,,,,,,,,,
obamawhitehouse.gov,obamawhitehouse.gov,,,,,,,,,
ourdocuments.gov,ourdocuments.gov,,,,,,,,,
reaganlibrary.gov,reaganlibrary.gov,,,,,,,,,
recordsmanagement.gov,recordsmanagement.gov,,,,,,,,,
trumanlibrary.gov,trumanlibrary.gov,,,,,,,,,
trumplibrary.gov,trumplibrary.gov,,,,,,,,,
trumpwhitehouse.gov,trumpwhitehouse.gov,,,,,,,,,
wartimecontracting.gov,wartimecontracting.gov,,,,,,,,,
webharvest.gov,webharvest.gov,,,,,,,,,
ncpc.gov,ncpc.gov,,,,,,,,,
ncd.gov,ncd.gov,,,,,,,,,
mycreditunion.gov,mycreditunion.gov,,,,,,,,,
ncua.gov,ncua.gov,,,,,,,,,
arts.gov,arts.gov,,,,,,,,,
nea.gov,nea.gov,,,,,,,,,
humanities.gov,humanities.gov,,,,,,,,,
neh.gov,neh.gov,,,,,,,,,
nga.gov,nga.gov,,,,,,,,,
nigc.gov,nigc.gov,,,,,,,,,
nlrb.gov,nlrb.gov,,,,,,,,,
nmb.gov,nmb.gov,,,,,,,,,
arctic.gov,arctic.gov,,,,,,,,,
nsf.gov,nsf.gov,,,,,,,,,
research.gov,research.gov,,,,,,,,,
sac.gov,sac.gov,,,,,,,,,
usap.gov,usap.gov,,,,,,,,,
nscai.gov,nscai.gov,,,,,,,,,
ntsb.gov,ntsb.gov,,,,,,,,,
itrd.gov,itrd.gov,,,,,,,,,
nitrd.gov,nitrd.gov,,,,,,,,,
nbrc.gov,nbrc.gov,,,,,,,,,
nrc-gateway.gov,nrc-gateway.gov,,,,,,,,,
nrc.gov,nrc.gov,,,,,,,,,
oshrc.gov,oshrc.gov,,,,,,,,,
integrity.gov,integrity.gov,,,,,,,,,
oge.gov,oge.gov,,,,,,,,,
vaoig.gov,vaoig.gov,,,,,,,,,
applicationmanager.gov,applicationmanager.gov,,,,,,,,,
chcoc.gov,chcoc.gov,,,,,,,,,
cybercareers.gov,cybercareers.gov,,,,,,,,,
e-qip.gov,e-qip.gov,,,,,,,,,
employeeexpress.gov,employeeexpress.gov,,,,,,,,,
feb.gov,feb.gov,,,,,,,,,
federaljobs.gov,federaljobs.gov,,,,,,,,,
fedjobs.gov,fedjobs.gov,,,,,,,,,
fedshirevets.gov,fedshirevets.gov,,,,,,,,,
fegli.gov,fegli.gov,,,,,,,,,
fsafeds.gov,fsafeds.gov,,,,,,,,,
golearn.gov,golearn.gov,,,,,,,,,
governmentjobs.gov,governmentjobs.gov,,,,,,,,,
opm.gov,opm.gov,,,,,,,,,
pac.gov,pac.gov,,,,,,,,,
pmf.gov,pmf.gov,,,,,,,,,
telework.gov,telework.gov,,,,,,,,,
unlocktalent.gov,unlocktalent.gov,,,,,,,,,
usajobs.gov,usajobs.gov,,,,,,,,,
usalearning.gov,usalearning.gov,,,,,,,,,
usastaffing.gov,usastaffing.gov,,,,,,,,,
pbgc.gov,pbgc.gov,,,,,,,,,
prc.gov,prc.gov,,,,,,,,,
presidio.gov,presidio.gov,,,,,,,,,
presidiotrust.gov,presidiotrust.gov,,,,,,,,,
presidiotunneltops.gov,presidiotunneltops.gov,,,,,,,,,
pclob.gov,pclob.gov,,,,,,,,,
pbrb.gov,pbrb.gov,,,,,,,,,
rrb.gov,rrb.gov,,,,,,,,,
investor.gov,investor.gov,,,,,,,,,
sec.gov,sec.gov,,,,,,,,,
sss.gov,sss.gov,,,,,,,,,
business.gov,business.gov,,,,,,,,,
nwbc.gov,nwbc.gov,,,,,,,,,
sba.gov,sba.gov,,,,,,,,,
sbir.gov,sbir.gov,,,,,,,,,
itis.gov,itis.gov,,,,,,,,,
segurosocial.gov,segurosocial.gov,,,,,,,,,
socialsecurity.gov,socialsecurity.gov,,,,,,,,,
ssa.gov,ssa.gov,,,,,,,,,
ssab.gov,ssab.gov,,,,,,,,,
scrc.gov,scrc.gov,,,,,,,,,
sbrc.gov,sbrc.gov,,,,,,,,,
sji.gov,sji.gov,,,,,,,,,
stb.gov,stb.gov,,,,,,,,,
tva.gov,tva.gov,,,,,,,,,
tvaoig.gov,tvaoig.gov,,,,,,,,,
ptf.gov,ptf.gov,,,,,,,,,
worldwar1centennial.gov,worldwar1centennial.gov,,,,,,,,,
childreninadversity.gov,childreninadversity.gov,,,,,,,,,
dfafacts.gov,dfafacts.gov,,,,,,,,,
feedthefuture.gov,feedthefuture.gov,,,,,,,,,
foreignassistance.gov,foreignassistance.gov,,,,,,,,,
neglecteddiseases.gov,neglecteddiseases.gov,,,,,,,,,
pmi.gov,pmi.gov,,,,,,,,,
prosperafrica.gov,prosperafrica.gov,,,,,,,,,
usaid.gov,usaid.gov,,,,,,,,,
workwithusaid.gov,workwithusaid.gov,,,,,,,,,
heritageabroad.gov,heritageabroad.gov,,,,,,,,,
cfa.gov,cfa.gov,,,,,,,,,
civilrightsusa.gov,civilrightsusa.gov,,,,,,,,,
usccr.gov,usccr.gov,,,,,,,,,
uscirf.gov,uscirf.gov,,,,,,,,,
aff.gov,aff.gov,,,,,,,,,
ag.gov,ag.gov,,,,,,,,,
ars-grin.gov,ars-grin.gov,,,,,,,,,
arsusda.gov,arsusda.gov,,,,,,,,,
biopreferred.gov,biopreferred.gov,,,,,,,,,
bosque.gov,bosque.gov,,,,,,,,,
choosemyplate.gov,choosemyplate.gov,,,,,,,,,
dietaryguidelines.gov,dietaryguidelines.gov,,,,,,,,,
empowhr.gov,empowhr.gov,,,,,,,,,
execsec.gov,execsec.gov,,,,,,,,,
farmerfairness.gov,farmerfairness.gov,,,,,,,,,
farmers.gov,farmers.gov,,,,,,,,,
forestsandrangelands.gov,forestsandrangelands.gov,,,,,,,,,
icbemp.gov,icbemp.gov,,,,,,,,,
invasivespeciesinfo.gov,invasivespeciesinfo.gov,,,,,,,,,
itap.gov,itap.gov,,,,,,,,,
juniorforestranger.gov,juniorforestranger.gov,,,,,,,,,
lcacommons.gov,lcacommons.gov,,,,,,,,,
myplate.gov,myplate.gov,,,,,,,,,
nafri.gov,nafri.gov,,,,,,,,,
nutrition.gov,nutrition.gov,,,,,,,,,
nwcg.gov,nwcg.gov,,,,,,,,,
rec.gov,rec.gov,,,,,,,,,
recreation.gov,recreation.gov,,,,,,,,,
reo.gov,reo.gov,,,,,,,,,
rural.gov,rural.gov,,,,,,,,,
smokeybear.gov,smokeybear.gov,,,,,,,,,
symbols.gov,symbols.gov,,,,,,,,,
usda.gov,usda.gov,,,,,,,,,
usdapii.gov,usdapii.gov,,,,,,,,,
wildfire.gov,wildfire.gov,,,,,,,,,
woodsy.gov,woodsy.gov,,,,,,,,,
woodsyowl.gov,woodsyowl.gov,,,,,,,,,
nwtrb.gov,nwtrb.gov,,,,,,,,,
osc.gov,osc.gov,,,,,,,,,
oscnet.gov,oscnet.gov,,,,,,,,,
peacecorps.gov,peacecorps.gov,,,,,,,,,
peacecorpsoig.gov,peacecorpsoig.gov,,,,,,,,,
abilityone.gov,abilityone.gov,,,,,,,,,
jwod.gov,jwod.gov,,,,,,,,,
access-board.gov,access-board.gov,,,,,,,,,
adf.gov,adf.gov,,,,,,,,,
usadf.gov,usadf.gov,,,,,,,,,
bbg.gov,bbg.gov,,,,,,,,,
ibb.gov,ibb.gov,,,,,,,,,
ocb.gov,ocb.gov,,,,,,,,,
usagm.gov,usagm.gov,,,,,,,,,
voa.gov,voa.gov,,,,,,,,,
globalchange.gov,globalchange.gov,,,,,,,,,
usgcrp.gov,usgcrp.gov,,,,,,,,,
ushmm.gov,ushmm.gov,,,,,,,,,
usip.gov,usip.gov,,,,,,,,,
ich.gov,ich.gov,,,,,,,,,
usich.gov,usich.gov,,,,,,,,,
dfc.gov,dfc.gov,,,,,,,,,
idfc.gov,idfc.gov,,,,,,,,,
opic.gov,opic.gov,,,,,,,,,
usdfc.gov,usdfc.gov,,,,,,,,,
usidfc.gov,usidfc.gov,,,,,,,,,
usitc.gov,usitc.gov,,,,,,,,,
usitcoig.gov,usitcoig.gov,,,,,,,,,
changeofaddress.gov,changeofaddress.gov,,,,,,,,,
mail.gov,mail.gov,,,,,,,,,
myusps.gov,myusps.gov,,,,,,,,,
postoffice.gov,postoffice.gov,,,,,,,,,
purchasing.gov,purchasing.gov,,,,,,,,,
uspis.gov,uspis.gov,,,,,,,,,
usps.gov,usps.gov,,,,,,,,,
uspsinformeddelivery.gov,uspsinformeddelivery.gov,,,,,,,,,
uspsinnovates.gov,uspsinnovates.gov,,,,,,,,,
uspsoig.gov,uspsoig.gov,,,,,,,,,
ustda.gov,ustda.gov,,,,,,,,,
ata.gov,ata.gov,,,,,,,,,
domainops.gov,domainops.gov,,,,,,,,,
ecfc.gov,ecfc.gov,,,,,,,,,
erpo.gov,erpo.gov,,,,,,,,,
fraho.gov,fraho.gov,,,,,,,,,
jpo.gov,jpo.gov,,,,,,,,,
nrpo.gov,nrpo.gov,,,,,,,,,
osdls.gov,osdls.gov,,,,,,,,,
owc.gov,owc.gov,,,,,,,,,
psd.gov,psd.gov,,,,,,,,,
psup.gov,psup.gov,,,,,,,,,
pubservices.gov,pubservices.gov,,,,,,,,,
rpo.gov,rpo.gov,,,,,,,,,
fd.gov,fd.gov,,,,,,,,,
sc-us.gov,sc-us.gov,,,,,,,,,
scinet-test.gov,scinet-test.gov,,,,,,,,,
scinet.gov,scinet.gov,,,,,,,,,
scus.gov,scus.gov,,,,,,,,,
scuspd.gov,scuspd.gov,,,,,,,,,
supreme-court.gov,supreme-court.gov,,,,,,,,,
supremecourt.gov,supremecourt.gov,,,,,,,,,
supremecourtus.gov,supremecourtus.gov,,,,,,,,,
bankruptcy.gov,bankruptcy.gov,,,,,,,,,
cavc.gov,cavc.gov,,,,,,,,,
federalcourts.gov,federalcourts.gov,,,,,,,,,
federalprobation.gov,federalprobation.gov,,,,,,,,,
federalrules.gov,federalrules.gov,,,,,,,,,
fjc.gov,fjc.gov,,,,,,,,,
judicialconference.gov,judicialconference.gov,,,,,,,,,
pacer.gov,pacer.gov,,,,,,,,,
usbankruptcy.gov,usbankruptcy.gov,,,,,,,,,
usc.gov,usc.gov,,,,,,,,,
uscavc.gov,uscavc.gov,,,,,,,,,
uscourts.gov,uscourts.gov,,,,,,,,,
usprobation.gov,usprobation.gov,,,,,,,,,
ussc.gov,ussc.gov,,,,,,,,,
ustaxcourt.gov,ustaxcourt.gov,,,,,,,,,
aoc.gov,aoc.gov,,,,,,,,,
capital.gov,capital.gov,,,,,,,,,
capitalgiftshop.gov,capitalgiftshop.gov,,,,,,,,,
capitol.gov,capitol.gov,,,,,,,,,
capitolgiftshop.gov,capitolgiftshop.gov,,,,,,,,,
usbg.gov,usbg.gov,,,,,,,,,
uscapital.gov,uscapital.gov,,,,,,,,,
uscapitalgiftshop.gov,uscapitalgiftshop.gov,,,,,,,,,
uscapitol.gov,uscapitol.gov,,,,,,,,,
uscapitolgiftshop.gov,uscapitolgiftshop.gov,,,,,,,,,
uscapitolgiftstore.gov,uscapitolgiftstore.gov,,,,,,,,,
visitthecapital.gov,visitthecapital.gov,,,,,,,,,
visitthecapitol.gov,visitthecapitol.gov,,,,,,,,,
cbo.gov,cbo.gov,,,,,,,,,
cbonews.gov,cbonews.gov,,,,,,,,,
solarium.gov,solarium.gov,,,,,,,,,
eseclab.gov,eseclab.gov,,,,,,,,,
fasab.gov,fasab.gov,,,,,,,,,
gao.gov,gao.gov,,,,,,,,,
gaoinnovation.gov,gaoinnovation.gov,,,,,,,,,
gaoinnovationlab.gov,gaoinnovationlab.gov,,,,,,,,,
gaoinnovations.gov,gaoinnovations.gov,,,,,,,,,
gaonet.gov,gaonet.gov,,,,,,,,,
congressionaldirectory.gov,congressionaldirectory.gov,,,,,,,,,
congressionalrecord.gov,congressionalrecord.gov,,,,,,,,,
ecfr.gov,ecfr.gov,,,,,,,,,
fdlp.gov,fdlp.gov,,,,,,,,,
fdsys.gov,fdsys.gov,,,,,,,,,
federalregister.gov,federalregister.gov,,,,,,,,,
fedreg.gov,fedreg.gov,,,,,,,,,
govinfo.gov,govinfo.gov,,,,,,,,,
gpo.gov,gpo.gov,,,,,,,,,
gpodev.gov,gpodev.gov,,,,,,,,,
housecalendar.gov,housecalendar.gov,,,,,,,,,
ofr.gov,ofr.gov,,,,,,,,,
presidentialdocuments.gov,presidentialdocuments.gov,,,,,,,,,
senatecalendar.gov,senatecalendar.gov,,,,,,,,,
uscode.gov,uscode.gov,,,,,,,,,
usgovernmentmanual.gov,usgovernmentmanual.gov,,,,,,,,,
africanamericanhistorymonth.gov,africanamericanhistorymonth.gov,,,,,,,,,
americanmemory.gov,americanmemory.gov,,,,,,,,,
americaslibrary.gov,americaslibrary.gov,,,,,,,,,
asianpacificheritage.gov,asianpacificheritage.gov,,,,,,,,,
blackhistorymonth.gov,blackhistorymonth.gov,,,,,,,,,
ccb.gov,ccb.gov,,,,,,,,,
congress.gov,congress.gov,,,,,,,,,
copyright.gov,copyright.gov,,,,,,,,,
copyrightclaimsboard.gov,copyrightclaimsboard.gov,,,,,,,,,
crb.gov,crb.gov,,,,,,,,,
crs.gov,crs.gov,,,,,,,,,
currencyreader.gov,currencyreader.gov,,,,,,,,,
currencyreaderapplication.gov,currencyreaderapplication.gov,,,,,,,,,
digitalpreservation.gov,digitalpreservation.gov,,,,,,,,,
digitizationguidelines.gov,digitizationguidelines.gov,,,,,,,,,
hispanicheritagemonth.gov,hispanicheritagemonth.gov,,,,,,,,,
jewishheritage.gov,jewishheritage.gov,,,,,,,,,
jewishheritagemonth.gov,jewishheritagemonth.gov,,,,,,,,,
law.gov,law.gov,,,,,,,,,
lctl.gov,lctl.gov,,,,,,,,,
libraryofcongress.gov,libraryofcongress.gov,,,,,,,,,
lis.gov,lis.gov,,,,,,,,,
literacy.gov,literacy.gov,,,,,,,,,
loc.gov,loc.gov,,,,,,,,,
loctps.gov,loctps.gov,,,,,,,,,
nativeamericanheritagemonth.gov,nativeamericanheritagemonth.gov,,,,,,,,,
read.gov,read.gov,,,,,,,,,
section108.gov,section108.gov,,,,,,,,,
thomas.gov,thomas.gov,,,,,,,,,
tps.gov,tps.gov,,,,,,,,,
unitedstatescongress.gov,unitedstatescongress.gov,,,,,,,,,
uscongress.gov,uscongress.gov,,,,,,,,,
womenshistorymonth.gov,womenshistorymonth.gov,,,,,,,,,
macpac.gov,macpac.gov,,,,,,,,,
medpac.gov,medpac.gov,,,,,,,,,
compliance.gov,compliance.gov,,,,,,,,,
ocwr.gov,ocwr.gov,,,,,,,,,
coil.gov,coil.gov,,,,,,,,,
openworld.gov,openworld.gov,,,,,,,,,
stennis.gov,stennis.gov,,,,,,,,,
assistantdemocraticleader.gov,assistantdemocraticleader.gov,,,,,,,,,
cecc.gov,cecc.gov,,,,,,,,,
china-commission.gov,china-commission.gov,,,,,,,,,
chinacommission.gov,chinacommission.gov,,,,,,,,,
csce.gov,csce.gov,,,,,,,,,
democraticleader.gov,democraticleader.gov,,,,,,,,,
democraticwhip.gov,democraticwhip.gov,,,,,,,,,
democrats.gov,democrats.gov,,,,,,,,,
dems.gov,dems.gov,,,,,,,,,
gop.gov,gop.gov,,,,,,,,,
gopleader.gov,gopleader.gov,,,,,,,,,
gopwhip.gov,gopwhip.gov,,,,,,,,,
house.gov,house.gov,,,,,,,,,
housecommunications.gov,housecommunications.gov,,,,,,,,,
housed.gov,housed.gov,,,,,,,,,
housedemocrats.gov,housedemocrats.gov,,,,,,,,,
housedems.gov,housedems.gov,,,,,,,,,
houselive.gov,houselive.gov,,,,,,,,,
housenewsletters.gov,housenewsletters.gov,,,,,,,,,
jct.gov,jct.gov,,,,,,,,,
majorityleader.gov,majorityleader.gov,,,,,,,,,
majoritywhip.gov,majoritywhip.gov,,,,,,,,,
minoritywhip.gov,minoritywhip.gov,,,,,,,,,
ppdcecc.gov,ppdcecc.gov,,,,,,,,,
republicanleader.gov,republicanleader.gov,,,,,,,,,
republicans.gov,republicans.gov,,,,,,,,,
republicanwhip.gov,republicanwhip.gov,,,,,,,,,
speaker.gov,speaker.gov,,,,,,,,,
taxreform.gov,taxreform.gov,,,,,,,,,
tmdbhouse.gov,tmdbhouse.gov,,,,,,,,,
ushouse.gov,ushouse.gov,,,,,,,,,
ushr.gov,ushr.gov,,,,,,,,,
uscapitolpolice.gov,uscapitolpolice.gov,,,,,,,,,
uscp.gov,uscp.gov,,,,,,,,,
america250.gov,america250.gov,,,,,,,,,
usa250.gov,usa250.gov,,,,,,,,,
ussemiquincentennial.gov,ussemiquincentennial.gov,,,,,,,,,
uscc.gov,uscc.gov,,,,,,,,,
sen.gov,sen.gov,,,,,,,,,
senate.gov,senate.gov,,,,,,,,,
whdpc.gov,whdpc.gov,,,,,,,,,