,target_url
259,cms.gov
1035,telework.gov
1120,access-board.gov
1142,mail.gov
89,autodiscover.abilityone.gov
98,webmail.abmc.gov
101,sts.access-board.gov
175,autodiscover.acus.gov
198,mail.adlnet.gov
233,autodiscover.ahcpr.gov
244,autodiscover.ahrq.gov
258,dev.ahrq.gov
299,prod.ahrq.gov
325,autodiscover.aids.gov
351,dev.america.gov
354,edit.america.gov
355,edit.staging.america.gov
376,staging.america.gov
377,static.america.gov
413,mail.amtrakoig.gov
415,origin.www.anchorit.gov
424,access.anl.gov
450,autodiscover.anl.gov
625,mail.anl.gov
761,sharepoint.anl.gov
780,svn.alcf.anl.gov
781,svn.aps.anl.gov
782,svn.mcs.anl.gov
826,vpn.anl.gov
850,www1.anl.gov
852,www2.aps.anl.gov
863,autodiscover.aoa.gov
895,dev.research.archives.gov
943,uat.research.archives.gov
949,adfs.arm.gov
959,dev.arm.gov
988,sso.arm.gov
991,vpn.arm.gov
1010,dev.arts.gov
1012,stg.arts.gov
1013,vpn.arts.gov
1020,qa.asap.gov
1029,edit.atf.gov
1062,www2.banknet.gov
1065,testing.bats.gov
1078,vpn.bbg.gov
1085,dev.bea.gov
1089,lyncdiscover.bea.gov
1093,remote.bea.gov
1095,secure.bea.gov
1097,stage.bea.gov
1098,sts.bea.gov
1114,test.bfem.gov
1118,autodiscover.bioethics.gov
1150,edit.blm.gov
1176,test.blm.gov
1194,download.bls.gov
1222,autodiscover.bnl.gov
1259,dev.racf.bnl.gov
1337,sts.bnl.gov
1346,webmail.rhic.bnl.gov
1348,www0.bnl.gov
1361,www2.fed.bop.gov
1364,access.bpa.gov
1365,access.test.bpa.gov
1369,connect.bpa.gov
1370,connect.test.bpa.gov
1388,test.bpa.gov
1407,cms.bts.gov
1573,intranet.dceg.cancer.gov
1703,staging.seer.cancer.gov
1707,static.cancer.gov
1742,www1.cancer.gov
1841,mail.ctwg.cap.gov
1842,mail.mer.cap.gov
1843,mail.nesa.cap.gov
1926,test.ner.cap.gov
1927,test.txwg.cap.gov
1941,webmail.natcapwg.cap.gov
1942,webmail.nvwg.cap.gov
1974,edit.cbp.gov
1975,edit.staging.cbp.gov
1976,edit.testint.cbp.gov
1990,preview.cbp.gov
1993,staging.cbp.gov
1998,access-ipsas-piv.cdc.gov
1999,access-ipsas.cdc.gov
2000,access-piv.cdc.gov
2001,access.cdc.gov
2006,adobeconnect.cdc.gov
2022,autodiscover.cdc.gov
2055,dev.eipp.cdc.gov
2112,lyncdiscover.cdc.gov
2140,origin.cdc.gov
2141,origin.glb.cdc.gov
2142,origin.int-f5.cdc.gov
2194,sso.cdc.gov
2196,stage.eipp.cdc.gov
2197,stage.fsap.cdc.gov
2198,stage.npcrcss.cdc.gov
2201,static.prototype.cdc.gov
2214,uat.eipp.cdc.gov
2235,webapp.cdc.gov
2244,www2.cdc.gov
2262,access.vdiv.census.gov
2263,adfs.tco.census.gov
2264,adfs.ti.census.gov
2281,email.census.gov
2315,origin.www2.census.gov
2317,piv.vdid.census.gov
2331,secure.census.gov
2347,vdi.census.gov
2351,www2.census.gov
2370,extranet.cfpb.gov
2380,remote.cfpb.gov
2388,remote.cftc.gov
2407,autodiscover.cigie.gov
2430,staging.pulse.cio.gov
2437,edit.cisa.gov
2629,assets.cms.gov
2630,assets.dev.cms.gov
2631,assets.imp.cms.gov
2632,assets.test.cms.gov
2673,dev.bluebutton.cms.gov
2674,dev.edit.cms.gov
2675,dev.hub.cms.gov
2688,download.cms.gov
2694,edit.cms.gov
2695,edit.innovation.cms.gov
2696,edit.marketplace.cms.gov
2829,preview.qpp.cms.gov
2831,qa.assets.cms.gov
2854,sso.cms.gov
2855,stage.data.cms.gov
2856,staging.assets.cms.gov
2858,stg.cert.cms.gov
2859,stg.mccm.cms.gov
2861,sts.cms.gov
2862,test.bluebutton.cms.gov
2863,test.cms.gov
2864,test.developer.cms.gov
2865,test.hub.cms.gov
2869,vdi.cms.gov
2882,autodiscover.cncsoig.gov
2885,autodiscover.cns.gov
2889,owa.cns.gov
2891,sts.cns.gov
2892,vpn.cns.gov
2899,staging.code.gov
2923,dev.acetool.d.commerce.gov
2924,dev.auth.d.commerce.gov
2925,dev.citrb.d.commerce.gov
2926,dev.mbda.d.commerce.gov
2927,dev.medweek.d.commerce.gov
2928,dev.socmed.d.commerce.gov
2935,edit.commerce.gov
2936,edit.ogc.commerce.gov
2953,qa.acetool.d.commerce.gov
2954,qa.auth.d.commerce.gov
2955,qa.citrb.d.commerce.gov
2956,qa.mbda.d.commerce.gov
2957,qa.medweek.d.commerce.gov
2958,qa.socmed.d.commerce.gov
2965,vpn.camsic.commerce.gov
2969,connect.gov
2971,edit.consumer.gov
3018,access.cpsc.gov
3022,autodiscover.cpsc.gov
3035,mdm.cpsc.gov
3039,origin.prod.cpsc.gov
3040,vdi.cpsc.gov
3043,admin.crimesolutions.gov
3054,mail.csb.gov
3056,sharepoint.csb.gov
3058,access.csosa.gov
3070,mail.ctoc.gov
3081,vpn.cttso.gov
3082,webmail.cttso.gov
3095,dev.cuidadodesalud.gov
3102,test.cuidadodesalud.gov
3179,stage.api.data.gov
3187,admin.dea.gov
3265,static.defense.gov
3277,autodiscover.acf.dhhs.gov
3278,autodiscover.dhhs.gov
3279,autodiscover.email.foh.dhhs.gov
3280,autodiscover.os.dhhs.gov
3281,autodiscover.osophs.dhhs.gov
3296,adfs.ice.dhs.gov
3312,autodiscover.associates.cbp.dhs.gov
3313,autodiscover.cbp.dhs.gov
3314,autodiscover.dr.fema.dhs.gov
3315,autodiscover.fema.dhs.gov
3316,autodiscover.foreignnational.cbp.dhs.gov
3317,autodiscover.foreignnationals.cbp.dhs.gov
3318,autodiscover.military.cbp.dhs.gov
3319,autodiscover.othergovagency.cbp.dhs.gov
3320,autodiscover.st.dhs.gov
3362,dev.casm.dhs.gov
3363,dev.dcats.dhs.gov
3364,dev.dtect.dhs.gov
3397,edit.dhs.gov
3398,edit.preview-oig.dhs.gov
3399,edit.preview-studyinthestates.dhs.gov
3400,edit.staging1.dhs.gov
3402,email.tsa.dhs.gov
3414,extranet.tsa.dhs.gov
3488,mdm.dhs.gov
3489,mdm.fema.dhs.gov
3530,preview.dhs.gov
3531,preview.dhsprecheck.dhs.gov
3535,remote.dhs.gov
3581,sso.dhs.gov
3582,sso.tsa.dhs.gov
3587,staging.cisomb.dhs.gov
3590,sts.uscis.dhs.gov
3646,demo.accessibility.digital.gov
3647,demo.digital.gov
3648,demo.pra.digital.gov
3658,uat.digitaldashboard.gov
3659,connect.digitalgov.gov
3661,demo.digitalgov.gov
3672,edit.disasterassistance.gov
3673,edit.staging.disasterassistance.gov
3674,edit.testint.disasterassistance.gov
3675,preview.disasterassistance.gov
3676,staging.disasterassistance.gov
3689,autodiscover.bis.doc.gov
3690,autodiscover.doc.gov
3714,mail.oig.doc.gov
3731,ssl.ntia.doc.gov
3732,sslvpn.doc.gov
3735,sts.doc.gov
3738,test.ws.freqcoord.ntia.doc.gov
3742,webmail.ntia.doc.gov
3743,www2.ntia.doc.gov
3757,access.doe.gov
3758,access.nv.doe.gov
3773,autodiscover.doe.gov
3774,autodiscover.ee.doe.gov
3775,autodiscover.eh.doe.gov
3776,autodiscover.em.doe.gov
3777,autodiscover.gjemtac.doe.gov
3778,autodiscover.hq.doe.gov
3779,autodiscover.jc3.doe.gov
3780,autodiscover.nnsa.doe.gov
3781,autodiscover.nr.doe.gov
3782,autodiscover.nrp.doe.gov
3783,autodiscover.oak.doe.gov
3805,connect.doe.gov
3806,connect.nv.doe.gov
3887,mail.gjemtac.doe.gov
3938,remote.emcbc.doe.gov
3961,sso.lex.doe.gov
3965,sts.sepa.doe.gov
3979,vpn.em-la.doe.gov
3980,vpn.oem.doe.gov
3981,vpn.y12.doe.gov
3986,www2.spr.doe.gov
3991,autodiscover.doeal.gov
3994,access.doi.gov
4004,edit.doi.gov
4040,secure.doi.gov
4045,staging.doi.gov
4049,vpn.doi.gov
4055,meet.jcs.doj.gov
4092,edit.blog.dol.gov
4093,edit.dol.gov
4132,sso.dol.gov
4135,staging.blog.dol.gov
4136,staging.dol.gov
4140,sts.oig.dol.gov
4172,test.doleta.gov
4196,access.dot.gov
4197,adfs.dot.gov
4220,cms.bts.dot.gov
4221,cms.marad.dot.gov
4222,cms.secure.dot.gov
4231,collaboration.fhwa.dot.gov
4240,demo.eebacs.fhwa.dot.gov
4241,dialin.dot.gov
4351,meet.dot.gov
4419,secure.dot.gov
4429,stage.fra.dot.gov
4430,staging.learn.dot.gov
4452,vdi.dot.gov
4470,www1.oig.dot.gov
4476,www2.dotgov.gov
4488,demo.drugabuse.gov
4506,dev.e-enterprise.gov
4508,test.e-enterprise.gov
4512,edit.e-verify.gov
4513,preview.e-verify.gov
4515,staging.e-verify.gov
4569,sts.ecr.gov
4579,autodiscover.ed.gov
4599,dev.mysa.ed.gov
4616,email.ed.gov
4726,sts.ed.gov
4735,test.msix.ed.gov
4736,test.mysa.ed.gov
4737,test.nationalblueribbonschools.ed.gov
4766,uat.dmcseddebt.ed.gov
4767,uat.myeddebt.ed.gov
4768,uat.mysa.ed.gov
4772,vpn.ies.ed.gov
4778,www2.ed.gov
4795,stage.oig.eeoc.gov
4796,sts.eeoc.gov
4799,www1.eeoc.gov
4804,download.eftps.gov
4823,autodiscover.eia.gov
4834,www1.eia.gov
4842,admin.employeeexpress.gov
4843,admin.test.employeeexpress.gov
4844,admin.uat.employeeexpress.gov
4848,test.employeeexpress.gov
4849,uat.employeeexpress.gov
4873,autodiscover.energy.gov
4874,autodiscover.nuclear.energy.gov
4970,qa.medicalsciences.energy.gov
4975,remote.id.energy.gov
4996,test.a2e.energy.gov
5002,vpn.ettp.energy.gov
5003,vpn.science.energy.gov
5010,www1.eere.energy.gov
5011,www2.eere.energy.gov
5272,test.epa.gov
5287,webmail.epa.gov
5293,www2.epa.gov
5296,dev.epic.gov
5304,remote.esc.gov
5347,adfs.faa.gov
5435,extranet.asias.faa.gov
5517,piv.faa.gov
5574,vpn.faa.gov
5582,webmail.faa.gov
5605,mail.fan.gov
5616,autodiscover.fatherhood.gov
5697,static.fbi.gov
5707,www2.fbi.gov
5712,smtp.fbo.gov
5714,autodiscover.fca.gov
5726,webmail.fca.gov
5752,autodiscover.fcc.gov
5798,www2.fcc.gov
5804,access.fda.gov
5805,access.preprod.fda.gov
5818,collaboration.fda.gov
5826,download.open.fda.gov
5883,remote.fda.gov
5886,test.datadashboard.fda.gov
5916,citrix.fdic.gov
5960,dev.fdicoig.gov
5994,dev.fec.gov
6005,stage.fec.gov
6006,sts.fec.gov
6036,demo.fedramp.gov
6068,edit.fema.gov
6069,edit.staging.fema.gov
6070,edit.testint.fema.gov
6106,mdm.fema.gov
6119,piv.fedhr.fema.gov
6120,piv.fema.gov
6128,preview.fema.gov
6137,sso.preptoolkit.fema.gov
6138,stage.nfipdirect.fema.gov
6141,staging.fema.gov
6143,tdl.acedroid.fema.gov
6144,tdl.apps.fema.gov
6145,tdl.ba.fema.gov
6146,tdl.egateway.fema.gov
6147,tdl.eservices.fema.gov
6148,tdl.forms.fema.gov
6149,tdl.gis.fema.gov
6150,tdl.integration.fema.gov
6151,tdl.isource.fema.gov
6152,tdl.lscms-lg.fema.gov
6153,tdl.lscms-sci.fema.gov
6154,tdl.lscms-wm.fema.gov
6155,tdl.lscms.fema.gov
6156,tdl.nfirs.fema.gov
6157,tdl.piv.fema.gov
6158,tdl.pive.fema.gov
6159,tdl.regportal.fema.gov
6160,test.msc.fema.gov
6169,autodiscover.ferc.gov
6172,citrix.ferc.gov
6173,cms.ferc.gov
6175,connect.ferc.gov
6191,ssl.ferc.gov
6192,staging.ferc.gov
6202,test.cdr.ffiec.gov
6209,access-cc.fhfa.gov
6210,access-colo.fhfa.gov
6212,citrix.fhfa.gov
6213,connect.fhfa.gov
6221,lyncdiscover.fhfa.gov
6222,meet.fhfa.gov
6233,test.fhfaoig.gov
6252,autodiscover.firstnet.gov
6267,edit.fleta.gov
6268,edit.staging.fleta.gov
6269,edit.testint.fleta.gov
6271,preview.fleta.gov
6272,staging.fleta.gov
6275,edit.fletc.gov
6276,edit.staging.fletc.gov
6277,edit.testint.fletc.gov
6283,preview.fletc.gov
6285,staging.fletc.gov
6293,autodiscover.flra.gov
6294,autodiscover.internal.flra.gov
6298,qa.efile.flra.gov
6299,stg.efile.flra.gov
6303,adfs.fmc.gov
6307,vpn.fmc.gov
6308,www2.fmc.gov
6311,lyncdiscover.fmcs.gov
6312,mail.fmcs.gov
6318,autodiscover.fmshrc.gov
6323,mail.fmshrc.gov
6335,assets.ghe-pip2.fnal.gov
6337,autodiscover.fnal.gov
6359,cms.fnal.gov
6388,email.fnal.gov
6460,mail.fnal.gov
6524,sharepoint.fnal.gov
6558,vpn.fnal.gov
6625,admin.foia.gov
6644,origin.foodsafety.gov
6667,email.fpisc.gov
6723,www1.fpl.fs.fed.us
6734,edit.bulkorder.ftc.gov
6735,edit.consumer.ftc.gov
6736,edit.ftc.gov
6973,intranet.fws.gov
7281,cms.geoplatform.gov
7291,access.dev.ginniemae.gov
7292,access.ginniemae.gov
7293,access.sit.ginniemae.gov
7303,cms.ginniemae.gov
7322,test.ginniemae.gov
7328,admin.globalchange.gov
7344,dev.globalhealth.gov
7353,staging.globe.gov
7374,autodiscover.grants.gov
7382,staging.grants.gov
7385,test.grants.gov
7409,demo.grantsolutions.gov
7410,demo.program.grantsolutions.gov
7460,stage.grantsolutions.gov
7463,svn.grantsolutions.gov
7465,test.grantsolutions.gov
7472,vpn.grantsolutions.gov
7520,connect.gsa.gov
7531,demo.10x.gsa.gov
7532,demo.cic.gsa.gov
7541,email.gsa.gov
7631,meet.gsa.gov
7668,preview.gsa.gov
7703,staging.d2d.gsa.gov
7710,test.anywhere.gsa.gov
7736,vpn.gsa.gov
7756,vpn.gsaig.gov
7762,cms.hanford.gov
7783,dev.health.gov
7791,assets.dev.healthcare.gov
7792,assets.healthcare.gov
7793,assets.imp.healthcare.gov
7794,assets.test.healthcare.gov
7809,dev.address.api.healthcare.gov
7810,dev.geo.api.healthcare.gov
7811,dev.healthcare.gov
7812,dev.marketplace-int.api.healthcare.gov
7813,dev.marketplace.api.healthcare.gov
7869,test.aca.api.healthcare.gov
7870,test.address.api.healthcare.gov
7871,test.geo.api.healthcare.gov
7872,test.healthcare.gov
7873,test.marketplace-int.api.healthcare.gov
7874,test.marketplace.api.healthcare.gov
7875,test.mcr.api.healthcare.gov
7906,vpn.aws.healthcare.gov
7909,dev.healthfinder.gov
7966,dev.healthypeople.gov
7971,www2.helpwithmybank.gov
7978,mail.heritageabroad.gov
7988,adfs.ams.hhs.gov
8023,autodiscover.acf.hhs.gov
8024,autodiscover.acl.hhs.gov
8025,autodiscover.ahrq.hhs.gov
8026,autodiscover.aoa.hhs.gov
8027,autodiscover.cms.hhs.gov
8028,autodiscover.ees.hhs.gov
8029,autodiscover.fda.hhs.gov
8030,autodiscover.foh.hhs.gov
8031,autodiscover.hcfa.hhs.gov
8032,autodiscover.hhs.gov
8033,autodiscover.os.hhs.gov
8034,autodiscover.psc.hhs.gov
8035,autodiscover.samhsa.hhs.gov
8036,autodiscover.whcoa.hhs.gov
8056,cms.hhs.gov
8099,extranet.acf.hhs.gov
8145,intranet.hhs.gov
8155,lyncdiscover.cms.hhs.gov
8159,mail.508.hhs.gov
8202,owa.hhs.gov
8235,remote.cloud.hhs.gov
8236,remote.ito.hhs.gov
8251,secure.accelerate.hhs.gov
8252,secure.acf.hhs.gov
8253,secure.eclkc.ohs.acf.hhs.gov
8262,sso.acf.hhs.gov
8276,stage.adfs.ams.hhs.gov
8277,stage.adfsx.ams.hhs.gov
8278,stage.ams.hhs.gov
8279,stage.aspe.hhs.gov
8280,stage.occms.acf.hhs.gov
8281,staging.accelerate.hhs.gov
8282,staging.acf.hhs.gov
8283,staging.learning.hhs.gov
8304,sts.oig.hhs.gov
8316,test.accelerate.hhs.gov
8317,test.eclkc.ohs.acf.hhs.gov
8318,test.learning.hhs.gov
8341,vpn.cob.cms.hhs.gov
8342,vpn.oig.hhs.gov
8351,webmail.508.hhs.gov
8352,webmail.hhs.gov
8380,adfs.hrsa.gov
8387,autodiscover.hrsa.gov
8427,lyncdiscover.hrsa.gov
8446,qa.npdb.hrsa.gov
8458,vpn.hrsa.gov
8467,autodiscover.hud.gov
8528,sso.hud.gov
8529,sts.hud.gov
8543,autodiscover.hudoig.gov
8550,webmail.hudoig.gov
8573,vpn.iaf.gov
8581,test.feds.iawg.gov
8582,test.iawg.gov
8596,edit.ice.gov
8597,edit.staging.ice.gov
8598,edit.testint.ice.gov
8606,preview.ice.gov
8608,staging.ice.gov
8616,dev.identitysandbox.gov
8648,piv.idmanagement.gov
8653,adfs.ihs.gov
8654,autodiscover.ihs.gov
8672,lyncdiscover.ihs.gov
8673,mail.ihs.gov
8761,secure.inl.gov
8770,demo.innovation.gov
8779,stage.integrity.gov
8845,connect.irs.gov
8846,dev.edit.eitc.irs.gov
8847,dev.edit.irs.gov
8848,dev.edit.marketingexpress.irs.gov
8849,dev.edit.stayexempt.irs.gov
8850,dev.taxpayeradvocate.irs.gov
8910,prod.edit.eitc.irs.gov
8911,prod.edit.irs.gov
8912,prod.edit.marketingexpress.irs.gov
8913,prod.edit.stayexempt.irs.gov
8943,dev.irsvideos.gov
8947,preview.irsvideos.gov
8948,test.irsvideos.gov
8976,connect.itrd.gov
8981,qa.future.its.gov
8982,qa.its.gov
9068,mail.jobcorps.gov
9130,remote.jusfc.gov
9141,connect.justice.gov
9147,dev.justice.gov
9150,edit.justice.gov
9171,stg.justice.gov
9172,sts.eoir.justice.gov
9175,uat.grantsnet.justice.gov
9196,access.lanl.gov
9235,cms.lanl.gov
9259,dialin.lanl.gov
9385,lyncdiscover.lanl.gov
9396,meet.lanl.gov
9539,webmail.lanl.gov
9999,intranet.lbl.gov
10288,sts.lbl.gov
10401,www2.lbl.gov
10420,dev.lep.gov
10422,prod.lep.gov
10424,stg.lep.gov
10427,access.llnl.gov
10433,adfs.llnl.gov
10447,autodiscover.llnl.gov
10473,cdn.llnl.gov
10607,mdm.llnl.gov
10705,vpn.llnl.gov
10732,secure.login.gov
10733,staging.login.gov
10737,autodiscover.lsc.gov
10738,autodiscover.oig.lsc.gov
10745,remote.lsc.gov
10754,access.max.gov
10755,access.test.max.gov
10785,piv.devl.max.gov
10786,piv.max.gov
10801,stage.max.gov
10805,test.max.gov
10808,edit.mbda.gov
10812,adfs.mcc.gov
10813,assets.mcc.gov
10814,autodiscover.mcc.gov
10828,secure.mcc.gov
10833,vpn.mcc.gov
10834,webmail.mcc.gov
10835,webmail.mcctest.gov
10836,admin.medalofvalor.gov
10858,staging.medicaid.gov
10859,test.medicaid.gov
10862,staging.medicalcountermeasures.gov
10870,edit.medicare.gov
10884,test.medicare.gov
10888,connect.medlineplus.gov
10922,edit.militaryconsumer.gov
10929,citrix.mms.gov
10931,piv.citrix.mms.gov
10951,autodiscover.mspb.gov
10953,email.mspb.gov
10957,sts.mspb.gov
10966,sts.lab365.myfdic.gov
11010,staging.namus.gov
11011,uat.namus.gov
11018,email.nara.gov
11039,access.earthdata.nasa.gov
11040,access.sit.earthdata.nasa.gov
11041,access.uat.earthdata.nasa.gov
11246,autodiscover.jpl.nasa.gov
11247,autodiscover.nasa.gov
11248,autodiscover.russia.nasa.gov
11341,cdn.earthdata.nasa.gov
11342,cdn.sit.earthdata.nasa.gov
11343,cdn.uat.earthdata.nasa.gov
11403,cms.gsfc.nasa.gov
11425,collaboration.grc.nasa.gov
11434,connect.arc.nasa.gov
11435,connect.gdscc.nasa.gov
11436,connect.jpl.nasa.gov
11552,download.jpl.nasa.gov
12153,internal.nccs.nasa.gov
12154,intranet.nasa.gov
12381,lyncdiscover.at.nasa.gov
12382,lyncdiscover.nasa.gov
12868,piv.nasa.gov
12916,prod.nais.nasa.gov
12917,prod.urs.eosdis.nasa.gov
12942,qa.larc.nasa.gov
12970,remote.ivv.nasa.gov
12971,remote.jpl.nasa.gov
13395,test.ccs.esmo.nasa.gov
13457,uat.earthdata.nasa.gov
13458,uat.ems.eosdis.nasa.gov
13459,uat.gibs.earthdata.nasa.gov
13460,uat.gitc.earthdata.nasa.gov
13461,uat.urs.earthdata.nasa.gov
13521,vpn.hst.nasa.gov
13522,vpn.ivv.nasa.gov
13523,vpn.mdscc.nasa.gov
13547,webapp.grc.nasa.gov
13551,webmail.at.nasa.gov
13552,webmail.jpl.nasa.gov
13553,webmail.nasa.gov
13554,webmail.russia.nasa.gov
13618,www0.arc.nasa.gov
13619,www0.ndc.nasa.gov
13620,www1.grc.nasa.gov
13621,www2.jpl.nasa.gov
13678,autodiscover.ncd.gov
13681,vpn.ncd.gov
13797,autodiscover.ncpc.gov
13806,sts.ncpc.gov
13807,vpn.ncpc.gov
13811,autodiscover.ncua.gov
13816,dialin.ncua.gov
13824,lyncdiscover.ncua.gov
13825,mail.ncua.gov
13827,meet.ncua.gov
13852,remote.neh.gov
13896,autodiscover.nga.gov
13909,mail.nga.gov
13913,remote.nga.gov
13916,sts.nga.gov
13918,vpn.nga.gov
13942,static.nhtsa.gov
13958,edit.niem.gov
13960,preview.niem.gov
13964,staging.niem.gov
13979,autodiscover.nigc.gov
13981,remote.nigc.gov
13984,vpn.nigc.gov
14090,assets.nlm.nih.gov
14091,assets.wip.nlm.nih.gov
14105,autodiscover.31.nia.nih.gov
14106,autodiscover.31b4.nci.nih.gov
14107,autodiscover.amb.niddk.nih.gov
14108,autodiscover.arb.niams.nih.gov
14109,autodiscover.b10.nci.nih.gov
14110,autodiscover.bdg10.niddk.nih.gov
14111,autodiscover.bdg8.niddk.nih.gov
14112,autodiscover.box-w.nih.gov
14113,autodiscover.box-z.nih.gov
14114,autodiscover.brsc.od.nih.gov
14115,autodiscover.cc.nih.gov
14116,autodiscover.cc1.nichd.nih.gov
14117,autodiscover.cfb.dcrt.nih.gov
14118,autodiscover.cfr.nichd.nih.gov
14119,autodiscover.cit.nih.gov
14120,autodiscover.csr.nih.gov
14121,autodiscover.ctep.nci.nih.gov
14122,autodiscover.dc10a.nci.nih.gov
14123,autodiscover.dc37a.nci.nih.gov
14124,autodiscover.dce41.nci.nih.gov
14125,autodiscover.dcpcepn.nci.nih.gov
14126,autodiscover.dctod.nci.nih.gov
14127,autodiscover.de45.nidr.nih.gov
14128,autodiscover.dea.nci.nih.gov
14129,autodiscover.des13.od.nih.gov
14130,autodiscover.dicbr.niaaa.nih.gov
14131,autodiscover.dir.nidcr.nih.gov
14132,autodiscover.dir.nidr.nih.gov
14133,autodiscover.dir49.nichd.nih.gov
14134,autodiscover.dir6.nichd.nih.gov
14135,autodiscover.dtpepn.nci.nih.gov
14136,autodiscover.efdb.nci.nih.gov
14137,autodiscover.email.nidr.nih.gov
14138,autodiscover.ep.ncrr.nih.gov
14139,autodiscover.ep.niams.nih.gov
14140,autodiscover.epndce.nci.nih.gov
14141,autodiscover.exchange.nih.gov
14142,autodiscover.exmur.nia.nih.gov
14143,autodiscover.extra.niddk.nih.gov
14144,autodiscover.faes.od.nih.gov
14145,autodiscover.fic16.fic.nih.gov
14146,autodiscover.ficod.fic.nih.gov
14147,autodiscover.fmb.nci.nih.gov
14148,autodiscover.gandalf.cber.nih.gov
14149,autodiscover.grc.nia.nih.gov
14150,autodiscover.gw.nia.nih.gov
14151,autodiscover.helix.nih.gov
14152,autodiscover.icic.nci.nih.gov
14153,autodiscover.intra.nci.nih.gov
14154,autodiscover.intra.nida.nih.gov
14155,autodiscover.intra.niddk.nih.gov
14156,autodiscover.intra.nimh.nih.gov
14157,autodiscover.irp.niams.nih.gov
14158,autodiscover.irp.nimh.nih.gov
14159,autodiscover.irp30.nidr.nih.gov
14160,autodiscover.lce.nichd.nih.gov
14161,autodiscover.lcs.niaaa.nih.gov
14162,autodiscover.lsr.nei.nih.gov
14163,autodiscover.magic.dcrt.nih.gov
14164,autodiscover.mail.cc.nih.gov
14165,autodiscover.mail.nih.gov
14166,autodiscover.mail.nihdev.cit.nih.gov
14167,autodiscover.misb.nci.nih.gov
14168,autodiscover.ms.nidcd.nih.gov
14169,autodiscover.navmed.nci.nih.gov
14170,autodiscover.ncats.nih.gov
14171,autodiscover.nccam.nih.gov
14172,autodiscover.ncmhd.nih.gov
14173,autodiscover.nei.nih.gov
14174,autodiscover.nhgri.nih.gov
14175,autodiscover.nhlbi.nih.gov
14176,autodiscover.nia.nih.gov
14177,autodiscover.niaaa.nih.gov
14178,autodiscover.niaid.nih.gov
14179,autodiscover.nichd.nih.gov
14180,autodiscover.nida.nih.gov
14181,autodiscover.nidcd.nih.gov
14182,autodiscover.nidcr.nih.gov
14183,autodiscover.niddk.nih.gov
14184,autodiscover.nih.gov
14185,autodiscover.nihdev.cit.nih.gov
14186,autodiscover.nihrrlib.ncrr.nih.gov
14187,autodiscover.ninds.nih.gov
14188,autodiscover.occ.nci.nih.gov
14189,autodiscover.od-des.od.nih.gov
14190,autodiscover.od.nci.nih.gov
14191,autodiscover.od.niams.nih.gov
14192,autodiscover.od.nih.gov
14193,autodiscover.od12a.ncrr.nih.gov
14194,autodiscover.od1em1.od.nih.gov
14195,autodiscover.od1tm1.od.nih.gov
14196,autodiscover.od31.nidr.nih.gov
14197,autodiscover.od31.od.nih.gov
14198,autodiscover.od31em1.od.nih.gov
14199,autodiscover.od31tm1.od.nih.gov
14200,autodiscover.od6100m1.od.nih.gov
14201,autodiscover.odepsm1.od.nih.gov
14202,autodiscover.odepsm2.od.nih.gov
14203,autodiscover.odrockm1.od.nih.gov
14204,autodiscover.oms10.od.nih.gov
14205,autodiscover.ors.od.nih.gov
14206,autodiscover.orstcb.od.nih.gov
14207,autodiscover.otd.nci.nih.gov
14208,autodiscover.pb.nci.nih.gov
14209,autodiscover.phx.niddk.nih.gov
14210,autodiscover.pmb31.nci.nih.gov
14211,autodiscover.pop.nci.nih.gov
14212,autodiscover.shiloh.nimh.nih.gov
14213,autodiscover.vrp.ncrr.nih.gov
14214,autodiscover.willco.niaaa.nih.gov
14359,cdn.niehs.nih.gov
14411,citrix.niaid.nih.gov
14431,cms.csr.nih.gov
14439,collaboration.nhlbi.nih.gov
14440,collaboration.nichd.nih.gov
14455,connect.niaid.nih.gov
14456,connect.niddk.nih.gov
14457,connect.niehs.nih.gov
14544,dev.allofus.nih.gov
14545,dev.alzped.nia.nih.gov
14546,dev.drupalcommunity.nih.gov
14547,dev.hibr.nih.gov
14548,dev.iadrp.nia.nih.gov
14549,dev.icarerp.nih.gov
14550,dev.ncbi.nlm.nih.gov
14551,dev.nihlibrary.nih.gov
14552,dev.nihms.nih.gov
14553,dev.paindatabase.nih.gov
14566,dialin.nih.gov
14612,download.nlm.nih.gov
14613,download.wip.nlm.nih.gov
14720,extranet.nichd.nih.gov
14721,extranet.niddk.nih.gov
14949,internal.ncbi.nlm.nih.gov
14954,intranet.ninds.nih.gov
14955,intranet.wip.nlm.nih.gov
15144,lyncdiscover.niaid.nih.gov
15145,lyncdiscover.nih.gov
15153,mail.nihdev.cit.nih.gov
15189,meet.niaid.nih.gov
15639,preview.ncbi.nlm.nih.gov
15640,preview.nihms.nih.gov
15697,qa.ncbi.nlm.nih.gov
15732,remote.nci.nih.gov
15733,remote.niehs.nih.gov
15734,remote.nlm.nih.gov
15835,secure.ncbi.nlm.nih.gov
15865,sharepoint.niehs.nih.gov
15866,sharepoint.nlm.nih.gov
15943,sso.nci.nih.gov
15946,stage.allofus.nih.gov
15947,stage.niehs.nih.gov
15948,stage.public.csr.nih.gov
15953,staging.cnms.cit.nih.gov
15954,staging.ehp.niehs.nih.gov
15955,staging.nia.nih.gov
15964,stg.alzped.nia.nih.gov
15965,stg.drupalcommunity.nih.gov
15966,stg.hibr.nih.gov
15967,stg.iadrp.nia.nih.gov
15968,stg.icarerp.nih.gov
15969,stg.mriatlases.nih.gov
15970,stg.nextgen.cio.egos.nih.gov
15971,stg.nihlibrary.nih.gov
15972,stg.paindatabase.nih.gov
15983,sts.nih.gov
15984,sts.nihdev.cit.nih.gov
16023,test.ncbi.nlm.nih.gov
16024,test.nihms.nih.gov
16127,vpn.nih.gov
16198,www1.nichd.nih.gov
16199,www2.cc.nih.gov
16200,www2.niddk.nih.gov
16201,www2.training.nih.gov
16225,admin.training.nij.gov
16248,static.forensic.training.nij.gov
16249,static.training.nij.gov
16266,autodiscover.nist.gov
16292,collaborate.nist.gov
16301,demo.acvts.nist.gov
16419,qa.nist.gov
16446,static.nvd.nist.gov
16476,vpn.nccoe.nist.gov
16493,connect.nitrd.gov
16495,email.nitrd.gov
16504,autodiscover.nlrb.gov
16507,dialin.nlrb.gov
16511,lyncdiscover.nlrb.gov
16512,meet.nlrb.gov
16520,webmail.nlrb.gov
16525,mail.nmsc.gov
16527,dev.nnlm.gov
16532,staff.nnlm.gov
16538,access.afsc.noaa.gov
16539,access.co-ops.nos.noaa.gov
16540,access.pmel.noaa.gov
16546,adfs.nmfs.noaa.gov
16547,admin.coastalscience.noaa.gov
16548,admin.hmspermits.noaa.gov
16621,cdn.coastalscience.noaa.gov
16622,cdn.ioos.noaa.gov
16623,cdn.star.nesdis.noaa.gov
16790,extranet.gfdl.noaa.gov
16791,extranet.nesdis.noaa.gov
16792,extranet.nmfs.noaa.gov
16944,intranet.nesdis.noaa.gov
16945,intranet.nssl.noaa.gov
16946,intranet.orr.noaa.gov
17163,origin.cpc.ncep.noaa.gov
17164,origin.ftp.ncep.noaa.gov
17165,origin.nowcoast.ncep.noaa.gov
17166,origin.wpc.ncep.noaa.gov
17167,origin.www.nhc.noaa.gov
17176,owa.iso.noaa.gov
17221,prod.cmist.noaa.gov
17222,prod.opendap.co-ops.nos.noaa.gov
17228,qa.coast.noaa.gov
17243,remote.nws.noaa.gov
17284,secure.cao.noaa.gov
17285,secure.cio.noaa.gov
17286,secure.pps.noaa.gov
17287,secure.seco.noaa.gov
17288,secure.wfm.noaa.gov
17289,secure.woc.noaa.gov
17299,sharepoint.iso.noaa.gov
17327,sslvpn.rdhpcs.noaa.gov
17335,sso.cbsapp.rdc.noaa.gov
17336,sso.cbsdr.rdc.noaa.gov
17337,sso.noaa.gov
17341,staging.nesdis.noaa.gov
17353,svn.pydro.noaa.gov
17368,test.ago.woc.noaa.gov
17369,test.goes.woc.noaa.gov
17370,test.hq.woc.noaa.gov
17371,test.icoads.woc.noaa.gov
17372,test.international.woc.noaa.gov
17373,test.jpss.woc.noaa.gov
17374,test.labtrain.woc.noaa.gov
17375,test.nepa.woc.noaa.gov
17376,test.nodc.noaa.gov
17377,test.ospo.woc.noaa.gov
17378,test.satelliteconferences.woc.noaa.gov
17379,test.spc.woc.noaa.gov
17380,test.ssd.woc.noaa.gov
17381,test.woc.noaa.gov
17423,vpn.aoml.noaa.gov
17424,vpn.crh.noaa.gov
17425,vpn.ncdc.noaa.gov
17426,vpn.ncei.noaa.gov
17427,vpn.swpc.noaa.gov
17428,vpn.wrh.noaa.gov
17480,www1.ncdc.noaa.gov
17487,cms.nps.gov
17529,secure.nps.gov
17555,access.nrc.gov
17559,autodiscover.nrc.gov
17573,lyncdiscover.nrc.gov
17592,cms.nrd.gov
17595,adfs.nrel.gov
17599,autodiscover.nrel.gov
17629,lyncdiscover.nrel.gov
17630,mail.nrel.gov
17653,adfs.nrelhub.gov
17670,email.nsep.gov
17672,access.nsf.gov
17673,access.sr.nsf.gov
17676,adfs.nsf.gov
17678,autodiscover.nsf.gov
17683,demo.nsf.gov
17694,meet.nsf.gov
17709,remote.nsf.gov
17715,vdi.nsf.gov
17864,sts.ntsb.gov
17929,autodiscover.nwtrb.gov
17956,www2.occ.gov
17965,adfs.ofda.gov
17980,access.oge.gov
17983,www2.oge.gov
18017,stage.bjatta.bja.ojp.gov
18039,uat.bja.ojp.gov
18040,uat.nij.ojp.gov
18041,uat.ojjdp.ojp.gov
18042,uat.ojp.gov
18043,uat.ovc.ojp.gov
18044,uat.stopelderfraud.ovc.ojp.gov
18045,uat.vehiclehistory.bja.ojp.gov
18050,autodiscover.omb.gov
18058,owa.omb.gov
18061,autodiscover.onhir.gov
18071,sso.onrr.gov
18079,mail.opensource.gov
18083,static.opensource.gov
18093,autodiscover.opm.gov
18129,mail.opm.gov
18133,piv.opm.gov
18138,remote.opm.gov
18158,test.opm.gov
18159,test.sfs.opm.gov
18161,uat.opm.gov
18351,lyncdiscover.ornl.gov
18427,qa.cnms.ornl.gov
18428,qa.csmb.ornl.gov
18429,qa.esd.ornl.gov
18430,qa.nerp.ornl.gov
18431,qa.visac.ornl.gov
18530,autodiscover.osc.gov
18531,dialin.osc.gov
18534,lyncdiscover.osc.gov
18535,meet.osc.gov
18545,sts.osdls.gov
18546,sts.test.osdls.gov
18547,test.osdls.gov
18550,edit.osha.gov
18551,edit.staging.osha.gov
18552,extranet.osha.gov
18556,preview.osha.gov
18558,staging.osha.gov
18559,autodiscover.oshrc.gov
18561,remote.oshrc.gov
18562,sts.oshrc.gov
18563,adfs.mcia.osis.gov
18564,mail.mcia.osis.gov
18582,autodiscover.osti.gov
18586,remote.osti.gov
18588,staging.osti.gov
18597,uat.ovc.gov
18602,autodiscover.pandemicflu.gov
18607,qa.pay.gov
18608,qa.tcs.pay.gov
18611,adfs.pbgc.gov
18612,autodiscover.pbgc.gov
18625,remote.pbgc.gov
18629,vpn.pbgc.gov
18638,assets-staging.peacecorps.gov
18639,assets.peacecorps.gov
18657,dialin.peacecorps.gov
18685,intranet.peacecorps.gov
18704,lyncdiscover.peacecorps.gov
18713,meet.peacecorps.gov
18733,owa.peacecorps.gov
18751,remote.peacecorps.gov
18789,cms.permits.performance.gov
18795,staging.performance.gov
18797,demo.pic.gov
18821,demo.plainlanguage.gov
18965,remote.pnl.gov
18982,svn.pnl.gov
18996,webmail.pnl.gov
19002,adfs.pnnl.gov
19146,lyncdiscover.pnnl.gov
19149,mail.pnnl.gov
19208,remote.pnnl.gov
19255,webmail.pnnl.gov
19264,origin.www.poolsafely.gov
19271,access.pppl.gov
19301,mail.pppl.gov
19329,vpn.pppl.gov
19334,ssl.prc.gov
19341,autodiscover.presidiotrust.gov
19356,autodiscover.list.psc.gov
19357,autodiscover.psc.gov
19358,autodiscover.rmrc.psc.gov
19399,smtp.scms.psc.gov
19416,vpn.pscr.gov
19424,static.pubmed.gov
19428,autodiscover.rcfl.gov
19430,mail.rcfl.gov
19433,smtp.rcfl.gov
19436,edit.ready.gov
19437,edit.staging.ready.gov
19438,edit.testint.ready.gov
19443,staging.ready.gov
19450,origin.www.recalls.gov
19453,autodiscover.recoverymonth.gov
19457,cdn.beta.recreation.gov
19458,cdn.recreation.gov
19474,staging.regulations.gov
19478,test.regulations.gov
19488,demo.research.gov
19505,stage.restorethegulf.gov
19506,vpn.restorethegulf.gov
19508,autodiscover.rl.gov
19513,sso.rl.gov
19521,uat.rocis.gov
19526,secure.rrb.gov
19555,autodiscover.samhsa.gov
19633,cdn.sandia.gov
19644,collaborate.sandia.gov
19648,connect.sandia.gov
19765,mail.ca.sandia.gov
19766,mail.sandia.gov
19830,prod.sandia.gov
19890,sharepoint.sandia.gov
19896,smtp.sandia.gov
19911,sso.sandia.gov
19924,testing.sandia.gov
19939,webmail.ca.sandia.gov
19940,webmail.sandia.gov
19968,connect.sba.gov
19991,staging.sba.gov
19992,stg.certify.sba.gov
19993,sts.sba.gov
19999,edit.schoolsafety.gov
20001,dev.scidac.gov
20023,adfs.sec.gov
20036,mdm.sec.gov
20077,demo.sftool.gov
20085,sharepoint.siteidiq.gov
20162,secure.ssa.gov
20168,vdi.ssa.gov
20187,admin.eca.dev.state.gov
20188,admin.eca.state.gov
20189,admin.eca.test.state.gov
20210,autodiscover.state.gov
20236,cms.history.state.gov
20245,dev.cadataapi.state.gov
20246,dev.cadatacatalog.state.gov
20247,dev.diplomacy.state.gov
20248,dev.j1visa.state.gov
20249,dev.st.state.gov
20250,dev.state.gov
20265,edit.state.gov
20321,lyncdiscover.state.gov
20384,staging.j1visa.state.gov
20387,static.history.state.gov
20397,test.j1visa.state.gov
20409,vpn.ginl.state.gov
20424,vpn.stateoig.gov
20425,prod.stb.gov
20437,static.studentloans.gov
20461,access.trade.gov
20464,adfs.trade.gov
20466,autodiscover.trade.gov
20478,preview.trade.gov
20486,vpn.trade.gov
20495,autodiscover.ofr.treas.gov
20507,dialin.occ.treas.gov
20531,lyncdiscover.occ.treas.gov
20532,meet.occ.treas.gov
20555,qa.cashtrack.fms.treas.gov
20556,qa.gwa.fms.treas.gov
20557,qa.ipp.fms.treas.gov
20558,qa.pkilogin1.fms.treas.gov
20559,qa.sam.fms.treas.gov
20560,qa.ssologin1.fms.treas.gov
20597,www2.ipac.fms.treas.gov
20598,www2.occ.treas.gov
20599,qa.treaslockbox.gov
20607,adfs.treasury.gov
20612,autodiscover.ofr.treasury.gov
20623,dev.tei.treasury.gov
20624,dev.treasury.gov
20651,e-login.treasury.gov
20652,edit.tei.treasury.gov
20653,edit.treasury.gov
20691,piv.services.treasury.gov
20692,piv.treasury.gov
20702,qa.bms.fiscal.treasury.gov
20703,qa.cir.fiscal.treasury.gov
20704,qa.igt.fiscal.treasury.gov
20705,qa.navycash.fiscal.treasury.gov
20706,qa.reporting.fiscal.treasury.gov
20707,qa.ssologin1.fiscal.treasury.gov
20723,sso.careerconnector.treasury.gov
20724,sso.fiscal.treasury.gov
20725,sso.treasury.gov
20730,stg.tei.treasury.gov
20731,stg.treasury.gov
20734,test.crs.treasury.gov
20748,uat.treasury.gov
20754,www2.bms.fiscal.treasury.gov
20755,www2.cir.fiscal.treasury.gov
20756,www2.igt.fiscal.treasury.gov
20807,edit.staging.tsa.gov
20808,edit.testing.tsa.gov
20809,edit.tsa.gov
20811,preview.mobile.tsa.gov
20812,preview.tsa.gov
20814,staging.tsa.gov
20815,testing.tsa.gov
20826,vpn.tsp.gov
20850,test.ttbonline.gov
20852,adfs.tva.gov
20902,autodiscover.udall.gov
20907,owa.udall.gov
20911,sts.udall.gov
20914,vpn.udall.gov
20916,webmail.aj.ugov.gov
20917,webmail.ugov.gov
20925,edit.niccs.us-cert.gov
20926,edit.nics.us-cert.gov
20927,edit.qa.us-cert.gov
20928,edit.staging.niccs.us-cert.gov
20929,edit.test.us-cert.gov
20930,edit.testint.niccs.us-cert.gov
20931,edit.us-cert.gov
20934,mail.malware.us-cert.gov
20942,preview.niccs.us-cert.gov
20943,preview.us-cert.gov
20945,qa.us-cert.gov
20947,staging.niccs.us-cert.gov
20948,test.us-cert.gov
20963,connect.usa.gov
20991,autodiscover.usability.gov
20995,autodiscover.usadf.gov
21026,adfs.usaid.gov
21143,sso.usaid.gov
21166,vdi.usaid.gov
21167,vpn.usaid.gov
21207,cms.usajobs.gov
21284,mail.usajobs.gov
21417,test.usajobs.gov
21421,uat.usajobs.gov
21440,webadmin.drtest.usajobs.gov
21441,webadmin.pebblebeach.usajobs.gov
21442,webadmin.test.usajobs.gov
21443,webadmin.uat.usajobs.gov
21447,www2.usajobs.gov
21478,dev.usaspending.gov
21496,connect.stage.usastaffing.gov
21497,connect.usastaffing.gov
21510,stage.usastaffing.gov
21513,autodiscover.usbr.gov
21517,secure.usbr.gov
21539,webmail.uscirf.gov
21555,edit.beta-staging.uscis.gov
21556,edit.beta-testint.uscis.gov
21557,edit.staging.uscis.gov
21558,edit.testint.uscis.gov
21559,edit.uscis.gov
21576,preview.uscis.gov
21581,stage.e-verify.uscis.gov
21582,stage.n-e-verify.uscis.gov
21583,stage.save.uscis.gov
21584,stage.verification.uscis.gov
21585,staging.myeverify.uscis.gov
21586,staging.selfcheck.uscis.gov
21587,staging.uscis.gov
21604,adfs.arsnet.usda.gov
21669,autodiscover.usda.gov
21709,collaboration.usda.gov
21731,dev.aglearn.usda.gov
21732,dev.my.rd.usda.gov
22038,origin.www.usda.gov
22065,piv.cert.eauth.usda.gov
22066,piv.eauth.usda.gov
22090,prod.ams.usda.gov
22091,prod.nrcs.usda.gov
22092,prod.platform.usda.gov
22129,remote.ars.usda.gov
22130,remote.nass.usda.gov
22158,secure.rd.usda.gov
22190,staging.aglearn.usda.gov
22213,test.ams.usda.gov
22214,test.nifa.usda.gov
22215,test.reeis.usda.gov
22274,webapp.rma.usda.gov
22301,www2.nfc.usda.gov
22309,access-s1.usdoj.gov
22324,dialin.usdoj.gov
22333,lyncdiscover.usdoj.gov
22335,mdm.tax.usdoj.gov
22336,meet.usdoj.gov
22350,piv.tax.usdoj.gov
22357,telework.ojp.usdoj.gov
22359,uat.operationladyjustice.usdoj.gov
22361,www0.cops.usdoj.gov
22500,dev.usembassy.gov
22516,edit.usembassy.gov
22806,qa.edit.usembassy.gov
22807,qa.pre.usembassy.gov
22808,qa.usembassy.gov
22973,download.usgcrp.gov
22983,access.er.usgs.gov
22984,access.usgs.gov
23226,internal.aquatic.biodata.usgs.gov
23400,origin.cloud.usgs.gov
23486,staging.waterdata.usgs.gov
23487,staging.waterservices.usgs.gov
23496,test.natweb.usgs.gov
23497,test.wim.usgs.gov
23583,www1.usgs.gov
23584,www2.usgs.gov
23605,autodiscover.usich.gov
23606,dev.usich.gov
23610,autodiscover.usip.gov
23612,autodiscover.usitc.gov
23623,sts.usitc.gov
23625,mdm.usmarshals.gov
23639,preview.catalog.usmint.gov
23756,autodiscover.uspsoig.gov
23757,collaboration.uspsoig.gov
23760,lyncdiscover.uspsoig.gov
23762,sso.uspsoig.gov
23765,vdi.uspsoig.gov
23766,vpn.uspsoig.gov
23786,cdn.uspto.gov
23795,dialin.etc.uspto.gov
23872,sts.etc.uspto.gov
23873,sts.uspto.gov
23912,webmail.uspto.gov
23924,mail.ustda.gov
23931,access.va.gov
23935,adfs.edeazclabs.va.gov
23954,autodiscover.va.gov
23994,cdn.eo.va.gov
24054,dev.adfs.federation.va.gov
24055,dev.mvp-reef.va.gov
24056,dev.va.gov
24059,dialin.rtc.va.gov
24155,lyncdiscover.va.gov
24165,mdm.va.gov
24169,meet.rtc.va.gov
24300,prod.adfs.federation.va.gov
24316,remote.edeazclabs.va.gov
24370,stage.tms.va.gov
24374,staging.va.gov
24387,test.aide.oit.va.gov
24473,dev.vcf.gov
24474,prod.vcf.gov
24476,stg.vcf.gov
24482,dev.vets.gov
24484,staging.vets.gov
24486,staging.vistacampus.gov
24495,staging.vote.gov
24509,mail.wapa.gov
24513,sso.wapa.gov
24554,preview.weather.gov
24560,secure.training.weather.gov
24579,autodiscover.whaging.gov
24581,edit.whistleblowers.gov
24582,staging.whistleblowers.gov
24591,email.whitehouse.gov
24628,sso.workplace.gov
348,admin.accountcreation.cftc.gov
349,admin.ahrq.gov
350,admin.bja.ojp.gov
355,admin.myhealth.va.gov
776,assets-quick.otda.ny.gov
777,assets.usgs.gov
1584,cms.aviation.dot.gov
1587,cms.buildamerica.dot.gov
1588,cms.csrc.nist.gov
1589,cms.csrc.test-e1c.nist.gov
1590,cms.disa.mil
1591,cms.doe.gov
1592,cms.dot.gov
1593,cms.faa.gov
1595,cms.fhwa.dot.gov
1596,cms.fmcsa.dot.gov
1597,cms.fs.usda.gov
1598,cms.fta.dot.gov
1601,cms.health.mil
1603,cms.nasa.gov
1604,cms.nhtsa.dot.gov
1605,cms.nids.noaa.gov
1608,cms.phmsa.dot.gov
1609,cms.tricare.mil
1610,cms.tsm.nhtsa.dot.gov
1611,cms.tst.ginniemae.gov
1613,cms.usgs.gov
1614,cms.volpe.dot.gov
2114,demo.adlnet.gov
2116,demo.idmanagement.gov
2119,demo.simplereport.gov
2120,demo.tmf.cio.gov
2121,demo.touchpoints.digital.gov
2160,dev.access.co-ops.nos.noaa.gov
2161,dev.admin.coastalscience.noaa.gov
2162,dev.aff.gov
2163,dev.americanspaces.state.gov
2164,dev.americorps.gov
2165,dev.apprenticeship.gov
2166,dev.aspe.hhs.gov
2167,dev.atf.gov
2169,dev.bep.gov
2170,dev.bjatta.bja.ojp.gov
2171,dev.blog.dol.gov
2172,dev.bulkorder.ftc.gov
2173,dev.cdfifund.gov
2174,dev.cedar.opm.gov
2175,dev.cem.vaec.va.gov
2176,dev.cmist.noaa.gov
2177,dev.cms.doe.gov
2178,dev.coast.noaa.gov
2179,dev.coastalscience.noaa.gov
2180,dev.commuter.ors.od.nih.gov
2181,dev.consumer.ftc.gov
2182,dev.coralreef.noaa.gov
2183,dev.d9.justice.gov
2184,dev.ebilling.nrc-gateway.gov
2187,dev.efile.dol.gov
2188,dev.emsl.pnl.gov
2189,dev.fai.gov
2190,dev.fas.usda.gov
2191,dev.fincen.aws.hqfincen.gov
2192,dev.fiscaldata.treasury.gov
2193,dev.flag.dol.gov
2194,dev.ftc.gov
2195,dev.gesdisc.eosdis.nasa.gov
2196,dev.globe.gov
2197,dev.grants.gov
2199,dev.intranet.co-ops.nos.noaa.gov
2200,dev.ioos.noaa.gov
2203,dev.maps.coastalscience.noaa.gov
2204,dev.marketplace.va.gov
2205,dev.medicalbillrights.gov
2206,dev.militaryconsumer.gov
2207,dev.nac-mvp.archives.gov
2208,dev.ncua.gov
2209,dev.next.benefits.gov
2210,dev.niaaa.nih.gov
2211,dev.niehs.nih.gov
2213,dev.nrs.ed.gov
2214,dev.nsf.gov
2215,dev.oig.treasury.gov
2216,dev.opendap.co-ops.nos.noaa.gov
2217,dev.opm.gov
2218,dev.osti.gov
2219,dev.products.coastalscience.noaa.gov
2220,dev.regulations.gov
2221,dev.restoreactscienceprogram.noaa.gov
2222,dev.simplereport.gov
2223,dev.sites.ed.gov
2224,dev.tidesandcurrents.noaa.gov
2225,dev.usajobs.gov
2227,dev.waterservices.usgs.gov
2228,dev.wrh.noaa.gov
2229,dev.wrk.fs.usda.gov
2230,dev.wrp.gov
2231,dev.www.ed.gov
2649,edit.apprenticeship.gov
2650,edit.armymwr.com
2651,edit.armytenmiler.com
2653,edit.bep.gov
2658,edit.cdfifund.gov
2662,edit.d9.justice.gov
2663,edit.data.healthcare.gov
2664,edit.data.medicaid.gov
2675,edit.insurekidsnow.gov
2677,edit.makinghomeaffordable.gov
2678,edit.manufacturing.gov
2681,edit.mymoney.gov
2684,edit.oig.treasury.gov
2685,edit.openpaymentsdata.cms.gov
2689,edit.secretservice.gov
2690,edit.sigpr.gov
2707,edit.tfm.fiscal.treasury.gov
2708,edit.tfx.treasury.gov
2713,edit.uscourts.gov
4080,internal.ncifcrf.gov
4081,internal.sewp.nasa.gov
4108,intranet.cerc.cr.usgs.gov
4109,intranet.co-ops.nos.noaa.gov
4110,intranet.epa.gov
4111,intranet.ncbi.nlm.nih.gov
4113,intranet.pmel.noaa.gov
4114,intranet.usbr.gov
5744,origin.fai.gov
5745,origin.oceanexplorer.noaa.gov
5746,origin.vaccines.gov
5747,origin.vacunas.gov
5749,origin.www-aws.fda.gov
6109,preview.catalog.archives.gov
6110,preview.climate.gov
6112,preview.nac-mvp.archives.gov
6116,preview.ucms.test.intel.gov
6118,preview.www2.ed.gov
6147,prod.justice.gov
6151,prod.osac.gov
6152,prod.store.chs.usgs.gov
6153,prod.tidesandcurrents.noaa.gov
6300,qa.archives.gov
6301,qa.beta-nsf.aws-dev.nsf.gov
6302,qa.civics.archives.gov
6303,qa.clinicaltrials.gov
6304,qa.clintonlibrary.gov
6305,qa.cmsd9.chs.usgs.gov
6307,qa.coralreef.gov
6308,qa.coralreef.noaa.gov
6309,qa.eisenhowerlibrary.gov
6310,qa.emsl.pnnl.gov
6311,qa.fai.gov
6313,qa.idmanagement.gov
6315,qa.medlineplus.gov
6317,qa.trumanlibrary.gov
6831,secure.defensetravel.dod.mil
6835,secure.tsp.gov
7118,sso.dev.econ.census.gov
7142,stage.arcr.niaaa.nih.gov
7144,stage.blog.ed.gov
7145,stage.cloud.nih.gov
7146,stage.cms.doe.gov
7147,stage.econ.census.gov
7148,stage.energy.gov
7151,stage.madeinamerica.gov
7152,stage.mpw.mcc.gov
7153,stage.niaaa.nih.gov
7154,stage.sites.ed.gov
7155,stage.sustainability.gov
7156,stage.webdev.ofr.treas.gov
7157,stage.webtest.ofr.treas.gov
7158,stage.www.ed.gov
7203,staging.admin.coastalscience.noaa.gov
7204,staging.americorps.gov
7205,staging.apprenticeship.gov
7206,staging.benefits.gov
7208,staging.bulkorder.ftc.gov
7209,staging.cafc.uscourts.gov
7211,staging.cisa.gov
7212,staging.cmsd9.chs.usgs.gov
7214,staging.consumer.ftc.gov
7215,staging.consumer.gov
7216,staging.consumidor.ftc.gov
7217,staging.consumidor.gov
7219,staging.demo.cfpb.gov
7220,staging.dhs.gov
7222,staging.dmap-prod.aws.epa.gov
7224,staging.efile.dol.gov
7226,staging.fai.gov
7228,staging.flag.dol.gov
7229,staging.ftc.gov
7231,staging.gomo.army.mil
7233,staging.hirevets.gov
7236,staging.maps.coastalscience.noaa.gov
7237,staging.marketplace.va.gov
7238,staging.militaryconsumer.gov
7239,staging.msha.gov
7242,staging.ohrp.cit.nih.gov
7243,staging.pmel.noaa.gov
7244,staging.products.coastalscience.noaa.gov
7247,staging.usaspending.gov
7250,staging.vaccines.gov
7251,staging.vacunas.gov
7299,stg.aff.gov
7300,stg.d9.justice.gov
7301,stg.geoplatform.gov
7303,stg.ocio-jira.acf.hhs.gov
7304,stg.pbgc.gov
7305,stg.simplereport.gov
7516,test.apprenticeship.gov
7517,test.bea.gov
7518,test.benefits.gov
7519,test.blog.dol.gov
7521,test.cameochemicals.noaa.gov
7523,test.census.gov
7524,test.efile.dol.gov
7525,test.emsl.pnl.gov
7527,test.financialaidtoolkit.ed.gov
7528,test.flag.dol.gov
7530,test.hirevets.gov
7533,test.jobcorps.gov
7536,test.nac-mvp.archives.gov
7537,test.ncdc.noaa.gov
7538,test.ncei.noaa.gov
7539,test.nij.ojp.gov
7540,test.nrd.gov
7541,test.nrs.ed.gov
7542,test.nsf.gov
7543,test.oighotlineportal.ed.gov
7544,test.ojp.gov
7545,test.osti.gov
7547,test.seasonaljobs.dol.gov
7548,test.simplereport.gov
7549,test.sites.ed.gov
7550,test.stb.gov
7551,test.streamstats.usgs.gov
7554,test.waterdata.usgs.gov
7555,test.wrp.gov
7815,uat.acl.gov
7817,uat.cdfifund.gov
7818,uat.cedar.opm.gov
7819,uat.cmist.noaa.gov
7820,uat.crimesolutions.ojp.gov
7822,uat.fiscaldata.treasury.gov
7823,uat.htcbc.ovc.ojp.gov
7824,uat.intranet.co-ops.nos.noaa.gov
7825,uat.itdashboard.gov
7826,uat.juvenilecouncil.ojp.gov
7827,uat.nationalgangcenter.ojp.gov
7828,uat.ncirc.bja.ojp.gov
7832,uat.opendap.co-ops.nos.noaa.gov
7835,uat.prosperafrica.gov
7838,uat.smart.ojp.gov
7839,uat.tidesandcurrents.noaa.gov
8375,www2.bop.gov
8387,www2.va.gov
0,test.org
